  [
{
  "model": "finance.kind",
  "pk": "63e7e18a-2882-40dd-9a3e-a918905e26dd",
  "fields": {
    "filial": null,
    "created_at": "2025-04-12T12:14:13.914Z",
    "updated_at": "2025-04-12T12:14:13.914Z",
    "deleted_at": null,
    "action": "EXPENSE",
    "name": "Voucher",
    "color": "#3498DB"
  }
},
{
  "model": "finance.kind",
  "pk": "8088b094-337a-4d39-abb8-346dc2803ff4",
  "fields": {
    "filial": null,
    "created_at": "2025-04-12T12:14:13.961Z",
    "updated_at": "2025-04-12T12:14:13.961Z",
    "deleted_at": null,
    "action": "INCOME",
    "name": "CASHIER_ACCEPTANCE",
    "color": "#E63946"
  }
},
{
  "model": "finance.kind",
  "pk": "8c6462e8-35b2-4da3-85db-f1607c030006",
  "fields": {
    "filial": null,
    "created_at": "2025-04-12T12:14:13.919Z",
    "updated_at": "2025-04-12T12:14:13.919Z",
    "deleted_at": null,
    "action": "EXPENSE",
    "name": "Bonus",
    "color": "#33FF57"
  }
},
{
  "model": "finance.kind",
  "pk": "a4c69d92-5681-4e0a-ac6d-579c985e02ee",
  "fields": {
    "filial": null,
    "created_at": "2025-04-12T12:14:13.948Z",
    "updated_at": "2025-04-12T12:14:13.949Z",
    "deleted_at": null,
    "action": "EXPENSE",
    "name": "Money back",
    "color": "#9B5DE5"
  }
},
{
  "model": "finance.kind",
  "pk": "b158a844-5fea-4d7b-a1d3-b5f3d50fcd94",
  "fields": {
    "filial": null,
    "created_at": "2025-04-12T12:14:13.944Z",
    "updated_at": "2025-04-12T12:14:13.944Z",
    "deleted_at": null,
    "action": "INCOME",
    "name": "Lesson payment",
    "color": "#F4A261"
  }
},
{
  "model": "finance.kind",
  "pk": "d538abb3-77a5-411a-a457-7d72adf239bc",
  "fields": {
    "filial": null,
    "created_at": "2025-04-12T12:14:13.954Z",
    "updated_at": "2025-04-12T12:14:13.954Z",
    "deleted_at": null,
    "action": "EXPENSE",
    "name": "CASHIER_HANDOVER",
    "color": "#00C9A7"
  }
},
{
  "model": "finance.kind",
  "pk": "d6ab3be7-e1b3-460e-b56f-d6382eda1510",
  "fields": {
    "filial": null,
    "created_at": "2025-04-12T12:14:13.937Z",
    "updated_at": "2025-04-12T12:14:13.938Z",
    "deleted_at": null,
    "action": "INCOME",
    "name": "Course payment",
    "color": "#3357FF"
  }
},
{
  "model": "finance.kind",
  "pk": "f32a3565-1444-4171-a19b-bd2f0327125c",
  "fields": {
    "filial": null,
    "created_at": "2025-04-12T12:14:13.907Z",
    "updated_at": "2025-04-12T12:14:13.908Z",
    "deleted_at": null,
    "action": "EXPENSE",
    "name": "Salary",
    "color": "#FF5733"
  }
},
{
  "model": "compensation.asos",
  "pk": "00b724d9-8807-48cc-93a1-9fa5ebb3df7b",
  "fields": {
    "filial": null,
    "created_at": "2025-04-12T12:14:13.780Z",
    "updated_at": "2025-04-12T12:14:13.781Z",
    "deleted_at": null,
    "name": "ASOS_3"
  }
},
{
  "model": "compensation.asos",
  "pk": "0d4a1512-d6af-4c34-8d1b-7d116f4288df",
  "fields": {
    "filial": null,
    "created_at": "2025-04-12T12:14:13.805Z",
    "updated_at": "2025-04-12T12:14:13.805Z",
    "deleted_at": null,
    "name": "ASOS_12"
  }
},
{
  "model": "compensation.asos",
  "pk": "26301f33-d859-4bf9-95b7-873b61203a2b",
  "fields": {
    "filial": null,
    "created_at": "2025-04-12T12:14:13.788Z",
    "updated_at": "2025-04-12T12:14:13.788Z",
    "deleted_at": null,
    "name": "ASOS_7"
  }
},
{
  "model": "compensation.asos",
  "pk": "33ca1b83-3249-42f9-b548-397e0f7c8f84",
  "fields": {
    "filial": null,
    "created_at": "2025-04-12T12:14:13.784Z",
    "updated_at": "2025-04-12T12:14:13.785Z",
    "deleted_at": null,
    "name": "ASOS_5"
  }
},
{
  "model": "compensation.asos",
  "pk": "47b5d545-f54e-4279-8076-c571b94ee6b0",
  "fields": {
    "filial": null,
    "created_at": "2025-04-12T12:14:13.806Z",
    "updated_at": "2025-04-12T12:14:13.807Z",
    "deleted_at": null,
    "name": "ASOS_13"
  }
},
{
  "model": "compensation.asos",
  "pk": "49b9bcb8-b8a5-45e7-9581-adb4f7cc2b22",
  "fields": {
    "filial": null,
    "created_at": "2025-04-12T12:14:13.775Z",
    "updated_at": "2025-04-12T12:14:13.775Z",
    "deleted_at": null,
    "name": "ASOS_1"
  }
},
{
  "model": "compensation.asos",
  "pk": "758fb7af-1b3f-4aed-8cb9-f44ba21df0cf",
  "fields": {
    "filial": null,
    "created_at": "2025-04-12T12:14:13.792Z",
    "updated_at": "2025-04-12T12:14:13.792Z",
    "deleted_at": null,
    "name": "ASOS_9"
  }
},
{
  "model": "compensation.asos",
  "pk": "81c28e17-9e07-404c-8576-51f6769d9c00",
  "fields": {
    "filial": null,
    "created_at": "2025-04-12T12:14:13.803Z",
    "updated_at": "2025-04-12T12:14:13.803Z",
    "deleted_at": null,
    "name": "ASOS_11"
  }
},
{
  "model": "compensation.asos",
  "pk": "94845dff-cc08-4be6-9067-36b4f55b9a6f",
  "fields": {
    "filial": null,
    "created_at": "2025-04-12T12:14:13.782Z",
    "updated_at": "2025-04-12T12:14:13.783Z",
    "deleted_at": null,
    "name": "ASOS_4"
  }
},
{
  "model": "compensation.asos",
  "pk": "b3c2ced8-46b8-4411-b4f8-74c45700c666",
  "fields": {
    "filial": null,
    "created_at": "2025-04-12T12:14:13.778Z",
    "updated_at": "2025-04-12T12:14:13.778Z",
    "deleted_at": null,
    "name": "ASOS_2"
  }
},
{
  "model": "compensation.asos",
  "pk": "c197931d-4db6-437e-8dbb-f4249dc615ab",
  "fields": {
    "filial": null,
    "created_at": "2025-04-12T12:14:13.800Z",
    "updated_at": "2025-04-12T12:14:13.800Z",
    "deleted_at": null,
    "name": "ASOS_10"
  }
},
{
  "model": "compensation.asos",
  "pk": "d3537111-fc2b-485d-bdc0-554eca5761fa",
  "fields": {
    "filial": null,
    "created_at": "2025-04-12T12:14:13.790Z",
    "updated_at": "2025-04-12T12:14:13.790Z",
    "deleted_at": null,
    "name": "ASOS_8"
  }
},
{
  "model": "compensation.asos",
  "pk": "d5c4fab3-fa21-4d2e-b201-1710829b8446",
  "fields": {
    "filial": null,
    "created_at": "2025-04-12T12:14:13.786Z",
    "updated_at": "2025-04-12T12:14:13.786Z",
    "deleted_at": null,
    "name": "ASOS_6"
  }
},
{
  "model": "compensation.asos",
  "pk": "fa409c70-403e-44a2-ae76-1b76c60ebe3b",
  "fields": {
    "filial": null,
    "created_at": "2025-04-12T12:14:13.808Z",
    "updated_at": "2025-04-12T12:14:13.809Z",
    "deleted_at": null,
    "name": "ASOS_14"
  }
},
{
  "model": "groups.room",
  "pk": "1a76d209-709c-4625-8216-d0dbcd479659",
  "fields": {
    "filial": 1,
    "created_at": "2025-04-22T11:51:19.469Z",
    "updated_at": "2025-04-22T11:51:19.469Z",
    "deleted_at": null,
    "room_number": "TSINGHUA",
    "room_filling": 12.0
  }
},
{
  "model": "groups.room",
  "pk": "1cc2acde-f71e-4ee1-b1a6-f8c2851b11d9",
  "fields": {
    "filial": 1,
    "created_at": "2025-04-22T11:50:13.752Z",
    "updated_at": "2025-04-22T11:50:13.752Z",
    "deleted_at": null,
    "room_number": "HARVARD",
    "room_filling": 18.0
  }
},
{
  "model": "groups.room",
  "pk": "3a40ecf9-cd72-455c-8ee5-ecc8b35c6e1f",
  "fields": {
    "filial": 1,
    "created_at": "2025-04-22T11:50:20.811Z",
    "updated_at": "2025-04-22T11:50:20.811Z",
    "deleted_at": null,
    "room_number": "LOMONOSOV",
    "room_filling": 12.0
  }
},
{
  "model": "groups.room",
  "pk": "6ea808e2-9e2c-41f9-9db9-502757ee6345",
  "fields": {
    "filial": 1,
    "created_at": "2025-04-22T11:50:52.803Z",
    "updated_at": "2025-04-22T11:50:52.803Z",
    "deleted_at": null,
    "room_number": "AL-AZHAR",
    "room_filling": 10.0
  }
},
{
  "model": "groups.room",
  "pk": "6f720311-9245-4ff9-9395-7a1cb3578866",
  "fields": {
    "filial": 1,
    "created_at": "2025-04-22T11:51:34.328Z",
    "updated_at": "2025-04-22T11:51:34.328Z",
    "deleted_at": null,
    "room_number": "COWORKING ZONE",
    "room_filling": 32.0
  }
},
{
  "model": "groups.room",
  "pk": "70340c4a-b552-49e2-bada-bc3649f557de",
  "fields": {
    "filial": 1,
    "created_at": "2025-04-22T11:50:43.797Z",
    "updated_at": "2025-04-22T11:50:43.798Z",
    "deleted_at": null,
    "room_number": "STANFORD",
    "room_filling": 14.0
  }
},
{
  "model": "groups.room",
  "pk": "73cb011f-d928-451e-b1eb-98290b11a69f",
  "fields": {
    "filial": 1,
    "created_at": "2025-04-22T11:50:36.133Z",
    "updated_at": "2025-04-22T11:50:36.134Z",
    "deleted_at": null,
    "room_number": "WASHINGTON",
    "room_filling": 12.0
  }
},
{
  "model": "groups.room",
  "pk": "79527e26-5c2b-454c-af93-6b20b26263ad",
  "fields": {
    "filial": 1,
    "created_at": "2025-04-22T11:50:29.154Z",
    "updated_at": "2025-04-22T11:50:29.155Z",
    "deleted_at": null,
    "room_number": "SEOUL",
    "room_filling": 12.0
  }
},
{
  "model": "groups.room",
  "pk": "a1775e31-4208-4f95-aa3b-36ff95642d2c",
  "fields": {
    "filial": 1,
    "created_at": "2025-04-22T11:51:27.383Z",
    "updated_at": "2025-04-22T11:51:27.384Z",
    "deleted_at": null,
    "room_number": "O`ZBEKISTON MILLIY UNIVERSITETI",
    "room_filling": 14.0
  }
},
{
  "model": "groups.room",
  "pk": "b1f73ebb-662d-462a-b9c0-16179dc657f5",
  "fields": {
    "filial": 1,
    "created_at": "2025-04-22T11:51:05.200Z",
    "updated_at": "2025-04-22T11:51:05.201Z",
    "deleted_at": null,
    "room_number": "MIT",
    "room_filling": 12.0
  }
},
{
  "model": "groups.room",
  "pk": "eb132712-0089-443a-bfd2-64d16ef0cf77",
  "fields": {
    "filial": 1,
    "created_at": "2025-04-22T11:51:11.959Z",
    "updated_at": "2025-04-22T11:51:11.960Z",
    "deleted_at": null,
    "room_number": "OXFORD",
    "room_filling": 12.0
  }
},
{
  "model": "groups.day",
  "pk": "133195de-b1b1-4ffe-a92d-8d421a70b288",
  "fields": {
    "filial": null,
    "created_at": "2025-04-12T12:14:13.885Z",
    "updated_at": "2025-04-12T12:14:13.885Z",
    "deleted_at": null,
    "name": "Shanba"
  }
},
{
  "model": "groups.day",
  "pk": "349d9370-d88f-40d2-9ec4-a103873da563",
  "fields": {
    "filial": null,
    "created_at": "2025-04-12T12:14:13.895Z",
    "updated_at": "2025-04-12T12:14:13.896Z",
    "deleted_at": null,
    "name": "Chorshanba"
  }
},
{
  "model": "groups.day",
  "pk": "480d47e1-2ada-499a-b527-46d2a1104f05",
  "fields": {
    "filial": null,
    "created_at": "2025-04-12T12:14:13.891Z",
    "updated_at": "2025-04-12T12:14:13.891Z",
    "deleted_at": null,
    "name": "Juma"
  }
},
{
  "model": "groups.day",
  "pk": "6d71fbcc-79a8-4eaf-92ae-06f0c9049402",
  "fields": {
    "filial": null,
    "created_at": "2025-04-12T12:14:13.881Z",
    "updated_at": "2025-04-12T12:14:13.882Z",
    "deleted_at": null,
    "name": "Yakshanba"
  }
},
{
  "model": "groups.day",
  "pk": "b6e2e0f4-e643-47a6-9fc3-6f04dc694f4f",
  "fields": {
    "filial": null,
    "created_at": "2025-04-12T12:14:13.900Z",
    "updated_at": "2025-04-12T12:14:13.900Z",
    "deleted_at": null,
    "name": "Dushanba"
  }
},
{
  "model": "groups.day",
  "pk": "e1e098f4-6f0a-47b9-ac8c-29e5aba7f6ae",
  "fields": {
    "filial": null,
    "created_at": "2025-04-12T12:14:13.893Z",
    "updated_at": "2025-04-12T12:14:13.893Z",
    "deleted_at": null,
    "name": "Payshanba"
  }
},
{
  "model": "groups.day",
  "pk": "edb44089-b569-4103-80c7-b89e2f074b00",
  "fields": {
    "filial": null,
    "created_at": "2025-04-12T12:14:13.898Z",
    "updated_at": "2025-04-12T12:14:13.898Z",
    "deleted_at": null,
    "name": "Seshanba"
  }
},
{
  "model": "studentgroup.studentgroup",
  "pk": "060754ae-7eba-45ec-9299-4e2ad087c848",
  "fields": {
    "filial": null,
    "created_at": "2025-04-22T15:12:43.339Z",
    "updated_at": "2025-04-22T15:12:43.339Z",
    "deleted_at": null,
    "group": "4b95b374-64ac-4780-8903-6c27a96f2fd0",
    "student": null,
    "lid": "d6d6ad01-c81f-4af0-9420-480de2e6cc21"
  }
},
{
  "model": "studentgroup.studentgroup",
  "pk": "2196f1f3-9518-4702-849c-b54d2e80c95a",
  "fields": {
    "filial": null,
    "created_at": "2025-04-22T15:08:42.237Z",
    "updated_at": "2025-04-22T15:08:42.237Z",
    "deleted_at": null,
    "group": "b00d4949-14d5-41a3-b800-64ba7c60f613",
    "student": null,
    "lid": "5e1cc0ab-71a9-4ac9-9f93-1a6eefad8e54"
  }
},
{
  "model": "studentgroup.studentgroup",
  "pk": "239565ea-ee69-4adf-9d83-541893944dae",
  "fields": {
    "filial": null,
    "created_at": "2025-04-22T14:54:03.069Z",
    "updated_at": "2025-04-22T14:54:03.070Z",
    "deleted_at": null,
    "group": "b63cbf33-e0d5-4641-b7a6-caa09262ca35",
    "student": null,
    "lid": "3c671aa8-ec9f-4afb-a616-e7a8eca5da96"
  }
},
{
  "model": "studentgroup.studentgroup",
  "pk": "2705c57c-ba15-4dcc-8a81-222e6c19e990",
  "fields": {
    "filial": null,
    "created_at": "2025-04-22T15:08:30.263Z",
    "updated_at": "2025-04-22T15:08:30.263Z",
    "deleted_at": null,
    "group": "b00d4949-14d5-41a3-b800-64ba7c60f613",
    "student": null,
    "lid": "1e8176d6-9df9-4fa7-8c77-cf4d86abacbc"
  }
},
{
  "model": "studentgroup.studentgroup",
  "pk": "296cbbfd-6492-4a36-bb31-47e8837d16da",
  "fields": {
    "filial": null,
    "created_at": "2025-04-22T14:53:28.735Z",
    "updated_at": "2025-04-22T14:53:28.735Z",
    "deleted_at": null,
    "group": "b63cbf33-e0d5-4641-b7a6-caa09262ca35",
    "student": null,
    "lid": "939436ab-14b3-47fc-a18d-9e02a124a421"
  }
},
{
  "model": "studentgroup.studentgroup",
  "pk": "3f01d4ca-b11a-48f3-8f46-6cf9100e0bd8",
  "fields": {
    "filial": null,
    "created_at": "2025-04-22T15:08:01.326Z",
    "updated_at": "2025-04-22T15:08:01.326Z",
    "deleted_at": null,
    "group": "b00d4949-14d5-41a3-b800-64ba7c60f613",
    "student": null,
    "lid": "73caa115-b212-4f4e-8496-1f7ac9e791ba"
  }
},
{
  "model": "studentgroup.studentgroup",
  "pk": "56cd20d8-3ed8-41a4-9d5e-74c001da82d0",
  "fields": {
    "filial": null,
    "created_at": "2025-04-22T14:53:39.945Z",
    "updated_at": "2025-04-22T14:53:39.945Z",
    "deleted_at": null,
    "group": "b63cbf33-e0d5-4641-b7a6-caa09262ca35",
    "student": null,
    "lid": "9002a218-93f9-4bdd-833c-b9d06bc04402"
  }
},
{
  "model": "studentgroup.studentgroup",
  "pk": "57678793-9c49-4840-b105-9dc0fea7da8c",
  "fields": {
    "filial": null,
    "created_at": "2025-04-22T15:00:01.594Z",
    "updated_at": "2025-04-22T15:00:01.595Z",
    "deleted_at": null,
    "group": "a0a5e2bf-0c3d-48c5-8931-876e7b26507d",
    "student": null,
    "lid": "efeed4b9-e50a-48d3-bbbc-aa083b9f64c9"
  }
},
{
  "model": "studentgroup.studentgroup",
  "pk": "60671c62-9400-4f56-866f-5dc52d31bfcb",
  "fields": {
    "filial": null,
    "created_at": "2025-04-22T15:09:35.173Z",
    "updated_at": "2025-04-22T15:09:35.173Z",
    "deleted_at": null,
    "group": "b00d4949-14d5-41a3-b800-64ba7c60f613",
    "student": null,
    "lid": "03668d21-75ab-4b33-9355-79d1a298f8e2"
  }
},
{
  "model": "studentgroup.studentgroup",
  "pk": "62e15e53-7cfd-444d-bf65-dade6a001eed",
  "fields": {
    "filial": null,
    "created_at": "2025-04-22T15:09:21.671Z",
    "updated_at": "2025-04-22T15:09:21.672Z",
    "deleted_at": null,
    "group": "b00d4949-14d5-41a3-b800-64ba7c60f613",
    "student": null,
    "lid": "5e5cc539-164d-4541-a7df-635b0d46efba"
  }
},
{
  "model": "studentgroup.studentgroup",
  "pk": "6725d3fc-beb4-412f-a6ec-67942d420790",
  "fields": {
    "filial": null,
    "created_at": "2025-04-22T14:51:23.698Z",
    "updated_at": "2025-04-22T14:51:23.699Z",
    "deleted_at": null,
    "group": "b63cbf33-e0d5-4641-b7a6-caa09262ca35",
    "student": null,
    "lid": "6e15c9c1-7d46-4d58-87c9-fa56cc66652e"
  }
},
{
  "model": "studentgroup.studentgroup",
  "pk": "74416b1a-16d3-44dd-ac8f-9463a0aa0c46",
  "fields": {
    "filial": null,
    "created_at": "2025-04-22T14:51:53.758Z",
    "updated_at": "2025-04-22T14:51:53.759Z",
    "deleted_at": null,
    "group": "b63cbf33-e0d5-4641-b7a6-caa09262ca35",
    "student": null,
    "lid": "6700a663-93f5-48d8-8f94-d5ea10d8c00f"
  }
},
{
  "model": "studentgroup.studentgroup",
  "pk": "7714facc-ed87-4457-8b5f-9993db152a38",
  "fields": {
    "filial": null,
    "created_at": "2025-04-22T14:59:13.762Z",
    "updated_at": "2025-04-22T14:59:13.763Z",
    "deleted_at": null,
    "group": "a0a5e2bf-0c3d-48c5-8931-876e7b26507d",
    "student": null,
    "lid": "90de3b43-8993-4131-81bc-da3b2c8e4e5b"
  }
},
{
  "model": "studentgroup.studentgroup",
  "pk": "9bc0ad37-3c86-487e-adbb-d8c9b5f7cc13",
  "fields": {
    "filial": null,
    "created_at": "2025-04-22T14:53:00.767Z",
    "updated_at": "2025-04-22T14:53:00.768Z",
    "deleted_at": null,
    "group": "b63cbf33-e0d5-4641-b7a6-caa09262ca35",
    "student": null,
    "lid": "737a70c4-866d-4e33-8857-cdb47bced096"
  }
},
{
  "model": "studentgroup.studentgroup",
  "pk": "9f2c1ae1-bce2-482b-8d4e-23c1f56e136c",
  "fields": {
    "filial": null,
    "created_at": "2025-04-22T14:53:13.805Z",
    "updated_at": "2025-04-22T14:53:13.805Z",
    "deleted_at": null,
    "group": "b63cbf33-e0d5-4641-b7a6-caa09262ca35",
    "student": null,
    "lid": "5b6bb083-17e2-4155-bb00-4fd54fba42c8"
  }
},
{
  "model": "studentgroup.studentgroup",
  "pk": "9f54dd9c-d069-4c07-9327-f07c6e27ab6c",
  "fields": {
    "filial": null,
    "created_at": "2025-04-22T14:58:28.886Z",
    "updated_at": "2025-04-22T14:58:28.886Z",
    "deleted_at": null,
    "group": "a0a5e2bf-0c3d-48c5-8931-876e7b26507d",
    "student": null,
    "lid": "d0050f1c-d786-40c1-b59e-83a070b16c89"
  }
},
{
  "model": "studentgroup.studentgroup",
  "pk": "a06f126f-77b7-4ac6-afd6-24bf496633a9",
  "fields": {
    "filial": null,
    "created_at": "2025-04-22T15:12:39.834Z",
    "updated_at": "2025-04-22T15:12:39.835Z",
    "deleted_at": null,
    "group": "4b95b374-64ac-4780-8903-6c27a96f2fd0",
    "student": null,
    "lid": "8d364a33-f2f2-4957-b4a5-9d2acb74b1da"
  }
},
{
  "model": "studentgroup.studentgroup",
  "pk": "a69879a6-dc16-4ca9-b5d0-bb7de79bf673",
  "fields": {
    "filial": null,
    "created_at": "2025-04-22T14:59:29.788Z",
    "updated_at": "2025-04-22T14:59:29.789Z",
    "deleted_at": null,
    "group": "a0a5e2bf-0c3d-48c5-8931-876e7b26507d",
    "student": null,
    "lid": "5cf72319-d3db-4f85-be8d-579c3a455ea1"
  }
},
{
  "model": "studentgroup.studentgroup",
  "pk": "ab33d7b1-acfe-4e9b-81a4-01925e643f4d",
  "fields": {
    "filial": null,
    "created_at": "2025-04-22T15:09:09.200Z",
    "updated_at": "2025-04-22T15:09:09.200Z",
    "deleted_at": null,
    "group": "b00d4949-14d5-41a3-b800-64ba7c60f613",
    "student": null,
    "lid": "ecaa602d-cc91-40e4-805d-5145780f2d1f"
  }
},
{
  "model": "studentgroup.studentgroup",
  "pk": "bfcea4c0-93d8-4963-b07f-38c6e9a9e101",
  "fields": {
    "filial": null,
    "created_at": "2025-04-22T14:52:21.729Z",
    "updated_at": "2025-04-22T14:52:21.729Z",
    "deleted_at": null,
    "group": "b63cbf33-e0d5-4641-b7a6-caa09262ca35",
    "student": null,
    "lid": "3785d02e-d5aa-434a-936f-aa4e42169ff4"
  }
},
{
  "model": "studentgroup.studentgroup",
  "pk": "ce0e3c55-6d56-49de-a9e4-6485f4b254f1",
  "fields": {
    "filial": null,
    "created_at": "2025-04-22T15:08:16.423Z",
    "updated_at": "2025-04-22T15:08:16.423Z",
    "deleted_at": null,
    "group": "b00d4949-14d5-41a3-b800-64ba7c60f613",
    "student": null,
    "lid": "52aa599f-2eb2-4528-bdc5-0383c08a58c1"
  }
},
{
  "model": "studentgroup.studentgroup",
  "pk": "e4124a30-dbe0-4ed1-9b0a-8e5a1c969112",
  "fields": {
    "filial": null,
    "created_at": "2025-04-22T15:08:57.511Z",
    "updated_at": "2025-04-22T15:08:57.511Z",
    "deleted_at": null,
    "group": "b00d4949-14d5-41a3-b800-64ba7c60f613",
    "student": null,
    "lid": "d6e9d047-e097-418a-8e24-569b1b0d65e3"
  }
},
{
  "model": "studentgroup.studentgroup",
  "pk": "e7ba47ab-c7ce-4a4d-a093-b8b1b427e98d",
  "fields": {
    "filial": null,
    "created_at": "2025-04-22T14:58:58.411Z",
    "updated_at": "2025-04-22T14:58:58.412Z",
    "deleted_at": null,
    "group": "a0a5e2bf-0c3d-48c5-8931-876e7b26507d",
    "student": null,
    "lid": "5a241da2-50d7-4366-a62a-90b0f235ca94"
  }
},
{
  "model": "studentgroup.studentgroup",
  "pk": "f062cb58-72e3-4a69-b8a6-d354ffed10ce",
  "fields": {
    "filial": null,
    "created_at": "2025-04-22T14:52:37.243Z",
    "updated_at": "2025-04-22T14:52:37.243Z",
    "deleted_at": null,
    "group": "b63cbf33-e0d5-4641-b7a6-caa09262ca35",
    "student": null,
    "lid": "f4f1839e-d32b-44d1-8eda-855c6d68fb63"
  }
},
{
  "model": "studentgroup.studentgroup",
  "pk": "fab7f16b-5eb3-42ea-819e-b2dda811a508",
  "fields": {
    "filial": null,
    "created_at": "2025-04-22T14:53:50.749Z",
    "updated_at": "2025-04-22T14:53:50.749Z",
    "deleted_at": null,
    "group": "b63cbf33-e0d5-4641-b7a6-caa09262ca35",
    "student": null,
    "lid": "74c8cc86-4941-42a0-887f-90acfa898c00"
  }
},
{
  "model": "subject.subject",
  "pk": "58711060-c6b3-47bb-966c-f0e24dee08cf",
  "fields": {
    "filial": 1,
    "created_at": "2025-04-14T12:05:49.821Z",
    "updated_at": "2025-04-14T14:40:46.725Z",
    "deleted_at": null,
    "name": "TURK TILI",
    "label": "#4a90e2",
    "image": "c7d87e73-d9ba-40d8-a2e8-bc019b377ac6",
    "has_level": true
  }
},
{
  "model": "subject.subject",
  "pk": "abee3d71-7653-4b6a-9c03-ab98ce8b3ebf",
  "fields": {
    "filial": 1,
    "created_at": "2025-04-14T15:19:16.254Z",
    "updated_at": "2025-04-14T15:40:29.675Z",
    "deleted_at": null,
    "name": "XITOY TILI",
    "label": "#47C77D",
    "image": "75ea1cff-751c-41d3-bf05-4d4ac416e557",
    "has_level": true
  }
},
{
  "model": "subject.subject",
  "pk": "c147b7fa-4eb5-4880-88e2-fb8e0f7d2328",
  "fields": {
    "filial": 1,
    "created_at": "2025-04-14T12:05:20.160Z",
    "updated_at": "2025-04-21T13:11:09.385Z",
    "deleted_at": null,
    "name": "KIMYO",
    "label": "#f8e71c",
    "image": null,
    "has_level": false
  }
},
{
  "model": "subject.subject",
  "pk": "db2ae60f-981e-455c-8298-eea48f36c92c",
  "fields": {
    "filial": 1,
    "created_at": "2025-04-14T12:00:37.124Z",
    "updated_at": "2025-04-14T14:36:51.012Z",
    "deleted_at": null,
    "name": "ENGLISH",
    "label": "#d0021b",
    "image": "d4313555-f377-4b67-8b26-7260c691f7bf",
    "has_level": true
  }
},
{
  "model": "subject.subject",
  "pk": "f81afaae-402c-4a0e-ac0d-33650704ca6a",
  "fields": {
    "filial": 1,
    "created_at": "2025-04-14T12:00:15.629Z",
    "updated_at": "2025-04-14T14:35:46.840Z",
    "deleted_at": null,
    "name": "MATEMATIKA",
    "label": "#47C77D",
    "image": "e597607c-6553-4878-8963-6752676cd700",
    "has_level": true
  }
},
{
  "model": "subject.level",
  "pk": "25c88649-62d0-4841-b6e7-c9a83e5a2cac",
  "fields": {
    "filial": null,
    "created_at": "2025-04-14T12:02:25.206Z",
    "updated_at": "2025-04-14T12:02:25.207Z",
    "deleted_at": null,
    "subject": "db2ae60f-981e-455c-8298-eea48f36c92c",
    "name": "PRE-INRETMEDIATE",
    "courses": "1b727615-aea4-4a84-b462-f48bd81feff2"
  }
},
{
  "model": "subject.level",
  "pk": "79faf5b6-5ff5-46ea-8268-b2a7c4a814b5",
  "fields": {
    "filial": null,
    "created_at": "2025-04-14T12:02:31.508Z",
    "updated_at": "2025-04-14T12:02:31.509Z",
    "deleted_at": null,
    "subject": "db2ae60f-981e-455c-8298-eea48f36c92c",
    "name": "INTERMEDIATE",
    "courses": "1b727615-aea4-4a84-b462-f48bd81feff2"
  }
},
{
  "model": "subject.level",
  "pk": "d3b114db-8117-4251-b387-e350a992cffc",
  "fields": {
    "filial": null,
    "created_at": "2025-04-14T12:02:16.188Z",
    "updated_at": "2025-04-14T12:02:16.188Z",
    "deleted_at": null,
    "subject": "db2ae60f-981e-455c-8298-eea48f36c92c",
    "name": "ELEMENTARY",
    "courses": "1b727615-aea4-4a84-b462-f48bd81feff2"
  }
},
{
  "model": "subject.level",
  "pk": "d44aa3b7-2d53-42d9-88b1-d1cf2faa13fc",
  "fields": {
    "filial": null,
    "created_at": "2025-04-15T14:03:57.103Z",
    "updated_at": "2025-04-15T14:03:57.104Z",
    "deleted_at": null,
    "subject": "f81afaae-402c-4a0e-ac0d-33650704ca6a",
    "name": "PIMA",
    "courses": "3931e193-b8fb-4900-82f6-7fd0dd14777b"
  }
},
{
  "model": "subject.level",
  "pk": "dbfea8e3-d8c9-4668-b6de-9632a0f7395c",
  "fields": {
    "filial": null,
    "created_at": "2025-04-14T12:02:08.992Z",
    "updated_at": "2025-04-14T12:02:08.993Z",
    "deleted_at": null,
    "subject": "db2ae60f-981e-455c-8298-eea48f36c92c",
    "name": "BIGENNER",
    "courses": "1b727615-aea4-4a84-b462-f48bd81feff2"
  }
},
{
  "model": "subject.level",
  "pk": "fd5678f9-9868-40a7-bb6a-725ed3855c1b",
  "fields": {
    "filial": null,
    "created_at": "2025-04-14T12:02:53.214Z",
    "updated_at": "2025-04-14T12:02:53.214Z",
    "deleted_at": null,
    "subject": "db2ae60f-981e-455c-8298-eea48f36c92c",
    "name": "IELTS",
    "courses": "1b727615-aea4-4a84-b462-f48bd81feff2"
  }
},
{
  "model": "subject.theme",
  "pk": "00c346c5-77f3-4276-bd33-a7a9f1b8570e",
  "fields": {
    "filial": null,
    "created_at": "2025-04-17T03:03:51.434Z",
    "updated_at": "2025-04-17T03:03:51.434Z",
    "deleted_at": null,
    "subject": "c147b7fa-4eb5-4880-88e2-fb8e0f7d2328",
    "title": "Takrorlash",
    "description": "Tuzlar gidrolizi bilan bog'liq masalalar",
    "theme": "Lesson",
    "course": "c1cacd4b-428e-4a7e-89a8-5974af999cbc",
    "level": null,
    "repeated_theme": [],
    "homework_files": [],
    "course_work_files": [],
    "extra_work_files": [],
    "videos": [],
    "files": [],
    "photos": []
  }
},
{
  "model": "subject.theme",
  "pk": "04ec7215-2c13-4f44-88cb-57e33941bbc8",
  "fields": {
    "filial": null,
    "created_at": "2025-04-17T03:03:51.490Z",
    "updated_at": "2025-04-17T03:03:51.491Z",
    "deleted_at": null,
    "subject": "c147b7fa-4eb5-4880-88e2-fb8e0f7d2328",
    "title": "Oleum",
    "description": "Oleumga oid murakkab misollar",
    "theme": "Lesson",
    "course": "c1cacd4b-428e-4a7e-89a8-5974af999cbc",
    "level": null,
    "repeated_theme": [],
    "homework_files": [],
    "course_work_files": [],
    "extra_work_files": [],
    "videos": [],
    "files": [],
    "photos": []
  }
},
{
  "model": "subject.theme",
  "pk": "094a35fb-532a-461f-98b4-03f5a630617a",
  "fields": {
    "filial": null,
    "created_at": "2025-04-17T03:03:51.069Z",
    "updated_at": "2025-04-17T03:03:51.069Z",
    "deleted_at": null,
    "subject": "c147b7fa-4eb5-4880-88e2-fb8e0f7d2328",
    "title": "Valentlik",
    "description": "Valentlik\no'zgaruvchan va o'zgarmas valentlik \nelementlar valentligi\nvalentlik asosida formula xosil qilish",
    "theme": "Lesson",
    "course": "c1cacd4b-428e-4a7e-89a8-5974af999cbc",
    "level": null,
    "repeated_theme": [],
    "homework_files": [],
    "course_work_files": [],
    "extra_work_files": [],
    "videos": [],
    "files": [],
    "photos": []
  }
},
{
  "model": "subject.theme",
  "pk": "097c16a0-5833-4787-a1ee-5e73d4eb8c7e",
  "fields": {
    "filial": null,
    "created_at": "2025-04-15T18:35:34.276Z",
    "updated_at": "2025-04-15T18:35:34.277Z",
    "deleted_at": null,
    "subject": "db2ae60f-981e-455c-8298-eea48f36c92c",
    "title": "Lesson 28. Unit 9. Science/Gadgets",
    "description": "Materials\nDescribing technology \nZero conditional\nThe passive form of present simple and past simple \nAdverbs with the passive",
    "theme": "Lesson",
    "course": "1b727615-aea4-4a84-b462-f48bd81feff2",
    "level": "25c88649-62d0-4841-b6e7-c9a83e5a2cac",
    "repeated_theme": [],
    "homework_files": [],
    "course_work_files": [],
    "extra_work_files": [],
    "videos": [],
    "files": [],
    "photos": []
  }
},
{
  "model": "subject.theme",
  "pk": "09b6ba8d-6dd5-4a47-956f-cdfca5b6e357",
  "fields": {
    "filial": null,
    "created_at": "2025-04-17T03:03:51.074Z",
    "updated_at": "2025-04-17T03:03:51.074Z",
    "deleted_at": null,
    "subject": "c147b7fa-4eb5-4880-88e2-fb8e0f7d2328",
    "title": "Anorganik birikmalarning \neng muhim sinflari",
    "description": "Moddalar klassifikatsiyasi\nOksidlar\numumiy formulasi\nnomlanishi \ngrafik formulasi \nsigma va pi bog' soni",
    "theme": "Lesson",
    "course": "c1cacd4b-428e-4a7e-89a8-5974af999cbc",
    "level": null,
    "repeated_theme": [],
    "homework_files": [],
    "course_work_files": [],
    "extra_work_files": [],
    "videos": [],
    "files": [],
    "photos": []
  }
},
{
  "model": "subject.theme",
  "pk": "0cc97b86-2171-4b7d-9487-ecb477c08771",
  "fields": {
    "filial": null,
    "created_at": "2025-04-17T03:03:51.280Z",
    "updated_at": "2025-04-17T03:03:51.280Z",
    "deleted_at": null,
    "subject": "c147b7fa-4eb5-4880-88e2-fb8e0f7d2328",
    "title": "Gazlar",
    "description": "Gazlarning zichligi va nisbiy zichlik, ",
    "theme": "Lesson",
    "course": "c1cacd4b-428e-4a7e-89a8-5974af999cbc",
    "level": null,
    "repeated_theme": [],
    "homework_files": [],
    "course_work_files": [],
    "extra_work_files": [],
    "videos": [],
    "files": [],
    "photos": []
  }
},
{
  "model": "subject.theme",
  "pk": "0db28c6c-b752-410b-9b87-1f7d8e30600b",
  "fields": {
    "filial": null,
    "created_at": "2025-04-17T03:03:51.205Z",
    "updated_at": "2025-04-17T03:03:51.205Z",
    "deleted_at": null,
    "subject": "c147b7fa-4eb5-4880-88e2-fb8e0f7d2328",
    "title": "Davriy sistema va davriy qonun",
    "description": "Metallik va metalmaslik xossa\nNEM qiymati \noksidlovchilik va qaytaruvchilik xossa\natom radis\nion radius\nBinar birikmalar",
    "theme": "Lesson",
    "course": "c1cacd4b-428e-4a7e-89a8-5974af999cbc",
    "level": null,
    "repeated_theme": [],
    "homework_files": [],
    "course_work_files": [],
    "extra_work_files": [],
    "videos": [],
    "files": [],
    "photos": []
  }
},
{
  "model": "subject.theme",
  "pk": "0f062b92-2648-46c1-be9b-81d4546af85b",
  "fields": {
    "filial": null,
    "created_at": "2025-04-17T03:03:51.114Z",
    "updated_at": "2025-04-17T03:03:51.115Z",
    "deleted_at": null,
    "subject": "c147b7fa-4eb5-4880-88e2-fb8e0f7d2328",
    "title": "Nordon tuz",
    "description": "Nordon tuz \nnomlanishi \nolinishi\nfizik va kimyoviy xossalari\ngrafik formulasi\nsigma va pi bog' soni",
    "theme": "Lesson",
    "course": "c1cacd4b-428e-4a7e-89a8-5974af999cbc",
    "level": null,
    "repeated_theme": [],
    "homework_files": [],
    "course_work_files": [],
    "extra_work_files": [],
    "videos": [],
    "files": [],
    "photos": []
  }
},
{
  "model": "subject.theme",
  "pk": "0f1fbd81-b93f-4b14-90a9-e1067f435b59",
  "fields": {
    "filial": null,
    "created_at": "2025-04-17T03:03:51.413Z",
    "updated_at": "2025-04-17T03:03:51.413Z",
    "deleted_at": null,
    "subject": "c147b7fa-4eb5-4880-88e2-fb8e0f7d2328",
    "title": "Takrorlash",
    "description": "Kimyoviy muvozanatga oid msiol va masalalar ishlash",
    "theme": "Lesson",
    "course": "c1cacd4b-428e-4a7e-89a8-5974af999cbc",
    "level": null,
    "repeated_theme": [],
    "homework_files": [],
    "course_work_files": [],
    "extra_work_files": [],
    "videos": [],
    "files": [],
    "photos": []
  }
},
{
  "model": "subject.theme",
  "pk": "0f91c065-5851-4ca0-a32b-a7b711c12dde",
  "fields": {
    "filial": null,
    "created_at": "2025-04-15T17:29:46.106Z",
    "updated_at": "2025-04-15T17:30:35.730Z",
    "deleted_at": null,
    "subject": "db2ae60f-981e-455c-8298-eea48f36c92c",
    "title": "Lesson 5. Unit 2. Adventure/Landscapes",
    "description": "Landscape features, adjectives \nPrepositions of movement and position \nThere is there are for countable and uncountable nouns\nPast continuous \nPast simple and past continuous \nWhile as when",
    "theme": "Lesson",
    "course": "1b727615-aea4-4a84-b462-f48bd81feff2",
    "level": "25c88649-62d0-4841-b6e7-c9a83e5a2cac",
    "repeated_theme": [],
    "homework_files": [],
    "course_work_files": [],
    "extra_work_files": [],
    "videos": [],
    "files": [],
    "photos": []
  }
},
{
  "model": "subject.theme",
  "pk": "11e0b1e2-ec8e-446f-bfe6-e3af64960b7c",
  "fields": {
    "filial": null,
    "created_at": "2025-04-15T18:32:59.817Z",
    "updated_at": "2025-04-15T18:32:59.818Z",
    "deleted_at": null,
    "subject": "db2ae60f-981e-455c-8298-eea48f36c92c",
    "title": "Lesson 27. Unit 8 cont",
    "description": "Compound nouns\nPhoto description and comparison \nUsing phrases\nEspressing an opinion\nGiving a tentative opinion \nAn email \nSequencing phrases",
    "theme": "Lesson",
    "course": "1b727615-aea4-4a84-b462-f48bd81feff2",
    "level": "25c88649-62d0-4841-b6e7-c9a83e5a2cac",
    "repeated_theme": [],
    "homework_files": [],
    "course_work_files": [],
    "extra_work_files": [],
    "videos": [],
    "files": [],
    "photos": []
  }
},
{
  "model": "subject.theme",
  "pk": "1419d67b-58a9-4e6a-acc0-4dbdb7dfec8f",
  "fields": {
    "filial": null,
    "created_at": "2025-04-17T03:03:51.522Z",
    "updated_at": "2025-04-17T03:03:51.522Z",
    "deleted_at": null,
    "subject": "c147b7fa-4eb5-4880-88e2-fb8e0f7d2328",
    "title": "Alkenlar",
    "description": "Alkenlar tarifi, umumiy formulasi, gomologik \nqatori, gibridlanishi, nomenklaturasi, izomeriyasi, olinishi, fizik va kimyoviy xossalari",
    "theme": "Lesson",
    "course": "c1cacd4b-428e-4a7e-89a8-5974af999cbc",
    "level": null,
    "repeated_theme": [],
    "homework_files": [],
    "course_work_files": [],
    "extra_work_files": [],
    "videos": [],
    "files": [],
    "photos": []
  }
},
{
  "model": "subject.theme",
  "pk": "17de4746-fdd8-406c-9835-20b38a5d56de",
  "fields": {
    "filial": null,
    "created_at": "2025-04-17T03:03:51.506Z",
    "updated_at": "2025-04-17T03:03:51.506Z",
    "deleted_at": null,
    "subject": "c147b7fa-4eb5-4880-88e2-fb8e0f7d2328",
    "title": "Alkanlar",
    "description": "olinishi, fizik va kimyoviy xossalari",
    "theme": "Lesson",
    "course": "c1cacd4b-428e-4a7e-89a8-5974af999cbc",
    "level": null,
    "repeated_theme": [],
    "homework_files": [],
    "course_work_files": [],
    "extra_work_files": [],
    "videos": [],
    "files": [],
    "photos": []
  }
},
{
  "model": "subject.theme",
  "pk": "19099fa1-9a3d-4758-aa58-14729d65b409",
  "fields": {
    "filial": null,
    "created_at": "2025-04-17T03:03:51.064Z",
    "updated_at": "2025-04-17T03:03:51.064Z",
    "deleted_at": null,
    "subject": "c147b7fa-4eb5-4880-88e2-fb8e0f7d2328",
    "title": "Agregat holat, Modda xossalari",
    "description": "4 xil agregat xolat\nfizik - kimyoviy xodisalar \nfizik\nkimyoviy \nbiologik xossalar\n",
    "theme": "Lesson",
    "course": "c1cacd4b-428e-4a7e-89a8-5974af999cbc",
    "level": null,
    "repeated_theme": [],
    "homework_files": [],
    "course_work_files": [],
    "extra_work_files": [],
    "videos": [],
    "files": [],
    "photos": []
  }
},
{
  "model": "subject.theme",
  "pk": "1a82b94a-51cf-49a1-afae-90c15c4155ae",
  "fields": {
    "filial": null,
    "created_at": "2025-04-15T17:51:37.723Z",
    "updated_at": "2025-04-15T17:51:37.724Z",
    "deleted_at": null,
    "subject": "db2ae60f-981e-455c-8298-eea48f36c92c",
    "title": "Lesson 12. Unit 4 cont",
    "description": "Superlative adjectives/ too, enough \nPhrasal verbs \nExpressing opinions \nEnvironment ( compound nouns)\nChecking a gapped sentence task\nVerbs of movement",
    "theme": "Lesson",
    "course": "1b727615-aea4-4a84-b462-f48bd81feff2",
    "level": "25c88649-62d0-4841-b6e7-c9a83e5a2cac",
    "repeated_theme": [],
    "homework_files": [],
    "course_work_files": [],
    "extra_work_files": [],
    "videos": [],
    "files": [],
    "photos": []
  }
},
{
  "model": "subject.theme",
  "pk": "1ad4658b-1552-40e9-87e7-c7734e9e4360",
  "fields": {
    "filial": null,
    "created_at": "2025-04-17T03:03:51.041Z",
    "updated_at": "2025-04-17T03:03:51.041Z",
    "deleted_at": null,
    "subject": "c147b7fa-4eb5-4880-88e2-fb8e0f7d2328",
    "title": "Davriy sistema ",
    "description": "Davriy sistemadagi 118 xil element\ns, p, d, f oilalar haqida ma'lumot\ndavr(katta va kichik)\nguruxlar haqida ma'lumot\nmetall va metalmaslar",
    "theme": "Lesson",
    "course": "c1cacd4b-428e-4a7e-89a8-5974af999cbc",
    "level": null,
    "repeated_theme": [],
    "homework_files": [],
    "course_work_files": [],
    "extra_work_files": [],
    "videos": [],
    "files": [],
    "photos": []
  }
},
{
  "model": "subject.theme",
  "pk": "1ce2f54f-b75e-4870-b378-03c72b422221",
  "fields": {
    "filial": null,
    "created_at": "2025-04-17T03:03:51.120Z",
    "updated_at": "2025-04-17T03:03:51.120Z",
    "deleted_at": null,
    "subject": "c147b7fa-4eb5-4880-88e2-fb8e0f7d2328",
    "title": "Asosli tuz",
    "description": "Asosli tuz \nnomlanishi \nolinishi\nfizik va kimyoviy xossalari\ngrafik formulasi\nsigma va pi bog' soni",
    "theme": "Lesson",
    "course": "c1cacd4b-428e-4a7e-89a8-5974af999cbc",
    "level": null,
    "repeated_theme": [],
    "homework_files": [],
    "course_work_files": [],
    "extra_work_files": [],
    "videos": [],
    "files": [],
    "photos": []
  }
},
{
  "model": "subject.theme",
  "pk": "1d61145b-9508-485d-beef-da89f9743739",
  "fields": {
    "filial": null,
    "created_at": "2025-04-17T03:03:51.456Z",
    "updated_at": "2025-04-17T03:03:51.457Z",
    "deleted_at": null,
    "subject": "c147b7fa-4eb5-4880-88e2-fb8e0f7d2328",
    "title": "Elektrostatik jarayonlar",
    "description": "Elektroliz\nelektroliz tushunchasi\nmetallarning aktivlik qatori\nsuyuqlanmalar elektrolizi\neritmalar elektroliz",
    "theme": "Lesson",
    "course": "c1cacd4b-428e-4a7e-89a8-5974af999cbc",
    "level": null,
    "repeated_theme": [],
    "homework_files": [],
    "course_work_files": [],
    "extra_work_files": [],
    "videos": [],
    "files": [],
    "photos": []
  }
},
{
  "model": "subject.theme",
  "pk": "1e7f3e03-ea19-4657-919b-6dc2116748c6",
  "fields": {
    "filial": null,
    "created_at": "2025-04-15T19:02:36.152Z",
    "updated_at": "2025-04-15T19:02:36.152Z",
    "deleted_at": null,
    "subject": "db2ae60f-981e-455c-8298-eea48f36c92c",
    "title": "Lesson 32. Culture 4-5-6",
    "description": "The English language \nBritish entrepreneurs\nAlcatraz\nAll related reading listening writing and speaking tasks",
    "theme": "Lesson",
    "course": "1b727615-aea4-4a84-b462-f48bd81feff2",
    "level": "25c88649-62d0-4841-b6e7-c9a83e5a2cac",
    "repeated_theme": [],
    "homework_files": [],
    "course_work_files": [],
    "extra_work_files": [],
    "videos": [],
    "files": [],
    "photos": []
  }
},
{
  "model": "subject.theme",
  "pk": "21d6889d-e20f-4909-943b-089e39c084c1",
  "fields": {
    "filial": null,
    "created_at": "2025-04-17T03:03:51.337Z",
    "updated_at": "2025-04-17T03:03:51.337Z",
    "deleted_at": null,
    "subject": "c147b7fa-4eb5-4880-88e2-fb8e0f7d2328",
    "title": "Eritmalar",
    "description": "Molyar konsentratsiya\neritmalarni aralashtirish, \nfoiz konsentratsiyadan molyar konsentratsiyaga o`tish",
    "theme": "Lesson",
    "course": "c1cacd4b-428e-4a7e-89a8-5974af999cbc",
    "level": null,
    "repeated_theme": [],
    "homework_files": [],
    "course_work_files": [],
    "extra_work_files": [],
    "videos": [],
    "files": [],
    "photos": []
  }
},
{
  "model": "subject.theme",
  "pk": "235e8163-45fe-4723-8fce-212c2d861adb",
  "fields": {
    "filial": null,
    "created_at": "2025-04-17T03:03:51.144Z",
    "updated_at": "2025-04-17T03:03:51.144Z",
    "deleted_at": null,
    "subject": "c147b7fa-4eb5-4880-88e2-fb8e0f7d2328",
    "title": "Miqdoriy qonunlar",
    "description": "foiz tarkibga ko`ra molekulyar formula xosil qilish\nmol ulushiga ko`ra molekular formulasini xosil qilish",
    "theme": "Lesson",
    "course": "c1cacd4b-428e-4a7e-89a8-5974af999cbc",
    "level": null,
    "repeated_theme": [],
    "homework_files": [],
    "course_work_files": [],
    "extra_work_files": [],
    "videos": [],
    "files": [],
    "photos": []
  }
},
{
  "model": "subject.theme",
  "pk": "24d2cd8e-1393-45ed-be4c-8f1a21362e5d",
  "fields": {
    "filial": null,
    "created_at": "2025-04-17T03:03:51.480Z",
    "updated_at": "2025-04-17T03:03:51.480Z",
    "deleted_at": null,
    "subject": "c147b7fa-4eb5-4880-88e2-fb8e0f7d2328",
    "title": "Plastinka",
    "description": "Plastinka haqida tushuncha unga oid misol va masalalar",
    "theme": "Lesson",
    "course": "c1cacd4b-428e-4a7e-89a8-5974af999cbc",
    "level": null,
    "repeated_theme": [],
    "homework_files": [],
    "course_work_files": [],
    "extra_work_files": [],
    "videos": [],
    "files": [],
    "photos": []
  }
},
{
  "model": "subject.theme",
  "pk": "28e9747b-6d8c-4fde-b204-0ba661610fab",
  "fields": {
    "filial": null,
    "created_at": "2025-04-17T03:03:51.347Z",
    "updated_at": "2025-04-17T03:03:51.347Z",
    "deleted_at": null,
    "subject": "c147b7fa-4eb5-4880-88e2-fb8e0f7d2328",
    "title": "Eritmalar",
    "description": "Titr konsentratsiya",
    "theme": "Lesson",
    "course": "c1cacd4b-428e-4a7e-89a8-5974af999cbc",
    "level": null,
    "repeated_theme": [],
    "homework_files": [],
    "course_work_files": [],
    "extra_work_files": [],
    "videos": [],
    "files": [],
    "photos": []
  }
},
{
  "model": "subject.theme",
  "pk": "2ddfcb7c-362b-4db6-9dc9-43c574584aac",
  "fields": {
    "filial": null,
    "created_at": "2025-04-17T03:03:51.609Z",
    "updated_at": "2025-04-17T03:03:51.609Z",
    "deleted_at": null,
    "subject": "c147b7fa-4eb5-4880-88e2-fb8e0f7d2328",
    "title": "Yog'lar va sovunlar",
    "description": "Yog' va sovunlarning, tarifi, umumiy formulasi, gomologik qatori, toifalanishi, gibridlanishi, nomenklaturasi, izomeriyasi, olinishi, fizik va kimyoviy xossalari",
    "theme": "Lesson",
    "course": "c1cacd4b-428e-4a7e-89a8-5974af999cbc",
    "level": null,
    "repeated_theme": [],
    "homework_files": [],
    "course_work_files": [],
    "extra_work_files": [],
    "videos": [],
    "files": [],
    "photos": []
  }
},
{
  "model": "subject.theme",
  "pk": "2e3d72e4-3004-4a81-b3a3-5610660c1d2c",
  "fields": {
    "filial": null,
    "created_at": "2025-04-17T03:03:51.125Z",
    "updated_at": "2025-04-17T03:03:51.125Z",
    "deleted_at": null,
    "subject": "c147b7fa-4eb5-4880-88e2-fb8e0f7d2328",
    "title": "Qo`sh va aralash tuzlar",
    "description": "Qo`sh va aralash tuzlar\nnomlanishi \nolinishi\nfizik va kimyoviy xossalari\ngrafik formulasi\nsigma va pi bog' soni",
    "theme": "Lesson",
    "course": "c1cacd4b-428e-4a7e-89a8-5974af999cbc",
    "level": null,
    "repeated_theme": [],
    "homework_files": [],
    "course_work_files": [],
    "extra_work_files": [],
    "videos": [],
    "files": [],
    "photos": []
  }
},
{
  "model": "subject.theme",
  "pk": "303e2b28-882b-49be-839f-17e18ea6b9d0",
  "fields": {
    "filial": null,
    "created_at": "2025-04-17T03:03:51.149Z",
    "updated_at": "2025-04-17T03:03:51.149Z",
    "deleted_at": null,
    "subject": "c147b7fa-4eb5-4880-88e2-fb8e0f7d2328",
    "title": "Miqdoriy qonunlar",
    "description": "Massaning saqlanish qonuni\nreaksiyada proporsiya orqali hisoblashlar",
    "theme": "Lesson",
    "course": "c1cacd4b-428e-4a7e-89a8-5974af999cbc",
    "level": null,
    "repeated_theme": [],
    "homework_files": [],
    "course_work_files": [],
    "extra_work_files": [],
    "videos": [],
    "files": [],
    "photos": []
  }
},
{
  "model": "subject.theme",
  "pk": "30a83078-4fa1-43d9-ba82-f42a3516c3ae",
  "fields": {
    "filial": null,
    "created_at": "2025-04-17T03:03:51.153Z",
    "updated_at": "2025-04-17T03:03:51.153Z",
    "deleted_at": null,
    "subject": "c147b7fa-4eb5-4880-88e2-fb8e0f7d2328",
    "title": "Miqdoriy qonunlar",
    "description": "Hajmiy nisbatlar\nKarrali  nisbatlar qonuni\nAvogadro qonuni",
    "theme": "Lesson",
    "course": "c1cacd4b-428e-4a7e-89a8-5974af999cbc",
    "level": null,
    "repeated_theme": [],
    "homework_files": [],
    "course_work_files": [],
    "extra_work_files": [],
    "videos": [],
    "files": [],
    "photos": []
  }
},
{
  "model": "subject.theme",
  "pk": "33806d3a-d0fc-475c-8836-6bc7212c026e",
  "fields": {
    "filial": null,
    "created_at": "2025-04-17T03:03:51.313Z",
    "updated_at": "2025-04-17T03:03:51.313Z",
    "deleted_at": null,
    "subject": "c147b7fa-4eb5-4880-88e2-fb8e0f7d2328",
    "title": "Gaz qonunlari",
    "description": "Mendeleyev-Klapeyron tenglamasi va \nmavzuga oid misollar",
    "theme": "Lesson",
    "course": "c1cacd4b-428e-4a7e-89a8-5974af999cbc",
    "level": null,
    "repeated_theme": [],
    "homework_files": [],
    "course_work_files": [],
    "extra_work_files": [],
    "videos": [],
    "files": [],
    "photos": []
  }
},
{
  "model": "subject.theme",
  "pk": "3730132c-bf8f-402d-a3ee-c05f3d307eac",
  "fields": {
    "filial": null,
    "created_at": "2025-04-16T00:42:30.172Z",
    "updated_at": "2025-04-16T00:42:30.172Z",
    "deleted_at": null,
    "subject": "db2ae60f-981e-455c-8298-eea48f36c92c",
    "title": "Lesson 38. Grammar builder and Grammar Reference",
    "description": "Grammar builder and grammar reference of 7-8-9th units",
    "theme": "Lesson",
    "course": "1b727615-aea4-4a84-b462-f48bd81feff2",
    "level": "25c88649-62d0-4841-b6e7-c9a83e5a2cac",
    "repeated_theme": [],
    "homework_files": [],
    "course_work_files": [],
    "extra_work_files": [],
    "videos": [],
    "files": [],
    "photos": []
  }
},
{
  "model": "subject.theme",
  "pk": "3a268c90-edfb-449c-b44b-144554571b6d",
  "fields": {
    "filial": null,
    "created_at": "2025-04-17T03:03:51.172Z",
    "updated_at": "2025-04-17T03:03:51.172Z",
    "deleted_at": null,
    "subject": "c147b7fa-4eb5-4880-88e2-fb8e0f7d2328",
    "title": "Kimyoviy reaksiya orqali \nxisoblashlar ",
    "description": "Kimyoviy reaksiyalar bo`yicha xisoblashlar, reaksiya \nunumi",
    "theme": "Lesson",
    "course": "c1cacd4b-428e-4a7e-89a8-5974af999cbc",
    "level": null,
    "repeated_theme": [],
    "homework_files": [],
    "course_work_files": [],
    "extra_work_files": [],
    "videos": [],
    "files": [],
    "photos": []
  }
},
{
  "model": "subject.theme",
  "pk": "3a903ad1-bd13-491c-b728-0ec9565028f5",
  "fields": {
    "filial": null,
    "created_at": "2025-04-17T03:03:51.577Z",
    "updated_at": "2025-04-17T03:03:51.577Z",
    "deleted_at": null,
    "subject": "c147b7fa-4eb5-4880-88e2-fb8e0f7d2328",
    "title": "Fenollar va aromatik spirtlar",
    "description": "Fenollar va aromatik spirtlarning, tarifi, umumiy formulasi, gomologik qatori, toifalanishi, gibridlanishi, nomenklaturasi, izomeriyasi, olinishi, fizik va kimyoviy xossalari",
    "theme": "Lesson",
    "course": "c1cacd4b-428e-4a7e-89a8-5974af999cbc",
    "level": null,
    "repeated_theme": [],
    "homework_files": [],
    "course_work_files": [],
    "extra_work_files": [],
    "videos": [],
    "files": [],
    "photos": []
  }
},
{
  "model": "subject.theme",
  "pk": "3c4f56a8-60df-4322-896b-876fc7b1b218",
  "fields": {
    "filial": null,
    "created_at": "2025-04-17T03:03:51.408Z",
    "updated_at": "2025-04-17T03:03:51.409Z",
    "deleted_at": null,
    "subject": "c147b7fa-4eb5-4880-88e2-fb8e0f7d2328",
    "title": "Kimyoviy reaksiya kinetikasi",
    "description": " Le Shatelye prinsipi\nmuvozanatga ta'sir etuvchi omillar konsentratsiya\nbosim\ntemperatura va katalizator tasiri",
    "theme": "Lesson",
    "course": "c1cacd4b-428e-4a7e-89a8-5974af999cbc",
    "level": null,
    "repeated_theme": [],
    "homework_files": [],
    "course_work_files": [],
    "extra_work_files": [],
    "videos": [],
    "files": [],
    "photos": []
  }
},
{
  "model": "subject.theme",
  "pk": "3d347971-34d3-41f1-bbba-37ff819c4af8",
  "fields": {
    "filial": null,
    "created_at": "2025-04-17T03:03:51.185Z",
    "updated_at": "2025-04-17T03:03:51.186Z",
    "deleted_at": null,
    "subject": "c147b7fa-4eb5-4880-88e2-fb8e0f7d2328",
    "title": "Ekvivalentlik qonuni",
    "description": "Ekvivalent masssa xisoblash \noddiy modda \noksid \nasos\nkislota\ntuzlar uchun",
    "theme": "Lesson",
    "course": "c1cacd4b-428e-4a7e-89a8-5974af999cbc",
    "level": null,
    "repeated_theme": [],
    "homework_files": [],
    "course_work_files": [],
    "extra_work_files": [],
    "videos": [],
    "files": [],
    "photos": []
  }
},
{
  "model": "subject.theme",
  "pk": "3d5d1a0e-86f6-432f-b60b-76863bf14cdc",
  "fields": {
    "filial": null,
    "created_at": "2025-04-17T03:03:51.356Z",
    "updated_at": "2025-04-17T03:03:51.357Z",
    "deleted_at": null,
    "subject": "c147b7fa-4eb5-4880-88e2-fb8e0f7d2328",
    "title": "Takrorlash",
    "description": "Eritmalar tayyorlash, turli konsentratsiyalarini aniqlash va bir turdagi konsentratsiyadan boshqa turdagi konsentratsiyaga o`tish",
    "theme": "Lesson",
    "course": "c1cacd4b-428e-4a7e-89a8-5974af999cbc",
    "level": null,
    "repeated_theme": [],
    "homework_files": [],
    "course_work_files": [],
    "extra_work_files": [],
    "videos": [],
    "files": [],
    "photos": []
  }
},
{
  "model": "subject.theme",
  "pk": "3d911fe5-4027-4d6d-a32a-7a36dd84af1b",
  "fields": {
    "filial": null,
    "created_at": "2025-04-15T17:16:48.217Z",
    "updated_at": "2025-04-15T17:16:48.218Z",
    "deleted_at": null,
    "subject": "db2ae60f-981e-455c-8298-eea48f36c92c",
    "title": "Lesson 2. Unit 1. Feelings",
    "description": "Adjectives to describe feelings \nModifying adverbs \nPresent continuous stative verbs\nPast simple affirmative \nShould ( giving advice)",
    "theme": "Lesson",
    "course": "1b727615-aea4-4a84-b462-f48bd81feff2",
    "level": "25c88649-62d0-4841-b6e7-c9a83e5a2cac",
    "repeated_theme": [],
    "homework_files": [],
    "course_work_files": [],
    "extra_work_files": [],
    "videos": [],
    "files": [],
    "photos": []
  }
},
{
  "model": "subject.theme",
  "pk": "3deeda5b-127d-469d-8239-6b811e571731",
  "fields": {
    "filial": null,
    "created_at": "2025-04-17T03:03:51.261Z",
    "updated_at": "2025-04-17T03:03:51.261Z",
    "deleted_at": null,
    "subject": "c147b7fa-4eb5-4880-88e2-fb8e0f7d2328",
    "title": "Kimyoviy bog'lanish",
    "description": "Kimyoviy bog' turlari\nKovalent bog'\nion bog'\nvodorod bog'lanish\nmetall bog'lanish\ndonor-akseptor bog'lanish",
    "theme": "Lesson",
    "course": "c1cacd4b-428e-4a7e-89a8-5974af999cbc",
    "level": null,
    "repeated_theme": [],
    "homework_files": [],
    "course_work_files": [],
    "extra_work_files": [],
    "videos": [],
    "files": [],
    "photos": []
  }
},
{
  "model": "subject.theme",
  "pk": "3f9dd35f-a5e5-48fc-9ca1-58d52314bf28",
  "fields": {
    "filial": null,
    "created_at": "2025-04-17T03:03:51.288Z",
    "updated_at": "2025-04-17T03:03:51.289Z",
    "deleted_at": null,
    "subject": "c147b7fa-4eb5-4880-88e2-fb8e0f7d2328",
    "title": "Gazlar",
    "description": "o`rtacha massani aniqlash\nhajmiy ulush \nmassa ulushlarni aniqlash",
    "theme": "Lesson",
    "course": "c1cacd4b-428e-4a7e-89a8-5974af999cbc",
    "level": null,
    "repeated_theme": [],
    "homework_files": [],
    "course_work_files": [],
    "extra_work_files": [],
    "videos": [],
    "files": [],
    "photos": []
  }
},
{
  "model": "subject.theme",
  "pk": "40b4186a-5400-4088-a0c6-49ecfb9f76f5",
  "fields": {
    "filial": null,
    "created_at": "2025-04-17T03:03:51.501Z",
    "updated_at": "2025-04-17T03:03:51.501Z",
    "deleted_at": null,
    "subject": "c147b7fa-4eb5-4880-88e2-fb8e0f7d2328",
    "title": "Uglevodorodlar",
    "description": "Uglevodorodlar tarifi, toifalanishi, \nAlkanlar, umumiy formulasi, gomologik qatori, radikallar, nomlanishi, izomeriyasi",
    "theme": "Lesson",
    "course": "c1cacd4b-428e-4a7e-89a8-5974af999cbc",
    "level": null,
    "repeated_theme": [],
    "homework_files": [],
    "course_work_files": [],
    "extra_work_files": [],
    "videos": [],
    "files": [],
    "photos": []
  }
},
{
  "model": "subject.theme",
  "pk": "410f4908-b501-450d-9ffd-aaa6ec4c2f7a",
  "fields": {
    "filial": null,
    "created_at": "2025-04-17T03:03:51.593Z",
    "updated_at": "2025-04-17T03:03:51.593Z",
    "deleted_at": null,
    "subject": "c147b7fa-4eb5-4880-88e2-fb8e0f7d2328",
    "title": "Karbon kislotalar",
    "description": "Karbon kislotalar tariflari, toifalanishi, umumiy \nformulalari, nomenklaturasi, izomeriyasi, olinishi, fizik va kimyoviy xossalari",
    "theme": "Lesson",
    "course": "c1cacd4b-428e-4a7e-89a8-5974af999cbc",
    "level": null,
    "repeated_theme": [],
    "homework_files": [],
    "course_work_files": [],
    "extra_work_files": [],
    "videos": [],
    "files": [],
    "photos": []
  }
},
{
  "model": "subject.theme",
  "pk": "43b76f26-d642-4244-be40-09806deab3b2",
  "fields": {
    "filial": null,
    "created_at": "2025-04-17T03:03:51.050Z",
    "updated_at": "2025-04-17T03:03:51.050Z",
    "deleted_at": null,
    "subject": "c147b7fa-4eb5-4880-88e2-fb8e0f7d2328",
    "title": "Ionlar va atom turlari",
    "description": "Ionlar, ular tarkibidagi elektron, proton, neytronlar \nsonini hisoblash, ion valentligi, oksidlanish daraja aniqlash. \nKimyoviy element, Atom turlari, izotop, izobar, izoton, izoelektron moddalar",
    "theme": "Lesson",
    "course": "c1cacd4b-428e-4a7e-89a8-5974af999cbc",
    "level": null,
    "repeated_theme": [],
    "homework_files": [],
    "course_work_files": [],
    "extra_work_files": [],
    "videos": [],
    "files": [],
    "photos": []
  }
},
{
  "model": "subject.theme",
  "pk": "4478380b-3853-4043-8a32-41fab6b1b8f9",
  "fields": {
    "filial": null,
    "created_at": "2025-04-15T17:42:29.892Z",
    "updated_at": "2025-04-15T17:42:29.893Z",
    "deleted_at": null,
    "subject": "db2ae60f-981e-455c-8298-eea48f36c92c",
    "title": "Lesson 9. Unit 3 cont",
    "description": "Must, musnt, \nNeed, neednt, dont have to\nTalking about game shows\nNegative adjective prefixes",
    "theme": "Lesson",
    "course": "1b727615-aea4-4a84-b462-f48bd81feff2",
    "level": "25c88649-62d0-4841-b6e7-c9a83e5a2cac",
    "repeated_theme": [],
    "homework_files": [],
    "course_work_files": [],
    "extra_work_files": [],
    "videos": [],
    "files": [],
    "photos": []
  }
},
{
  "model": "subject.theme",
  "pk": "460e251d-20ab-4136-938e-0ee5268ed6c6",
  "fields": {
    "filial": null,
    "created_at": "2025-04-15T17:39:58.035Z",
    "updated_at": "2025-04-15T17:39:58.036Z",
    "deleted_at": null,
    "subject": "db2ae60f-981e-455c-8298-eea48f36c92c",
    "title": "Lesson 8. Unit 3. On screen/Films and Tv programmes",
    "description": "Films and Tv programmes \nAspects of a film\nOmitting the definite article for generalisations\nQuantity ( some any a few a little a lot of much many how much/ many)\nAdvertising",
    "theme": "Lesson",
    "course": "1b727615-aea4-4a84-b462-f48bd81feff2",
    "level": "25c88649-62d0-4841-b6e7-c9a83e5a2cac",
    "repeated_theme": [],
    "homework_files": [],
    "course_work_files": [],
    "extra_work_files": [],
    "videos": [],
    "files": [],
    "photos": []
  }
},
{
  "model": "subject.theme",
  "pk": "475b9693-2a4d-4316-acd9-c887ce92ef53",
  "fields": {
    "filial": null,
    "created_at": "2025-04-17T03:03:51.304Z",
    "updated_at": "2025-04-17T03:03:51.304Z",
    "deleted_at": null,
    "subject": "c147b7fa-4eb5-4880-88e2-fb8e0f7d2328",
    "title": "Gaz qonunlari",
    "description": "Sharl qonuni \nmavzuga oid misollar",
    "theme": "Lesson",
    "course": "c1cacd4b-428e-4a7e-89a8-5974af999cbc",
    "level": null,
    "repeated_theme": [],
    "homework_files": [],
    "course_work_files": [],
    "extra_work_files": [],
    "videos": [],
    "files": [],
    "photos": []
  }
},
{
  "model": "subject.theme",
  "pk": "4b65e399-bc59-416a-ab76-96a672ad3ede",
  "fields": {
    "filial": null,
    "created_at": "2025-04-16T13:57:54.777Z",
    "updated_at": "2025-04-16T13:57:54.778Z",
    "deleted_at": null,
    "subject": "db2ae60f-981e-455c-8298-eea48f36c92c",
    "title": "LESSON 2",
    "description": "1 A/B\n\nPast simple\nPast perfect \nPast continious",
    "theme": "Lesson",
    "course": "1b727615-aea4-4a84-b462-f48bd81feff2",
    "level": "79faf5b6-5ff5-46ea-8268-b2a7c4a814b5",
    "repeated_theme": [],
    "homework_files": [],
    "course_work_files": [],
    "extra_work_files": [],
    "videos": [],
    "files": [],
    "photos": []
  }
},
{
  "model": "subject.theme",
  "pk": "4b730bc7-14e3-44b6-82de-6e969e64a9ca",
  "fields": {
    "filial": null,
    "created_at": "2025-04-17T03:03:51.403Z",
    "updated_at": "2025-04-17T03:03:51.404Z",
    "deleted_at": null,
    "subject": "c147b7fa-4eb5-4880-88e2-fb8e0f7d2328",
    "title": "Kimyoviy reaksiya kinetikasi",
    "description": "Kimyoviy muvozanat\nqaytar va qaytmas reaksiyalar \nto`g'ri va teskari reaksiyalar\nkimyoviy muvozanat konstantasi kimyoviy muvozanatning siljishi",
    "theme": "Lesson",
    "course": "c1cacd4b-428e-4a7e-89a8-5974af999cbc",
    "level": null,
    "repeated_theme": [],
    "homework_files": [],
    "course_work_files": [],
    "extra_work_files": [],
    "videos": [],
    "files": [],
    "photos": []
  }
},
{
  "model": "subject.theme",
  "pk": "4f59aaa3-6e76-4219-a9da-fa9cfa0fb2e7",
  "fields": {
    "filial": null,
    "created_at": "2025-04-17T03:03:51.399Z",
    "updated_at": "2025-04-17T03:03:51.399Z",
    "deleted_at": null,
    "subject": "c147b7fa-4eb5-4880-88e2-fb8e0f7d2328",
    "title": "Kimyoviy reaksiya kinetikasi",
    "description": "reaksiya tezligiga ta'sir etuvchi omillar konsentratsiya\ntemperatura\nVant - Goff qonuni\nhajm va bosim ta'siri",
    "theme": "Lesson",
    "course": "c1cacd4b-428e-4a7e-89a8-5974af999cbc",
    "level": null,
    "repeated_theme": [],
    "homework_files": [],
    "course_work_files": [],
    "extra_work_files": [],
    "videos": [],
    "files": [],
    "photos": []
  }
},
{
  "model": "subject.theme",
  "pk": "50284bc1-9bcf-4836-b126-d4803df40227",
  "fields": {
    "filial": null,
    "created_at": "2025-04-17T03:03:51.265Z",
    "updated_at": "2025-04-17T03:03:51.266Z",
    "deleted_at": null,
    "subject": "c147b7fa-4eb5-4880-88e2-fb8e0f7d2328",
    "title": "Gibridlanish",
    "description": "Gibridlanish haqida tushuncha\ngibridlangan orbitallar hosil bo'lishi\nsp, sp2, sp3, spd, spd2 gibridlanish turlari\nmolekula geometrik shakllari\nvalent burchaklari(gradus)",
    "theme": "Lesson",
    "course": "c1cacd4b-428e-4a7e-89a8-5974af999cbc",
    "level": null,
    "repeated_theme": [],
    "homework_files": [],
    "course_work_files": [],
    "extra_work_files": [],
    "videos": [],
    "files": [],
    "photos": []
  }
},
{
  "model": "subject.theme",
  "pk": "51bd65c9-cf13-499e-a2d2-2b550a8186ae",
  "fields": {
    "filial": null,
    "created_at": "2025-04-17T03:03:51.195Z",
    "updated_at": "2025-04-17T03:03:51.196Z",
    "deleted_at": null,
    "subject": "c147b7fa-4eb5-4880-88e2-fb8e0f7d2328",
    "title": "Ekvivalentlik qonuni",
    "description": "Moddalar ekvivalenti orqali formula aniqlash\nmurakkab modda tarkibidagi nomalum elementni aniqlash\n",
    "theme": "Lesson",
    "course": "c1cacd4b-428e-4a7e-89a8-5974af999cbc",
    "level": null,
    "repeated_theme": [],
    "homework_files": [],
    "course_work_files": [],
    "extra_work_files": [],
    "videos": [],
    "files": [],
    "photos": []
  }
},
{
  "model": "subject.theme",
  "pk": "52979929-ae71-442e-a8a4-b1806e5c9a31",
  "fields": {
    "filial": null,
    "created_at": "2025-04-17T03:03:51.256Z",
    "updated_at": "2025-04-17T03:03:51.256Z",
    "deleted_at": null,
    "subject": "c147b7fa-4eb5-4880-88e2-fb8e0f7d2328",
    "title": "Yadro reaksiyalari ",
    "description": "Mavzuga oid murakkabroq masalalar, miqdoriy hisoblash orqali 2 - 3 darajali",
    "theme": "Lesson",
    "course": "c1cacd4b-428e-4a7e-89a8-5974af999cbc",
    "level": null,
    "repeated_theme": [],
    "homework_files": [],
    "course_work_files": [],
    "extra_work_files": [],
    "videos": [],
    "files": [],
    "photos": []
  }
},
{
  "model": "subject.theme",
  "pk": "549b299d-e347-4e7a-bcd3-a76ed4ced2ba",
  "fields": {
    "filial": null,
    "created_at": "2025-04-15T18:42:23.443Z",
    "updated_at": "2025-04-15T18:42:23.444Z",
    "deleted_at": null,
    "subject": "db2ae60f-981e-455c-8298-eea48f36c92c",
    "title": "Lesson 30. Unit 9 cont",
    "description": "Passive forms revision \nInventions \nTrue, false, not given question task\nNoun endings\nMaking a complaint \nA formal letter\nUsing conjunctions to make complex sentences",
    "theme": "Lesson",
    "course": "1b727615-aea4-4a84-b462-f48bd81feff2",
    "level": "25c88649-62d0-4841-b6e7-c9a83e5a2cac",
    "repeated_theme": [],
    "homework_files": [],
    "course_work_files": [],
    "extra_work_files": [],
    "videos": [],
    "files": [],
    "photos": []
  }
},
{
  "model": "subject.theme",
  "pk": "55423fe1-c57d-49db-87a2-5d3086aa985a",
  "fields": {
    "filial": null,
    "created_at": "2025-04-15T18:18:30.017Z",
    "updated_at": "2025-04-15T18:18:30.017Z",
    "deleted_at": null,
    "subject": "db2ae60f-981e-455c-8298-eea48f36c92c",
    "title": "Lesson 22. Unit 7 cont",
    "description": "Second conditional review \nVideo\nPast perfect \nTheme related game\nVerb+ infinitive or ing form\nVerb patterns",
    "theme": "Lesson",
    "course": "1b727615-aea4-4a84-b462-f48bd81feff2",
    "level": "25c88649-62d0-4841-b6e7-c9a83e5a2cac",
    "repeated_theme": [],
    "homework_files": [],
    "course_work_files": [],
    "extra_work_files": [],
    "videos": [],
    "files": [],
    "photos": []
  }
},
{
  "model": "subject.theme",
  "pk": "563c1ccc-e1e1-4e36-943b-2e2b91272b12",
  "fields": {
    "filial": null,
    "created_at": "2025-04-17T03:03:51.308Z",
    "updated_at": "2025-04-17T03:03:51.308Z",
    "deleted_at": null,
    "subject": "c147b7fa-4eb5-4880-88e2-fb8e0f7d2328",
    "title": "Gaz qonunlari",
    "description": "Geyy - Lyussak qonuni \nmavzuga oid misollar",
    "theme": "Lesson",
    "course": "c1cacd4b-428e-4a7e-89a8-5974af999cbc",
    "level": null,
    "repeated_theme": [],
    "homework_files": [],
    "course_work_files": [],
    "extra_work_files": [],
    "videos": [],
    "files": [],
    "photos": []
  }
},
{
  "model": "subject.theme",
  "pk": "5769163e-0df0-456c-9a95-6afa594fb9ad",
  "fields": {
    "filial": null,
    "created_at": "2025-04-17T03:03:51.089Z",
    "updated_at": "2025-04-17T03:03:51.089Z",
    "deleted_at": null,
    "subject": "c147b7fa-4eb5-4880-88e2-fb8e0f7d2328",
    "title": "Kislotalar",
    "description": "Kislotalar\numumiy formulasi\nnomlanishi\ntoifalanishi\nolinishi\ngrafik formulasi\nsigma va pi bog' soni\nfizik va kimyoviy xossalari",
    "theme": "Lesson",
    "course": "c1cacd4b-428e-4a7e-89a8-5974af999cbc",
    "level": null,
    "repeated_theme": [],
    "homework_files": [],
    "course_work_files": [],
    "extra_work_files": [],
    "videos": [],
    "files": [],
    "photos": []
  }
},
{
  "model": "subject.theme",
  "pk": "5955505f-8173-44f1-aa0e-4f823387816e",
  "fields": {
    "filial": null,
    "created_at": "2025-04-17T03:03:51.055Z",
    "updated_at": "2025-04-17T03:03:51.055Z",
    "deleted_at": null,
    "subject": "c147b7fa-4eb5-4880-88e2-fb8e0f7d2328",
    "title": "Absolut massa",
    "description": "Absolut masssa haqida tushuncha, aniqlash usullari\nelementlar\noddiy va murakkab moddalar uchun absolut massa hisoblash usullari",
    "theme": "Lesson",
    "course": "c1cacd4b-428e-4a7e-89a8-5974af999cbc",
    "level": null,
    "repeated_theme": [],
    "homework_files": [],
    "course_work_files": [],
    "extra_work_files": [],
    "videos": [],
    "files": [],
    "photos": []
  }
},
{
  "model": "subject.theme",
  "pk": "59d2e091-3491-4a1b-a5a3-a7b0bafb3955",
  "fields": {
    "filial": null,
    "created_at": "2025-04-17T03:03:51.485Z",
    "updated_at": "2025-04-17T03:03:51.486Z",
    "deleted_at": null,
    "subject": "c147b7fa-4eb5-4880-88e2-fb8e0f7d2328",
    "title": "Oleum",
    "description": "Oleum tarifi, unga oid misol va masalalar",
    "theme": "Lesson",
    "course": "c1cacd4b-428e-4a7e-89a8-5974af999cbc",
    "level": null,
    "repeated_theme": [],
    "homework_files": [],
    "course_work_files": [],
    "extra_work_files": [],
    "videos": [],
    "files": [],
    "photos": []
  }
},
{
  "model": "subject.theme",
  "pk": "5a1acbfe-95b6-4247-bbce-a19215b74300",
  "fields": {
    "filial": null,
    "created_at": "2025-04-17T03:03:51.549Z",
    "updated_at": "2025-04-17T03:03:51.549Z",
    "deleted_at": null,
    "subject": "c147b7fa-4eb5-4880-88e2-fb8e0f7d2328",
    "title": "Takrorlash",
    "description": "Alken\nAlkadien\nAlkinlar mavzusiga oid reaskiya yozish",
    "theme": "Lesson",
    "course": "c1cacd4b-428e-4a7e-89a8-5974af999cbc",
    "level": null,
    "repeated_theme": [],
    "homework_files": [],
    "course_work_files": [],
    "extra_work_files": [],
    "videos": [],
    "files": [],
    "photos": []
  }
},
{
  "model": "subject.theme",
  "pk": "5c0606c3-1d82-44bb-a555-d97af71914c9",
  "fields": {
    "filial": null,
    "created_at": "2025-04-17T03:03:51.251Z",
    "updated_at": "2025-04-17T03:03:51.251Z",
    "deleted_at": null,
    "subject": "c147b7fa-4eb5-4880-88e2-fb8e0f7d2328",
    "title": "Yadro reaksiyalari ",
    "description": "Yadro reaksiyalari\nalfa\nbetta yemirilishlar\nmavzuga oid masalalar",
    "theme": "Lesson",
    "course": "c1cacd4b-428e-4a7e-89a8-5974af999cbc",
    "level": null,
    "repeated_theme": [],
    "homework_files": [],
    "course_work_files": [],
    "extra_work_files": [],
    "videos": [],
    "files": [],
    "photos": []
  }
},
{
  "model": "subject.theme",
  "pk": "5d357a21-2979-4d66-b34a-52fdf3931973",
  "fields": {
    "filial": null,
    "created_at": "2025-04-15T18:38:51.409Z",
    "updated_at": "2025-04-15T18:38:51.410Z",
    "deleted_at": null,
    "subject": "db2ae60f-981e-455c-8298-eea48f36c92c",
    "title": "Lesson 29. Unit 9 cont",
    "description": "Zero conditional and passive forms revision \nVocabularies of intentions\nThe passive the passive forms of present perfect and future \nVerb + prepositions",
    "theme": "Lesson",
    "course": "1b727615-aea4-4a84-b462-f48bd81feff2",
    "level": "25c88649-62d0-4841-b6e7-c9a83e5a2cac",
    "repeated_theme": [],
    "homework_files": [],
    "course_work_files": [],
    "extra_work_files": [],
    "videos": [],
    "files": [],
    "photos": []
  }
},
{
  "model": "subject.theme",
  "pk": "62ec294c-ddce-48e3-9641-538e45d4954a",
  "fields": {
    "filial": null,
    "created_at": "2025-04-17T03:03:51.555Z",
    "updated_at": "2025-04-17T03:03:51.556Z",
    "deleted_at": null,
    "subject": "c147b7fa-4eb5-4880-88e2-fb8e0f7d2328",
    "title": "Aromatik uglevodorlar",
    "description": "Aromatik uglevorodlar tarifi\numumiy formulasi\ngomologik qatori\ntoifalanishi\ngibridlanishi\nnomenklaturasi\nizomeriyasi ",
    "theme": "Lesson",
    "course": "c1cacd4b-428e-4a7e-89a8-5974af999cbc",
    "level": null,
    "repeated_theme": [],
    "homework_files": [],
    "course_work_files": [],
    "extra_work_files": [],
    "videos": [],
    "files": [],
    "photos": []
  }
},
{
  "model": "subject.theme",
  "pk": "660e71a9-f1ae-465c-a4ec-eaf850fa4763",
  "fields": {
    "filial": null,
    "created_at": "2025-04-17T03:03:51.179Z",
    "updated_at": "2025-04-17T03:03:51.179Z",
    "deleted_at": null,
    "subject": "c147b7fa-4eb5-4880-88e2-fb8e0f7d2328",
    "title": "Kimyoviy reaksiya orqali \nxisoblashlar ",
    "description": "Kimyoviy reaksiyalar bo`yicha xisoblashlar tarkibida qo`shimcha saqalagan moddalar",
    "theme": "Lesson",
    "course": "c1cacd4b-428e-4a7e-89a8-5974af999cbc",
    "level": null,
    "repeated_theme": [],
    "homework_files": [],
    "course_work_files": [],
    "extra_work_files": [],
    "videos": [],
    "files": [],
    "photos": []
  }
},
{
  "model": "subject.theme",
  "pk": "666daa5c-54d3-403f-9497-8396628e8596",
  "fields": {
    "filial": null,
    "created_at": "2025-04-15T17:45:27.890Z",
    "updated_at": "2025-04-15T17:45:27.891Z",
    "deleted_at": null,
    "subject": "db2ae60f-981e-455c-8298-eea48f36c92c",
    "title": "Lesson 10. Unit 3 cont",
    "description": "Video games and health \nReaching an agreement \nPlanning holiday activities \nCollocations \nAn informal letter \nUsing paragraphs to structure writing",
    "theme": "Lesson",
    "course": "1b727615-aea4-4a84-b462-f48bd81feff2",
    "level": "25c88649-62d0-4841-b6e7-c9a83e5a2cac",
    "repeated_theme": [],
    "homework_files": [],
    "course_work_files": [],
    "extra_work_files": [],
    "videos": [],
    "files": [],
    "photos": []
  }
},
{
  "model": "subject.theme",
  "pk": "683df895-88b4-490f-80be-4fd736aa7a13",
  "fields": {
    "filial": null,
    "created_at": "2025-04-17T03:03:51.342Z",
    "updated_at": "2025-04-17T03:03:51.342Z",
    "deleted_at": null,
    "subject": "c147b7fa-4eb5-4880-88e2-fb8e0f7d2328",
    "title": "Eritmalar",
    "description": "Normal konsentratsiya\nEkvivalent soni aniqlash takrorlash\n",
    "theme": "Lesson",
    "course": "c1cacd4b-428e-4a7e-89a8-5974af999cbc",
    "level": null,
    "repeated_theme": [],
    "homework_files": [],
    "course_work_files": [],
    "extra_work_files": [],
    "videos": [],
    "files": [],
    "photos": []
  }
},
{
  "model": "subject.theme",
  "pk": "6d47c30f-5bba-4457-ba98-718f903d8d60",
  "fields": {
    "filial": null,
    "created_at": "2025-04-15T17:36:06.801Z",
    "updated_at": "2025-04-15T17:36:06.802Z",
    "deleted_at": null,
    "subject": "db2ae60f-981e-455c-8298-eea48f36c92c",
    "title": "Lesson 7. Unit 2 cont",
    "description": "Photo description \nA structure for a photo description \nSpeculating about feelings \nUsing abbreviations and short forms\nOutdoor activities \nMaking suggestions",
    "theme": "Lesson",
    "course": "1b727615-aea4-4a84-b462-f48bd81feff2",
    "level": "25c88649-62d0-4841-b6e7-c9a83e5a2cac",
    "repeated_theme": [],
    "homework_files": [],
    "course_work_files": [],
    "extra_work_files": [],
    "videos": [],
    "files": [],
    "photos": []
  }
},
{
  "model": "subject.theme",
  "pk": "6e212b33-3d0e-4502-8cff-3d7b915052b0",
  "fields": {
    "filial": null,
    "created_at": "2025-04-17T03:03:51.630Z",
    "updated_at": "2025-04-17T03:03:51.631Z",
    "deleted_at": null,
    "subject": "c147b7fa-4eb5-4880-88e2-fb8e0f7d2328",
    "title": "Azotli organik birikmalar",
    "description": "Amino kislotalar. nomlanishi, olinishi va fizik-kimyoviy xossalari.",
    "theme": "Lesson",
    "course": "c1cacd4b-428e-4a7e-89a8-5974af999cbc",
    "level": null,
    "repeated_theme": [],
    "homework_files": [],
    "course_work_files": [],
    "extra_work_files": [],
    "videos": [],
    "files": [],
    "photos": []
  }
},
{
  "model": "subject.theme",
  "pk": "70149044-11d4-431f-b6e6-e884b8dc97e5",
  "fields": {
    "filial": null,
    "created_at": "2025-04-16T00:47:30.124Z",
    "updated_at": "2025-04-16T00:47:30.124Z",
    "deleted_at": null,
    "subject": "db2ae60f-981e-455c-8298-eea48f36c92c",
    "title": "Lesson 40. Video exercises",
    "description": "The English language \nMarks and Spencer\nSan Francisco \nAll related exercises and videos",
    "theme": "Lesson",
    "course": "1b727615-aea4-4a84-b462-f48bd81feff2",
    "level": "25c88649-62d0-4841-b6e7-c9a83e5a2cac",
    "repeated_theme": [],
    "homework_files": [],
    "course_work_files": [],
    "extra_work_files": [],
    "videos": [],
    "files": [],
    "photos": []
  }
},
{
  "model": "subject.theme",
  "pk": "7081aef9-26ac-4302-90b7-0a6324812ebc",
  "fields": {
    "filial": null,
    "created_at": "2025-04-15T17:48:41.633Z",
    "updated_at": "2025-04-15T17:48:41.634Z",
    "deleted_at": null,
    "subject": "db2ae60f-981e-455c-8298-eea48f36c92c",
    "title": "Lesson 11. Unit 4. Our Planet/Weather",
    "description": "Weather nouns, verbs, adjectives \nDescribing temperature \nPreparing and presenting a weather report \nComparative adjectives \nNatural disasters",
    "theme": "Lesson",
    "course": "1b727615-aea4-4a84-b462-f48bd81feff2",
    "level": "25c88649-62d0-4841-b6e7-c9a83e5a2cac",
    "repeated_theme": [],
    "homework_files": [],
    "course_work_files": [],
    "extra_work_files": [],
    "videos": [],
    "files": [],
    "photos": []
  }
},
{
  "model": "subject.theme",
  "pk": "7518be0d-9370-41e9-8ba8-d871e0d23573",
  "fields": {
    "filial": null,
    "created_at": "2025-04-17T03:03:51.332Z",
    "updated_at": "2025-04-17T03:03:51.332Z",
    "deleted_at": null,
    "subject": "c147b7fa-4eb5-4880-88e2-fb8e0f7d2328",
    "title": "Eritmalar",
    "description": "Foiz konsentratsiya\nmassa ulush aniqlash",
    "theme": "Lesson",
    "course": "c1cacd4b-428e-4a7e-89a8-5974af999cbc",
    "level": null,
    "repeated_theme": [],
    "homework_files": [],
    "course_work_files": [],
    "extra_work_files": [],
    "videos": [],
    "files": [],
    "photos": []
  }
},
{
  "model": "subject.theme",
  "pk": "774c2123-f226-41e1-ac3a-9d125f64fb4f",
  "fields": {
    "filial": null,
    "created_at": "2025-04-17T03:03:51.533Z",
    "updated_at": "2025-04-17T03:03:51.533Z",
    "deleted_at": null,
    "subject": "c147b7fa-4eb5-4880-88e2-fb8e0f7d2328",
    "title": "Alkinlar",
    "description": "Alkinlar tarifi, umumiy formulasi, gomologik \nqatori, gibridlanishi, nomenklaturasi, izomeriyasi, olinishi, fizik va kimyoviy xossalari",
    "theme": "Lesson",
    "course": "c1cacd4b-428e-4a7e-89a8-5974af999cbc",
    "level": null,
    "repeated_theme": [],
    "homework_files": [],
    "course_work_files": [],
    "extra_work_files": [],
    "videos": [],
    "files": [],
    "photos": []
  }
},
{
  "model": "subject.theme",
  "pk": "7d6f4ceb-74f0-465e-81e2-1c4b71dbddf3",
  "fields": {
    "filial": null,
    "created_at": "2025-04-17T03:03:51.351Z",
    "updated_at": "2025-04-17T03:03:51.352Z",
    "deleted_at": null,
    "subject": "c147b7fa-4eb5-4880-88e2-fb8e0f7d2328",
    "title": "Eritmalar",
    "description": "Molyal konsentratsiya",
    "theme": "Lesson",
    "course": "c1cacd4b-428e-4a7e-89a8-5974af999cbc",
    "level": null,
    "repeated_theme": [],
    "homework_files": [],
    "course_work_files": [],
    "extra_work_files": [],
    "videos": [],
    "files": [],
    "photos": []
  }
},
{
  "model": "subject.theme",
  "pk": "7e776738-fe75-4a13-977d-86bdd3ea5a9a",
  "fields": {
    "filial": null,
    "created_at": "2025-04-15T17:24:53.243Z",
    "updated_at": "2025-04-15T17:24:53.244Z",
    "deleted_at": null,
    "subject": "db2ae60f-981e-455c-8298-eea48f36c92c",
    "title": "Lesson 4. Unit 1 cont",
    "description": "Accidents and injuries \nNarrating events \nA structure for narrating events \nReacting and showing interest \nSummer activities \nPhrasal verbs and register",
    "theme": "Lesson",
    "course": "1b727615-aea4-4a84-b462-f48bd81feff2",
    "level": "25c88649-62d0-4841-b6e7-c9a83e5a2cac",
    "repeated_theme": [],
    "homework_files": [],
    "course_work_files": [],
    "extra_work_files": [],
    "videos": [],
    "files": [],
    "photos": []
  }
},
{
  "model": "subject.theme",
  "pk": "7ec48f6a-a950-4d7c-96fc-947a5f4cedff",
  "fields": {
    "filial": null,
    "created_at": "2025-04-15T17:59:47.426Z",
    "updated_at": "2025-04-15T17:59:47.426Z",
    "deleted_at": null,
    "subject": "db2ae60f-981e-455c-8298-eea48f36c92c",
    "title": "Lesson 15. Unit 5. Ambition/Jobs",
    "description": "Describing jobs\nWork activities \nA questionnaire \nPast simple affirmative and negative \nWill and going to\nSignposting",
    "theme": "Lesson",
    "course": "1b727615-aea4-4a84-b462-f48bd81feff2",
    "level": "25c88649-62d0-4841-b6e7-c9a83e5a2cac",
    "repeated_theme": [],
    "homework_files": [],
    "course_work_files": [],
    "extra_work_files": [],
    "videos": [],
    "files": [],
    "photos": []
  }
},
{
  "model": "subject.theme",
  "pk": "7f42256c-708d-4327-9230-8eb575a17680",
  "fields": {
    "filial": null,
    "created_at": "2025-04-16T00:45:40.121Z",
    "updated_at": "2025-04-16T00:45:40.121Z",
    "deleted_at": null,
    "subject": "db2ae60f-981e-455c-8298-eea48f36c92c",
    "title": "Lesson 39. Video exercises",
    "description": "The British and the weather \nThe British landscape \nThe CSI effect \nAll related exercises and videos",
    "theme": "Lesson",
    "course": "1b727615-aea4-4a84-b462-f48bd81feff2",
    "level": "25c88649-62d0-4841-b6e7-c9a83e5a2cac",
    "repeated_theme": [],
    "homework_files": [],
    "course_work_files": [],
    "extra_work_files": [],
    "videos": [],
    "files": [],
    "photos": []
  }
},
{
  "model": "subject.theme",
  "pk": "806eaf20-5d1d-40f0-a869-e6a6fbd1bb67",
  "fields": {
    "filial": null,
    "created_at": "2025-04-17T03:03:51.108Z",
    "updated_at": "2025-04-17T03:03:51.108Z",
    "deleted_at": null,
    "subject": "c147b7fa-4eb5-4880-88e2-fb8e0f7d2328",
    "title": "Tuzlar",
    "description": "Tuzlar\numumiy formulasi\ntoifalanishi\no`rta tuz\nnomlanishi \nolinishi\nfizik va kimyoviy xossalari\ngrafik formulasi\nsigma va pi bog' soni",
    "theme": "Lesson",
    "course": "c1cacd4b-428e-4a7e-89a8-5974af999cbc",
    "level": null,
    "repeated_theme": [],
    "homework_files": [],
    "course_work_files": [],
    "extra_work_files": [],
    "videos": [],
    "files": [],
    "photos": []
  }
},
{
  "model": "subject.theme",
  "pk": "86bb2956-a89f-48de-b778-c1a21d1fd0a6",
  "fields": {
    "filial": null,
    "created_at": "2025-04-17T03:03:51.614Z",
    "updated_at": "2025-04-17T03:03:51.614Z",
    "deleted_at": null,
    "subject": "c147b7fa-4eb5-4880-88e2-fb8e0f7d2328",
    "title": "Uglevodlar",
    "description": "Uglevodlar ta'rifi, monosaxarid, disaxarid, \npolisaxaridlar tariflarni, umumiy formulalari, olinishi, fizik va kimyoviy xossalari",
    "theme": "Lesson",
    "course": "c1cacd4b-428e-4a7e-89a8-5974af999cbc",
    "level": null,
    "repeated_theme": [],
    "homework_files": [],
    "course_work_files": [],
    "extra_work_files": [],
    "videos": [],
    "files": [],
    "photos": []
  }
},
{
  "model": "subject.theme",
  "pk": "86d6fc38-3295-4c7e-8746-e22615a3f423",
  "fields": {
    "filial": null,
    "created_at": "2025-04-15T18:29:58.291Z",
    "updated_at": "2025-04-15T18:29:58.292Z",
    "deleted_at": null,
    "subject": "db2ae60f-981e-455c-8298-eea48f36c92c",
    "title": "Lesson 26. Unit 8 cont",
    "description": "Reported speech\nTheme related game\nVideo\nMultiple choice questions\nEvery day items vocabulary",
    "theme": "Lesson",
    "course": "1b727615-aea4-4a84-b462-f48bd81feff2",
    "level": "25c88649-62d0-4841-b6e7-c9a83e5a2cac",
    "repeated_theme": [],
    "homework_files": [],
    "course_work_files": [],
    "extra_work_files": [],
    "videos": [],
    "files": [],
    "photos": []
  }
},
{
  "model": "subject.theme",
  "pk": "8a99de95-4f88-49d7-bf21-ce9d80a67206",
  "fields": {
    "filial": null,
    "created_at": "2025-04-17T03:03:51.451Z",
    "updated_at": "2025-04-17T03:03:51.451Z",
    "deleted_at": null,
    "subject": "c147b7fa-4eb5-4880-88e2-fb8e0f7d2328",
    "title": "Aralashmalar",
    "description": "Metall va metallmaslar aralashmasiga oid masalalar",
    "theme": "Lesson",
    "course": "c1cacd4b-428e-4a7e-89a8-5974af999cbc",
    "level": null,
    "repeated_theme": [],
    "homework_files": [],
    "course_work_files": [],
    "extra_work_files": [],
    "videos": [],
    "files": [],
    "photos": []
  }
},
{
  "model": "subject.theme",
  "pk": "8c60c126-036d-4118-8ce5-fc002f6b09c8",
  "fields": {
    "filial": null,
    "created_at": "2025-04-17T03:03:51.469Z",
    "updated_at": "2025-04-17T03:03:51.470Z",
    "deleted_at": null,
    "subject": "c147b7fa-4eb5-4880-88e2-fb8e0f7d2328",
    "title": "Elektrostatik jarayonlar",
    "description": "Faradeyning 1-qonuni tarifi\nFaradeyning 2-qonuni tarifi\nqonunlarga oid misollar",
    "theme": "Lesson",
    "course": "c1cacd4b-428e-4a7e-89a8-5974af999cbc",
    "level": null,
    "repeated_theme": [],
    "homework_files": [],
    "course_work_files": [],
    "extra_work_files": [],
    "videos": [],
    "files": [],
    "photos": []
  }
},
{
  "model": "subject.theme",
  "pk": "8df69186-50ee-4b35-b1cf-05fca26ce086",
  "fields": {
    "filial": null,
    "created_at": "2025-04-17T03:03:51.139Z",
    "updated_at": "2025-04-17T03:03:51.140Z",
    "deleted_at": null,
    "subject": "c147b7fa-4eb5-4880-88e2-fb8e0f7d2328",
    "title": "Miqdoriy qonunlar",
    "description": "Tarkibning doimiylik qonuni, mol nisbat massa nisbat, \nmoddda tarkibidagi elementlarni foiz va mol ulushuni aniqlash",
    "theme": "Lesson",
    "course": "c1cacd4b-428e-4a7e-89a8-5974af999cbc",
    "level": null,
    "repeated_theme": [],
    "homework_files": [],
    "course_work_files": [],
    "extra_work_files": [],
    "videos": [],
    "files": [],
    "photos": []
  }
},
{
  "model": "subject.theme",
  "pk": "8efd9eed-c91a-4821-8360-ebcf03763c29",
  "fields": {
    "filial": null,
    "created_at": "2025-04-16T13:59:24.357Z",
    "updated_at": "2025-04-16T13:59:24.358Z",
    "deleted_at": null,
    "subject": "db2ae60f-981e-455c-8298-eea48f36c92c",
    "title": "LESSON 3",
    "description": "1 C/D\n\nListening\nTo be/ get used to\nUsed to",
    "theme": "Lesson",
    "course": "1b727615-aea4-4a84-b462-f48bd81feff2",
    "level": "79faf5b6-5ff5-46ea-8268-b2a7c4a814b5",
    "repeated_theme": [],
    "homework_files": [],
    "course_work_files": [],
    "extra_work_files": [],
    "videos": [],
    "files": [],
    "photos": []
  }
},
{
  "model": "subject.theme",
  "pk": "906543aa-d4b4-490f-9e79-ac1d4b957485",
  "fields": {
    "filial": null,
    "created_at": "2025-04-15T18:21:23.451Z",
    "updated_at": "2025-04-15T18:21:23.452Z",
    "deleted_at": null,
    "subject": "db2ae60f-981e-455c-8298-eea48f36c92c",
    "title": "Lesson 23. Unit 7 cont",
    "description": "Gapped sentences task\nPhoto comparison and presentation \nComparing similarities and differences \nAn opinion essay varying sentence structure",
    "theme": "Lesson",
    "course": "1b727615-aea4-4a84-b462-f48bd81feff2",
    "level": "25c88649-62d0-4841-b6e7-c9a83e5a2cac",
    "repeated_theme": [],
    "homework_files": [],
    "course_work_files": [],
    "extra_work_files": [],
    "videos": [],
    "files": [],
    "photos": []
  }
},
{
  "model": "subject.theme",
  "pk": "907ce259-7806-4d5e-8309-5efd252e361a",
  "fields": {
    "filial": null,
    "created_at": "2025-04-17T03:03:51.093Z",
    "updated_at": "2025-04-17T03:03:51.094Z",
    "deleted_at": null,
    "subject": "c147b7fa-4eb5-4880-88e2-fb8e0f7d2328",
    "title": "Asos va kislota qoldig'i",
    "description": "Asos va kislotalarning qoldig'larini yozish\nnomlash\nularning grafik formulalari",
    "theme": "Lesson",
    "course": "c1cacd4b-428e-4a7e-89a8-5974af999cbc",
    "level": null,
    "repeated_theme": [],
    "homework_files": [],
    "course_work_files": [],
    "extra_work_files": [],
    "videos": [],
    "files": [],
    "photos": []
  }
},
{
  "model": "subject.theme",
  "pk": "9251ed8d-f79e-4172-98fc-2a48a4852bb1",
  "fields": {
    "filial": null,
    "created_at": "2025-04-17T03:03:51.389Z",
    "updated_at": "2025-04-17T03:03:51.389Z",
    "deleted_at": null,
    "subject": "c147b7fa-4eb5-4880-88e2-fb8e0f7d2328",
    "title": "Oksidlanish qaytarilishi \nreaksiyalari",
    "description": "oksidlanish-qaytarilish reaksiyalarini elektron balans usuli orqali tenglashtirish\nreaksiyalarda moddalarning ekvivalent massasini aniqlash",
    "theme": "Lesson",
    "course": "c1cacd4b-428e-4a7e-89a8-5974af999cbc",
    "level": null,
    "repeated_theme": [],
    "homework_files": [],
    "course_work_files": [],
    "extra_work_files": [],
    "videos": [],
    "files": [],
    "photos": []
  }
},
{
  "model": "subject.theme",
  "pk": "92bd36b1-7e51-429a-a7b4-a7499d1e52ce",
  "fields": {
    "filial": null,
    "created_at": "2025-04-17T03:03:51.625Z",
    "updated_at": "2025-04-17T03:03:51.625Z",
    "deleted_at": null,
    "subject": "c147b7fa-4eb5-4880-88e2-fb8e0f7d2328",
    "title": "Azotli organik birikmalar",
    "description": "Aminlar. nomlanishi, izomeriyasi olinishi va fizik-kimyoviy xossalari.",
    "theme": "Lesson",
    "course": "c1cacd4b-428e-4a7e-89a8-5974af999cbc",
    "level": null,
    "repeated_theme": [],
    "homework_files": [],
    "course_work_files": [],
    "extra_work_files": [],
    "videos": [],
    "files": [],
    "photos": []
  }
},
{
  "model": "subject.theme",
  "pk": "949f3843-360d-4646-8ab0-13a3affff368",
  "fields": {
    "filial": null,
    "created_at": "2025-04-15T18:27:37.359Z",
    "updated_at": "2025-04-15T18:27:37.359Z",
    "deleted_at": null,
    "subject": "db2ae60f-981e-455c-8298-eea48f36c92c",
    "title": "Lesson 25. Unit 8. Crime and criminals",
    "description": "Theme related vocabularies \nCollocations \nComparative and superlatives \nPronouns and time expressions in reported speech\nListening strategies",
    "theme": "Lesson",
    "course": "1b727615-aea4-4a84-b462-f48bd81feff2",
    "level": "25c88649-62d0-4841-b6e7-c9a83e5a2cac",
    "repeated_theme": [],
    "homework_files": [],
    "course_work_files": [],
    "extra_work_files": [],
    "videos": [],
    "files": [],
    "photos": []
  }
},
{
  "model": "subject.theme",
  "pk": "95df796d-e4a4-4f88-89f9-5f59530b5e40",
  "fields": {
    "filial": null,
    "created_at": "2025-04-15T17:54:31.743Z",
    "updated_at": "2025-04-15T17:54:31.744Z",
    "deleted_at": null,
    "subject": "db2ae60f-981e-455c-8298-eea48f36c92c",
    "title": "Lesson 13. Unit 4 cont",
    "description": "Photo comparison \nA structure for a photo description \nMust and cant for making deductions \nComparing and contrasting \nAn article \nPresenting opinions\nAnd counter arguments",
    "theme": "Lesson",
    "course": "1b727615-aea4-4a84-b462-f48bd81feff2",
    "level": "25c88649-62d0-4841-b6e7-c9a83e5a2cac",
    "repeated_theme": [],
    "homework_files": [],
    "course_work_files": [],
    "extra_work_files": [],
    "videos": [],
    "files": [],
    "photos": []
  }
},
{
  "model": "subject.theme",
  "pk": "9616ca4f-b21d-4635-a359-1e8436d65e9a",
  "fields": {
    "filial": null,
    "created_at": "2025-04-17T03:03:51.158Z",
    "updated_at": "2025-04-17T03:03:51.158Z",
    "deleted_at": null,
    "subject": "c147b7fa-4eb5-4880-88e2-fb8e0f7d2328",
    "title": "Takrorlash",
    "description": "Massaning saqlanish qonuni, Hajmiy nisbatlar, Karrali  nisbatlar qonuni, Avogadro qonunlari bo'yicha masala ishlash, barhasini bir biriga bog'lagan holatda misollar ishlash.",
    "theme": "Lesson",
    "course": "c1cacd4b-428e-4a7e-89a8-5974af999cbc",
    "level": null,
    "repeated_theme": [],
    "homework_files": [],
    "course_work_files": [],
    "extra_work_files": [],
    "videos": [],
    "files": [],
    "photos": []
  }
},
{
  "model": "subject.theme",
  "pk": "96b50df9-b828-40e1-8d27-bf6875119f3c",
  "fields": {
    "filial": null,
    "created_at": "2025-04-15T18:09:50.199Z",
    "updated_at": "2025-04-15T18:09:50.200Z",
    "deleted_at": null,
    "subject": "db2ae60f-981e-455c-8298-eea48f36c92c",
    "title": "Lesson 19. Unit 6 cont",
    "description": "Video\nPast simple and present perfect contrast \nFinished time expressions\nCompound nouns",
    "theme": "Lesson",
    "course": "1b727615-aea4-4a84-b462-f48bd81feff2",
    "level": "25c88649-62d0-4841-b6e7-c9a83e5a2cac",
    "repeated_theme": [],
    "homework_files": [],
    "course_work_files": [],
    "extra_work_files": [],
    "videos": [],
    "files": [],
    "photos": []
  }
},
{
  "model": "subject.theme",
  "pk": "9d921a27-65a5-40b9-b1ac-664fd4b77140",
  "fields": {
    "filial": null,
    "created_at": "2025-04-17T03:03:51.098Z",
    "updated_at": "2025-04-17T03:03:51.098Z",
    "deleted_at": null,
    "subject": "c147b7fa-4eb5-4880-88e2-fb8e0f7d2328",
    "title": "Kimyoviy reaksiya",
    "description": "Kimyoviy reaksiya va uning turlari, toifalanishi, \nBirikish\no`rin olish\nalmashinish\nparchalanish reaksiyalari\nqaytar va qaytmas reaksiyalar\nekzotermik \nendotermik reaksiyalar\nreaksiyani tenglash",
    "theme": "Lesson",
    "course": "c1cacd4b-428e-4a7e-89a8-5974af999cbc",
    "level": null,
    "repeated_theme": [],
    "homework_files": [],
    "course_work_files": [],
    "extra_work_files": [],
    "videos": [],
    "files": [],
    "photos": []
  }
},
{
  "model": "subject.theme",
  "pk": "9f0458af-6d3d-4042-89a6-925b9089e688",
  "fields": {
    "filial": null,
    "created_at": "2025-04-17T03:03:51.214Z",
    "updated_at": "2025-04-17T03:03:51.214Z",
    "deleted_at": null,
    "subject": "c147b7fa-4eb5-4880-88e2-fb8e0f7d2328",
    "title": "Elektron konfiguratsiya",
    "description": "energetik pogonalar  \nenergetik pogonachalar  \nelektron konfiguratsiya\nmurakkab modda tarkibidagi atomlarni elektron konfiguratsiyasi\n",
    "theme": "Lesson",
    "course": "c1cacd4b-428e-4a7e-89a8-5974af999cbc",
    "level": null,
    "repeated_theme": [],
    "homework_files": [],
    "course_work_files": [],
    "extra_work_files": [],
    "videos": [],
    "files": [],
    "photos": []
  }
},
{
  "model": "subject.theme",
  "pk": "a24e1bc7-17d7-427c-9cfe-f685d0c3c1d6",
  "fields": {
    "filial": null,
    "created_at": "2025-04-17T03:03:51.603Z",
    "updated_at": "2025-04-17T03:03:51.604Z",
    "deleted_at": null,
    "subject": "c147b7fa-4eb5-4880-88e2-fb8e0f7d2328",
    "title": "Murakkab efirlar",
    "description": "Murakkab efirlarning, tarifi, umumiy formulasi, gomologik qatori, toifalanishi, gibridlanishi, nomenklaturasi, izomeriyasi, olinishi, fizik va kimyoviy xossalari",
    "theme": "Lesson",
    "course": "c1cacd4b-428e-4a7e-89a8-5974af999cbc",
    "level": null,
    "repeated_theme": [],
    "homework_files": [],
    "course_work_files": [],
    "extra_work_files": [],
    "videos": [],
    "files": [],
    "photos": []
  }
},
{
  "model": "subject.theme",
  "pk": "a33c59c4-e3b1-4bd2-a9bf-cafc66a34974",
  "fields": {
    "filial": null,
    "created_at": "2025-04-16T00:37:20.149Z",
    "updated_at": "2025-04-16T00:39:50.846Z",
    "deleted_at": null,
    "subject": "db2ae60f-981e-455c-8298-eea48f36c92c",
    "title": "Lesson 36. Grammar builder and grammar reference",
    "description": "Grammar builder and grammar reference of introduction unit , and 1-2-3rd units",
    "theme": "Lesson",
    "course": "1b727615-aea4-4a84-b462-f48bd81feff2",
    "level": "25c88649-62d0-4841-b6e7-c9a83e5a2cac",
    "repeated_theme": [],
    "homework_files": [],
    "course_work_files": [],
    "extra_work_files": [],
    "videos": [],
    "files": [],
    "photos": []
  }
},
{
  "model": "subject.theme",
  "pk": "a3807384-5f46-48c7-bc51-3c3a4080a39d",
  "fields": {
    "filial": null,
    "created_at": "2025-04-17T03:03:51.423Z",
    "updated_at": "2025-04-17T03:03:51.423Z",
    "deleted_at": null,
    "subject": "c147b7fa-4eb5-4880-88e2-fb8e0f7d2328",
    "title": "Elektrolitik dissotsialanish",
    "description": "kislota\nasos \ntuzlarning eritmalarda dissotsiyalanishi dissotsiyalanish doimiysi",
    "theme": "Lesson",
    "course": "c1cacd4b-428e-4a7e-89a8-5974af999cbc",
    "level": null,
    "repeated_theme": [],
    "homework_files": [],
    "course_work_files": [],
    "extra_work_files": [],
    "videos": [],
    "files": [],
    "photos": []
  }
},
{
  "model": "subject.theme",
  "pk": "a6bd48de-ab81-4675-898b-9c46f92acd4d",
  "fields": {
    "filial": null,
    "created_at": "2025-04-15T17:57:03.552Z",
    "updated_at": "2025-04-15T17:57:03.552Z",
    "deleted_at": null,
    "subject": "db2ae60f-981e-455c-8298-eea48f36c92c",
    "title": "Lesson 14. Revision",
    "description": "Repitition\nUnit related tasks\nGames\nVideo",
    "theme": "Lesson",
    "course": "1b727615-aea4-4a84-b462-f48bd81feff2",
    "level": "25c88649-62d0-4841-b6e7-c9a83e5a2cac",
    "repeated_theme": [],
    "homework_files": [],
    "course_work_files": [],
    "extra_work_files": [],
    "videos": [],
    "files": [],
    "photos": []
  }
},
{
  "model": "subject.theme",
  "pk": "a6cf6aec-198e-47b6-96e3-5072e64d740a",
  "fields": {
    "filial": null,
    "created_at": "2025-04-17T03:03:51.103Z",
    "updated_at": "2025-04-17T03:03:51.103Z",
    "deleted_at": null,
    "subject": "c147b7fa-4eb5-4880-88e2-fb8e0f7d2328",
    "title": "Oksid , Asos va Kislotalarning \nolinishi",
    "description": "Oksid\nkislota va asoslarni olinish usullari\nkimyoxiy xossalari\nreaksiya yozishni o'rganish",
    "theme": "Lesson",
    "course": "c1cacd4b-428e-4a7e-89a8-5974af999cbc",
    "level": null,
    "repeated_theme": [],
    "homework_files": [],
    "course_work_files": [],
    "extra_work_files": [],
    "videos": [],
    "files": [],
    "photos": []
  }
},
{
  "model": "subject.theme",
  "pk": "a774f3ec-a05b-4bff-9247-e32a3692e158",
  "fields": {
    "filial": null,
    "created_at": "2025-04-17T03:03:51.566Z",
    "updated_at": "2025-04-17T03:03:51.566Z",
    "deleted_at": null,
    "subject": "c147b7fa-4eb5-4880-88e2-fb8e0f7d2328",
    "title": "Kislorodli organik birikmalar",
    "description": "Bir atomli spirtlar, tarifi, umumiy formulasi, gomologik qatori, toifalanishi, gibridlanishi, nomenklaturasi, izomeriyasi, olinishi, fizik va kimyoviy xossalari",
    "theme": "Lesson",
    "course": "c1cacd4b-428e-4a7e-89a8-5974af999cbc",
    "level": null,
    "repeated_theme": [],
    "homework_files": [],
    "course_work_files": [],
    "extra_work_files": [],
    "videos": [],
    "files": [],
    "photos": []
  }
},
{
  "model": "subject.theme",
  "pk": "a7a8109d-472d-45cf-a6b3-8d59d8e544ec",
  "fields": {
    "filial": null,
    "created_at": "2025-04-17T03:03:51.372Z",
    "updated_at": "2025-04-17T03:03:51.373Z",
    "deleted_at": null,
    "subject": "c147b7fa-4eb5-4880-88e2-fb8e0f7d2328",
    "title": "Takrorlash",
    "description": "Eritma va eruvchanlikka oid muammoli  masalalar ",
    "theme": "Lesson",
    "course": "c1cacd4b-428e-4a7e-89a8-5974af999cbc",
    "level": null,
    "repeated_theme": [],
    "homework_files": [],
    "course_work_files": [],
    "extra_work_files": [],
    "videos": [],
    "files": [],
    "photos": []
  }
},
{
  "model": "subject.theme",
  "pk": "a86db21d-8626-4f72-a5bd-99705147a297",
  "fields": {
    "filial": null,
    "created_at": "2025-04-17T03:03:51.079Z",
    "updated_at": "2025-04-17T03:03:51.079Z",
    "deleted_at": null,
    "subject": "c147b7fa-4eb5-4880-88e2-fb8e0f7d2328",
    "title": "Oksidlar",
    "description": "toifalanishi\nolinishi fizik\nkimyoviy xossalar",
    "theme": "Lesson",
    "course": "c1cacd4b-428e-4a7e-89a8-5974af999cbc",
    "level": null,
    "repeated_theme": [],
    "homework_files": [],
    "course_work_files": [],
    "extra_work_files": [],
    "videos": [],
    "files": [],
    "photos": []
  }
},
{
  "model": "subject.theme",
  "pk": "abb7a7d2-87b6-4209-9a92-0a87c760eee2",
  "fields": {
    "filial": null,
    "created_at": "2025-04-17T03:03:51.270Z",
    "updated_at": "2025-04-17T03:03:51.271Z",
    "deleted_at": null,
    "subject": "c147b7fa-4eb5-4880-88e2-fb8e0f7d2328",
    "title": "Kristall panjara turlari",
    "description": "Amorf va kristall tuzilishli moddalar\nKristall tuzilish turlari\nmolekulyar kristal panjara hosil qiluvchi\nmoddalar va ularning xossalari\natom kristal panjara hosil qiluvchi moddalar va ularning xossalari\nion kristal panjara hosil qiluvchi moddalar\nva ularning xossalari\nmetal kristal panjara hosil qiluvchi moddalar va ularning xossalari",
    "theme": "Lesson",
    "course": "c1cacd4b-428e-4a7e-89a8-5974af999cbc",
    "level": null,
    "repeated_theme": [],
    "homework_files": [],
    "course_work_files": [],
    "extra_work_files": [],
    "videos": [],
    "files": [],
    "photos": []
  }
},
{
  "model": "subject.theme",
  "pk": "ac7a3876-551b-4876-9310-647d71db23d6",
  "fields": {
    "filial": null,
    "created_at": "2025-04-17T03:03:51.323Z",
    "updated_at": "2025-04-17T03:03:51.323Z",
    "deleted_at": null,
    "subject": "c147b7fa-4eb5-4880-88e2-fb8e0f7d2328",
    "title": "Gazlar aralashmasi",
    "description": "Gazlar aralashmasiga oid masalalar, kimyoviy reaksiya orqali hisoblashlar",
    "theme": "Lesson",
    "course": "c1cacd4b-428e-4a7e-89a8-5974af999cbc",
    "level": null,
    "repeated_theme": [],
    "homework_files": [],
    "course_work_files": [],
    "extra_work_files": [],
    "videos": [],
    "files": [],
    "photos": []
  }
},
{
  "model": "subject.theme",
  "pk": "ac9cc41a-8415-4f74-8552-8f3335e4339d",
  "fields": {
    "filial": null,
    "created_at": "2025-04-17T03:03:51.511Z",
    "updated_at": "2025-04-17T03:03:51.512Z",
    "deleted_at": null,
    "subject": "c147b7fa-4eb5-4880-88e2-fb8e0f7d2328",
    "title": "Sikloalkan",
    "description": "Sikloalkanlar tarifi, umumiy formulasi, gomologik \nqatori, gibridlanishi, nomenklaturasi, izomeriyasi, olinishi, fizik va kimyoviy xossalari",
    "theme": "Lesson",
    "course": "c1cacd4b-428e-4a7e-89a8-5974af999cbc",
    "level": null,
    "repeated_theme": [],
    "homework_files": [],
    "course_work_files": [],
    "extra_work_files": [],
    "videos": [],
    "files": [],
    "photos": []
  }
},
{
  "model": "subject.theme",
  "pk": "ae4a58e8-1269-4ecf-90bf-a23e1a3abb81",
  "fields": {
    "filial": null,
    "created_at": "2025-04-15T18:16:17.204Z",
    "updated_at": "2025-04-15T18:16:17.205Z",
    "deleted_at": null,
    "subject": "db2ae60f-981e-455c-8298-eea48f36c92c",
    "title": "Lesson 21. Unit 7. Money/Spending Power",
    "description": "Numbers and currency \nShops and services \nPresent perfect with ever for asking experiences\nSecond conditional\nGame( unit related",
    "theme": "Lesson",
    "course": "1b727615-aea4-4a84-b462-f48bd81feff2",
    "level": "25c88649-62d0-4841-b6e7-c9a83e5a2cac",
    "repeated_theme": [],
    "homework_files": [],
    "course_work_files": [],
    "extra_work_files": [],
    "videos": [],
    "files": [],
    "photos": []
  }
},
{
  "model": "subject.theme",
  "pk": "af24a531-b391-4f7b-9446-8446b8c40a5f",
  "fields": {
    "filial": null,
    "created_at": "2025-04-17T03:03:51.379Z",
    "updated_at": "2025-04-17T03:03:51.379Z",
    "deleted_at": null,
    "subject": "c147b7fa-4eb5-4880-88e2-fb8e0f7d2328",
    "title": "Oksidlanish qaytarilishi \nreaksiyalari",
    "description": "oksidlanish darajasi \noksidlanish-qaytarilish reaksiyalari oksidlovchi va qaytaruvchini topish oksidlanish va qaytarilish jarayoni\nfaqat qaytaruvchi\nfaqat oksidlovchi\nham oksidlovchi ham qaytaruvchi moddalarni ajratish\nOksidlanish qaytarilishi reaksiya turlari\n",
    "theme": "Lesson",
    "course": "c1cacd4b-428e-4a7e-89a8-5974af999cbc",
    "level": null,
    "repeated_theme": [],
    "homework_files": [],
    "course_work_files": [],
    "extra_work_files": [],
    "videos": [],
    "files": [],
    "photos": []
  }
},
{
  "model": "subject.theme",
  "pk": "af7a3eb3-77b3-4a5f-8d45-b2cd804434cb",
  "fields": {
    "filial": null,
    "created_at": "2025-04-17T03:03:51.236Z",
    "updated_at": "2025-04-17T03:03:51.237Z",
    "deleted_at": null,
    "subject": "c147b7fa-4eb5-4880-88e2-fb8e0f7d2328",
    "title": "nan",
    "description": "tolgan va tolmagan pogona\ntolgan va tolmagan pogonacha\ntoq elektronlar va juftlashgan elektronlar\ntashqi pogonadagi elektronlarni hisoblash\nvalent elektronlarni hisoblash\nelektron berish va qabul qilish\nionlarning elektron konfiguratsiyasi",
    "theme": "Lesson",
    "course": "c1cacd4b-428e-4a7e-89a8-5974af999cbc",
    "level": null,
    "repeated_theme": [],
    "homework_files": [],
    "course_work_files": [],
    "extra_work_files": [],
    "videos": [],
    "files": [],
    "photos": []
  }
},
{
  "model": "subject.theme",
  "pk": "b0b976c5-c405-47ee-8422-4bac911b7fc1",
  "fields": {
    "filial": null,
    "created_at": "2025-04-16T14:02:33.964Z",
    "updated_at": "2025-04-16T14:02:33.965Z",
    "deleted_at": null,
    "subject": "db2ae60f-981e-455c-8298-eea48f36c92c",
    "title": "LESSON 4",
    "description": "1 E/F\n\nPhrasal verbs\nReading\nSpeaking",
    "theme": "Lesson",
    "course": "1b727615-aea4-4a84-b462-f48bd81feff2",
    "level": "79faf5b6-5ff5-46ea-8268-b2a7c4a814b5",
    "repeated_theme": [],
    "homework_files": [],
    "course_work_files": [],
    "extra_work_files": [],
    "videos": [],
    "files": [],
    "photos": []
  }
},
{
  "model": "subject.theme",
  "pk": "b192e04e-dffa-4780-95c1-ed8ec2dee2a2",
  "fields": {
    "filial": null,
    "created_at": "2025-04-17T03:03:51.496Z",
    "updated_at": "2025-04-17T03:03:51.496Z",
    "deleted_at": null,
    "subject": "c147b7fa-4eb5-4880-88e2-fb8e0f7d2328",
    "title": "Organik kimyoga kirish",
    "description": "Organik kimyo tarixi, organik birikmalarning oziga xos xususiyatlari, organik moddalarning tuzilish nazariyasi, organik birikmalarning sinflanishi, organik birikmalarda elementlarning oksidlanish darjasini hisoblash, izomeriya tushunchasi",
    "theme": "Lesson",
    "course": "c1cacd4b-428e-4a7e-89a8-5974af999cbc",
    "level": null,
    "repeated_theme": [],
    "homework_files": [],
    "course_work_files": [],
    "extra_work_files": [],
    "videos": [],
    "files": [],
    "photos": []
  }
},
{
  "model": "subject.theme",
  "pk": "b2249c50-44ea-4b33-9151-f505b079066c",
  "fields": {
    "filial": null,
    "created_at": "2025-04-17T03:03:51.428Z",
    "updated_at": "2025-04-17T03:03:51.428Z",
    "deleted_at": null,
    "subject": "c147b7fa-4eb5-4880-88e2-fb8e0f7d2328",
    "title": "Tuzlar gidrolizi",
    "description": "kuchsiz asos bilan kuchli kislotadan hosil bolgan tuzlar gidrolizi\neritma muhiti\nkuchli asos bilan kuchsiz kislotadan hosil  bolgan tuzlar gidrolizi\neritma muhiti\nkuchsiz asos bilan kuchsiz kislotadan hosil bolgan tuzlar gidrolizi\neritma muhiti\ngidrolizga tasir etuvchi omillar: harorat, konsentratsiya, eritma muhiti",
    "theme": "Lesson",
    "course": "c1cacd4b-428e-4a7e-89a8-5974af999cbc",
    "level": null,
    "repeated_theme": [],
    "homework_files": [],
    "course_work_files": [],
    "extra_work_files": [],
    "videos": [],
    "files": [],
    "photos": []
  }
},
{
  "model": "subject.theme",
  "pk": "b2423d40-c625-4d9f-b088-7c14e2539470",
  "fields": {
    "filial": null,
    "created_at": "2025-04-17T03:03:51.209Z",
    "updated_at": "2025-04-17T03:03:51.210Z",
    "deleted_at": null,
    "subject": "c147b7fa-4eb5-4880-88e2-fb8e0f7d2328",
    "title": "Atom tuzilishi ",
    "description": "Atom tarkibi\natom haqidagi olimlar fikri va qilgan ishlari\nelektron konfiguratsiya \nelektronlarni to`lib borish tartibi\nKlechkovskiy qoidasi\npog'ona va pog'onacha",
    "theme": "Lesson",
    "course": "c1cacd4b-428e-4a7e-89a8-5974af999cbc",
    "level": null,
    "repeated_theme": [],
    "homework_files": [],
    "course_work_files": [],
    "extra_work_files": [],
    "videos": [],
    "files": [],
    "photos": []
  }
},
{
  "model": "subject.theme",
  "pk": "b62767a1-6b06-4e24-b5e0-a08b49b513e9",
  "fields": {
    "filial": null,
    "created_at": "2025-04-17T03:03:51.394Z",
    "updated_at": "2025-04-17T03:03:51.394Z",
    "deleted_at": null,
    "subject": "c147b7fa-4eb5-4880-88e2-fb8e0f7d2328",
    "title": "Kimyoviy reaksiya kinetikasi",
    "description": "Reaksiya tezligi, u haqida tushuncha\n reaksiya o`rtacha  tezligi\n",
    "theme": "Lesson",
    "course": "c1cacd4b-428e-4a7e-89a8-5974af999cbc",
    "level": null,
    "repeated_theme": [],
    "homework_files": [],
    "course_work_files": [],
    "extra_work_files": [],
    "videos": [],
    "files": [],
    "photos": []
  }
},
{
  "model": "subject.theme",
  "pk": "ba263d39-8c7e-4721-aaf9-e8817fcdd2e2",
  "fields": {
    "filial": null,
    "created_at": "2025-04-17T03:03:51.475Z",
    "updated_at": "2025-04-17T03:03:51.475Z",
    "deleted_at": null,
    "subject": "c147b7fa-4eb5-4880-88e2-fb8e0f7d2328",
    "title": "Takrorlash",
    "description": "elektrolizga oid murakkabroq masalalar",
    "theme": "Lesson",
    "course": "c1cacd4b-428e-4a7e-89a8-5974af999cbc",
    "level": null,
    "repeated_theme": [],
    "homework_files": [],
    "course_work_files": [],
    "extra_work_files": [],
    "videos": [],
    "files": [],
    "photos": []
  }
},
{
  "model": "subject.theme",
  "pk": "bab353ac-bb79-4cf6-b702-586c7cdec5ab",
  "fields": {
    "filial": null,
    "created_at": "2025-04-17T03:03:51.162Z",
    "updated_at": "2025-04-17T03:03:51.163Z",
    "deleted_at": null,
    "subject": "c147b7fa-4eb5-4880-88e2-fb8e0f7d2328",
    "title": "Mol modda miqdori",
    "description": "Modda massasini xisoblash, molyar hajm, miqdorga qarab hajm va massa hisoblash, avagadro doimiysi, molekula tarkibidagi atom va molekula sonini xisoblash",
    "theme": "Lesson",
    "course": "c1cacd4b-428e-4a7e-89a8-5974af999cbc",
    "level": null,
    "repeated_theme": [],
    "homework_files": [],
    "course_work_files": [],
    "extra_work_files": [],
    "videos": [],
    "files": [],
    "photos": []
  }
},
{
  "model": "subject.theme",
  "pk": "bb8e434f-5a09-49a7-8845-27217d3b55cf",
  "fields": {
    "filial": null,
    "created_at": "2025-04-17T03:03:51.539Z",
    "updated_at": "2025-04-17T03:03:51.539Z",
    "deleted_at": null,
    "subject": "c147b7fa-4eb5-4880-88e2-fb8e0f7d2328",
    "title": "Alkinlar",
    "description": "sis trans izomeriyalarni farqlash,\nmustaqil holatda moddalarni nomlab izomeriya yozish",
    "theme": "Lesson",
    "course": "c1cacd4b-428e-4a7e-89a8-5974af999cbc",
    "level": null,
    "repeated_theme": [],
    "homework_files": [],
    "course_work_files": [],
    "extra_work_files": [],
    "videos": [],
    "files": [],
    "photos": []
  }
},
{
  "model": "subject.theme",
  "pk": "bf32c3ad-1c6c-409f-813c-baa0136b86b2",
  "fields": {
    "filial": null,
    "created_at": "2025-04-16T00:49:27.554Z",
    "updated_at": "2025-04-16T00:49:27.554Z",
    "deleted_at": null,
    "subject": "db2ae60f-981e-455c-8298-eea48f36c92c",
    "title": "Lesson 41. Video exercises",
    "description": "The Wall Street crash\nCrime writers \nTim Berners-Lee\nAll related videos and exercises",
    "theme": "Lesson",
    "course": "1b727615-aea4-4a84-b462-f48bd81feff2",
    "level": "25c88649-62d0-4841-b6e7-c9a83e5a2cac",
    "repeated_theme": [],
    "homework_files": [],
    "course_work_files": [],
    "extra_work_files": [],
    "videos": [],
    "files": [],
    "photos": []
  }
},
{
  "model": "subject.theme",
  "pk": "bff7985d-d141-4a6f-b91b-609e38b41937",
  "fields": {
    "filial": null,
    "created_at": "2025-04-15T17:32:54.240Z",
    "updated_at": "2025-04-15T17:32:54.241Z",
    "deleted_at": null,
    "subject": "db2ae60f-981e-455c-8298-eea48f36c92c",
    "title": "Lesson 6. Unit 2 cont",
    "description": "Word building \nRelated verbs and nouns \nGapped sentence task\nExtreme adjectives",
    "theme": "Lesson",
    "course": "1b727615-aea4-4a84-b462-f48bd81feff2",
    "level": "25c88649-62d0-4841-b6e7-c9a83e5a2cac",
    "repeated_theme": [],
    "homework_files": [],
    "course_work_files": [],
    "extra_work_files": [],
    "videos": [],
    "files": [],
    "photos": []
  }
},
{
  "model": "subject.theme",
  "pk": "c3942248-0994-4f50-9794-dd4e08a4f9ee",
  "fields": {
    "filial": null,
    "created_at": "2025-04-17T03:03:51.439Z",
    "updated_at": "2025-04-17T03:03:51.439Z",
    "deleted_at": null,
    "subject": "c147b7fa-4eb5-4880-88e2-fb8e0f7d2328",
    "title": "Suvning ion ko`paytmasi. \npH",
    "description": "suvning ion kopaytmasi\neritma muhitini pH ga qarab aniqlash eritma konsentratsiyasiga qarab pH yoki pOH ni aniqlash\n",
    "theme": "Lesson",
    "course": "c1cacd4b-428e-4a7e-89a8-5974af999cbc",
    "level": null,
    "repeated_theme": [],
    "homework_files": [],
    "course_work_files": [],
    "extra_work_files": [],
    "videos": [],
    "files": [],
    "photos": []
  }
},
{
  "model": "subject.theme",
  "pk": "c42dcb88-3fd5-4b11-b3a2-7ee0fa4ff2ec",
  "fields": {
    "filial": null,
    "created_at": "2025-04-16T00:39:24.799Z",
    "updated_at": "2025-04-16T00:39:24.799Z",
    "deleted_at": null,
    "subject": "db2ae60f-981e-455c-8298-eea48f36c92c",
    "title": "Lesson 37. Grammar builder and grammar reference",
    "description": "Grammar builder and grammar reference of 4-5-6 th units",
    "theme": "Lesson",
    "course": "1b727615-aea4-4a84-b462-f48bd81feff2",
    "level": "25c88649-62d0-4841-b6e7-c9a83e5a2cac",
    "repeated_theme": [],
    "homework_files": [],
    "course_work_files": [],
    "extra_work_files": [],
    "videos": [],
    "files": [],
    "photos": []
  }
},
{
  "model": "subject.theme",
  "pk": "c458b127-92f5-444f-9ddd-ab125bde2ec4",
  "fields": {
    "filial": null,
    "created_at": "2025-04-17T03:03:51.190Z",
    "updated_at": "2025-04-17T03:03:51.191Z",
    "deleted_at": null,
    "subject": "c147b7fa-4eb5-4880-88e2-fb8e0f7d2328",
    "title": "Ekvivalentlik qonuni",
    "description": "ekvivalent sonini hisoblash\nekvivalent soni orqali hajm, mol va massa hisoblash usullari",
    "theme": "Lesson",
    "course": "c1cacd4b-428e-4a7e-89a8-5974af999cbc",
    "level": null,
    "repeated_theme": [],
    "homework_files": [],
    "course_work_files": [],
    "extra_work_files": [],
    "videos": [],
    "files": [],
    "photos": []
  }
},
{
  "model": "subject.theme",
  "pk": "c474d850-963a-4889-8ef4-69d1bcc46e2c",
  "fields": {
    "filial": null,
    "created_at": "2025-04-17T03:03:51.059Z",
    "updated_at": "2025-04-17T03:03:51.060Z",
    "deleted_at": null,
    "subject": "c147b7fa-4eb5-4880-88e2-fb8e0f7d2328",
    "title": "Kimyoviy element va atom turlari",
    "description": "Tabiatdagi atomlar soni\n118 xil element\nIUPAC tomonidan tavsiya\nKimyoviy element tarif\nAtom turlari\nIzotop\nIzobar\nIzoton\nIzoelektron",
    "theme": "Lesson",
    "course": "c1cacd4b-428e-4a7e-89a8-5974af999cbc",
    "level": null,
    "repeated_theme": [],
    "homework_files": [],
    "course_work_files": [],
    "extra_work_files": [],
    "videos": [],
    "files": [],
    "photos": []
  }
},
{
  "model": "subject.theme",
  "pk": "c64c1a39-55b0-4059-ba0f-3d9786f56756",
  "fields": {
    "filial": null,
    "created_at": "2025-04-17T03:03:51.298Z",
    "updated_at": "2025-04-17T03:03:51.299Z",
    "deleted_at": null,
    "subject": "c147b7fa-4eb5-4880-88e2-fb8e0f7d2328",
    "title": "Gaz qonunlari",
    "description": "Boyl Mariot qonuni \nmavzuga oid misollar",
    "theme": "Lesson",
    "course": "c1cacd4b-428e-4a7e-89a8-5974af999cbc",
    "level": null,
    "repeated_theme": [],
    "homework_files": [],
    "course_work_files": [],
    "extra_work_files": [],
    "videos": [],
    "files": [],
    "photos": []
  }
},
{
  "model": "subject.theme",
  "pk": "c6c57b04-8fb9-46c1-affc-e535d2f41087",
  "fields": {
    "filial": null,
    "created_at": "2025-04-17T03:03:51.318Z",
    "updated_at": "2025-04-17T03:03:51.318Z",
    "deleted_at": null,
    "subject": "c147b7fa-4eb5-4880-88e2-fb8e0f7d2328",
    "title": "Takrorlash",
    "description": "Gaz qonunlari bo'yicha aralash testlar",
    "theme": "Lesson",
    "course": "c1cacd4b-428e-4a7e-89a8-5974af999cbc",
    "level": null,
    "repeated_theme": [],
    "homework_files": [],
    "course_work_files": [],
    "extra_work_files": [],
    "videos": [],
    "files": [],
    "photos": []
  }
},
{
  "model": "subject.theme",
  "pk": "c88f30b0-9718-4148-8b2d-91d363a772da",
  "fields": {
    "filial": null,
    "created_at": "2025-04-17T03:03:51.445Z",
    "updated_at": "2025-04-17T03:03:51.445Z",
    "deleted_at": null,
    "subject": "c147b7fa-4eb5-4880-88e2-fb8e0f7d2328",
    "title": "Suvning ion ko`paytmasi. \npH",
    "description": "pH yoki pOH ga qarab eritma konsentratsiyasini aniqlash",
    "theme": "Lesson",
    "course": "c1cacd4b-428e-4a7e-89a8-5974af999cbc",
    "level": null,
    "repeated_theme": [],
    "homework_files": [],
    "course_work_files": [],
    "extra_work_files": [],
    "videos": [],
    "files": [],
    "photos": []
  }
},
{
  "model": "subject.theme",
  "pk": "c9b4e1b3-d767-429c-8f7e-3f16fbe6ec6b",
  "fields": {
    "filial": null,
    "created_at": "2025-04-17T03:03:51.367Z",
    "updated_at": "2025-04-17T03:03:51.367Z",
    "deleted_at": null,
    "subject": "c147b7fa-4eb5-4880-88e2-fb8e0f7d2328",
    "title": "Eruvchanlik",
    "description": "Ervchanlik koefitsenti\nto`yingan eritma\no`ta to`yingan eritma\nto`yinmagan eritma\ngaz va qattiq moddalarning eruvchanligiga ta'sir etuvchi omillar",
    "theme": "Lesson",
    "course": "c1cacd4b-428e-4a7e-89a8-5974af999cbc",
    "level": null,
    "repeated_theme": [],
    "homework_files": [],
    "course_work_files": [],
    "extra_work_files": [],
    "videos": [],
    "files": [],
    "photos": []
  }
},
{
  "model": "subject.theme",
  "pk": "cd309969-06b4-47c5-96a9-e4353cef51e7",
  "fields": {
    "filial": null,
    "created_at": "2025-04-15T18:12:50.389Z",
    "updated_at": "2025-04-15T18:12:50.389Z",
    "deleted_at": null,
    "subject": "db2ae60f-981e-455c-8298-eea48f36c92c",
    "title": "Lesson 20. Unit 6 cont",
    "description": "Multiple choice question type \nHolidays( compound nouns)\nAsking for clarification \nMaking, accepting, declining suggestions \nInformal omissions of sentence subjects",
    "theme": "Lesson",
    "course": "1b727615-aea4-4a84-b462-f48bd81feff2",
    "level": "25c88649-62d0-4841-b6e7-c9a83e5a2cac",
    "repeated_theme": [],
    "homework_files": [],
    "course_work_files": [],
    "extra_work_files": [],
    "videos": [],
    "files": [],
    "photos": []
  }
},
{
  "model": "subject.theme",
  "pk": "cf6fb177-fa62-4e6d-808d-524aafc65593",
  "fields": {
    "filial": null,
    "created_at": "2025-04-17T03:03:51.032Z",
    "updated_at": "2025-04-17T03:03:51.033Z",
    "deleted_at": null,
    "subject": "c147b7fa-4eb5-4880-88e2-fb8e0f7d2328",
    "title": "Kirish. Atom molekulyar \nta'limot.",
    "description": "Kimyo fani tarixi qisqacha\nKimyo fani va uning vazifalari\nAtom, Molekula, Modda tariflari \nAtom tuzulishi sodda qilib o'rgatiladi, \nAr, proton, neytron va elektron hisoblash \noddiy va murakkab modda\n",
    "theme": "Lesson",
    "course": "c1cacd4b-428e-4a7e-89a8-5974af999cbc",
    "level": null,
    "repeated_theme": [],
    "homework_files": [],
    "course_work_files": [],
    "extra_work_files": [],
    "videos": [],
    "files": [],
    "photos": []
  }
},
{
  "model": "subject.theme",
  "pk": "d1acce02-9ed0-4419-8fd5-84acd032135f",
  "fields": {
    "filial": null,
    "created_at": "2025-04-17T03:03:51.528Z",
    "updated_at": "2025-04-17T03:03:51.528Z",
    "deleted_at": null,
    "subject": "c147b7fa-4eb5-4880-88e2-fb8e0f7d2328",
    "title": "Alkadienlar",
    "description": "Alkadienlar tarifi, umumiy formulasi, gomologik \nqatori, gibridlanishi, nomenklaturasi, izomeriyasi, olinishi, fizik va kimyoviy xossalari",
    "theme": "Lesson",
    "course": "c1cacd4b-428e-4a7e-89a8-5974af999cbc",
    "level": null,
    "repeated_theme": [],
    "homework_files": [],
    "course_work_files": [],
    "extra_work_files": [],
    "videos": [],
    "files": [],
    "photos": []
  }
},
{
  "model": "subject.theme",
  "pk": "d2c3eb39-13bb-44e8-9c01-b6f791a3a848",
  "fields": {
    "filial": null,
    "created_at": "2025-04-17T03:03:51.327Z",
    "updated_at": "2025-04-17T03:03:51.328Z",
    "deleted_at": null,
    "subject": "c147b7fa-4eb5-4880-88e2-fb8e0f7d2328",
    "title": "Eritmalar",
    "description": "Eritma haqida tushuncha\neritma turlari\neritma zichligi\neritma tayyorlash usullari\n",
    "theme": "Lesson",
    "course": "c1cacd4b-428e-4a7e-89a8-5974af999cbc",
    "level": null,
    "repeated_theme": [],
    "homework_files": [],
    "course_work_files": [],
    "extra_work_files": [],
    "videos": [],
    "files": [],
    "photos": []
  }
},
{
  "model": "subject.theme",
  "pk": "d2df5f29-25a5-4818-b81c-7c1dc18ff2e7",
  "fields": {
    "filial": null,
    "created_at": "2025-04-17T03:03:51.241Z",
    "updated_at": "2025-04-17T03:03:51.242Z",
    "deleted_at": null,
    "subject": "c147b7fa-4eb5-4880-88e2-fb8e0f7d2328",
    "title": "Kvant sonlar",
    "description": "bosh kvant son\norbital kvant son\nmagnit kvant son\nspin kvant son\nqiymatlarini yozish\n",
    "theme": "Lesson",
    "course": "c1cacd4b-428e-4a7e-89a8-5974af999cbc",
    "level": null,
    "repeated_theme": [],
    "homework_files": [],
    "course_work_files": [],
    "extra_work_files": [],
    "videos": [],
    "files": [],
    "photos": []
  }
},
{
  "model": "subject.theme",
  "pk": "d3ecf9cf-4d1b-4783-a34e-491fa409b097",
  "fields": {
    "filial": null,
    "created_at": "2025-04-15T19:10:20.972Z",
    "updated_at": "2025-04-15T19:10:20.973Z",
    "deleted_at": null,
    "subject": "db2ae60f-981e-455c-8298-eea48f36c92c",
    "title": "Lesson 35. Vocabulary builder ( unit 5-6-7-8-9)",
    "description": "Tasks on vocabularies of unit 5-6-7-8-9\nGame \nHandouts",
    "theme": "Lesson",
    "course": "1b727615-aea4-4a84-b462-f48bd81feff2",
    "level": "25c88649-62d0-4841-b6e7-c9a83e5a2cac",
    "repeated_theme": [],
    "homework_files": [],
    "course_work_files": [],
    "extra_work_files": [],
    "videos": [],
    "files": [],
    "photos": []
  }
},
{
  "model": "subject.theme",
  "pk": "d40c08d9-2246-4a77-a8ba-bcce81401ccf",
  "fields": {
    "filial": null,
    "created_at": "2025-04-17T03:03:51.200Z",
    "updated_at": "2025-04-17T03:03:51.200Z",
    "deleted_at": null,
    "subject": "c147b7fa-4eb5-4880-88e2-fb8e0f7d2328",
    "title": "Ekvivalentlik qonuni",
    "description": "Ekvivalentlik qonuni asosida \nmasalalar ishlash(reaksiya orqali)",
    "theme": "Lesson",
    "course": "c1cacd4b-428e-4a7e-89a8-5974af999cbc",
    "level": null,
    "repeated_theme": [],
    "homework_files": [],
    "course_work_files": [],
    "extra_work_files": [],
    "videos": [],
    "files": [],
    "photos": []
  }
},
{
  "model": "subject.theme",
  "pk": "d6eef75e-d964-424c-91c7-4dc6641a186b",
  "fields": {
    "filial": null,
    "created_at": "2025-04-17T03:03:51.130Z",
    "updated_at": "2025-04-17T03:03:51.130Z",
    "deleted_at": null,
    "subject": "c147b7fa-4eb5-4880-88e2-fb8e0f7d2328",
    "title": "Kompleks birikmalar",
    "description": "Kompleks birikmalar\nnomlanishi \nolinishi\nfizik va kimyoviy xossalari\ngrafik formulasi\nsigma va pi bog' soni",
    "theme": "Lesson",
    "course": "c1cacd4b-428e-4a7e-89a8-5974af999cbc",
    "level": null,
    "repeated_theme": [],
    "homework_files": [],
    "course_work_files": [],
    "extra_work_files": [],
    "videos": [],
    "files": [],
    "photos": []
  }
},
{
  "model": "subject.theme",
  "pk": "d7affb1a-7159-4e99-89f2-b9d13d3f4d6f",
  "fields": {
    "filial": null,
    "created_at": "2025-04-17T03:03:51.583Z",
    "updated_at": "2025-04-17T03:03:51.583Z",
    "deleted_at": null,
    "subject": "c147b7fa-4eb5-4880-88e2-fb8e0f7d2328",
    "title": "Oksibirikmalar\n(aldegid va ketonlar)",
    "description": "Aldegidlar  tarifi umumi formulalari, \nto`yingan va to`yinmagan turlari, nomenklaturasi, izomeriyasi, olinishi, fizik va kimyoviy xossalari",
    "theme": "Lesson",
    "course": "c1cacd4b-428e-4a7e-89a8-5974af999cbc",
    "level": null,
    "repeated_theme": [],
    "homework_files": [],
    "course_work_files": [],
    "extra_work_files": [],
    "videos": [],
    "files": [],
    "photos": []
  }
},
{
  "model": "subject.theme",
  "pk": "dc38a0db-7101-4280-8eec-96e6fbd324b4",
  "fields": {
    "filial": null,
    "created_at": "2025-04-15T18:04:38.718Z",
    "updated_at": "2025-04-15T18:04:38.719Z",
    "deleted_at": null,
    "subject": "db2ae60f-981e-455c-8298-eea48f36c92c",
    "title": "Lesson 17. Unit 5 cont",
    "description": "Gap filling task\nWork related collocations \nPersonal qualities \nDeveloping answers with more details\nMaking contrasts\nAn application letter",
    "theme": "Lesson",
    "course": "1b727615-aea4-4a84-b462-f48bd81feff2",
    "level": "25c88649-62d0-4841-b6e7-c9a83e5a2cac",
    "repeated_theme": [],
    "homework_files": [],
    "course_work_files": [],
    "extra_work_files": [],
    "videos": [],
    "files": [],
    "photos": []
  }
},
{
  "model": "subject.theme",
  "pk": "dc57a3a3-c8ff-4d97-ae38-c67b5d4addb0",
  "fields": {
    "filial": null,
    "created_at": "2025-04-17T03:03:51.636Z",
    "updated_at": "2025-04-17T03:03:51.636Z",
    "deleted_at": null,
    "subject": "c147b7fa-4eb5-4880-88e2-fb8e0f7d2328",
    "title": "Yuqori molekulyar birikmalar",
    "description": "Yuqori molekulyar birikmalar haqida tushuncha, ta'rifi, olinish usullari, \nfizik xossalari va ishlatilishi",
    "theme": "Lesson",
    "course": "c1cacd4b-428e-4a7e-89a8-5974af999cbc",
    "level": null,
    "repeated_theme": [],
    "homework_files": [],
    "course_work_files": [],
    "extra_work_files": [],
    "videos": [],
    "files": [],
    "photos": []
  }
},
{
  "model": "subject.theme",
  "pk": "df00cc73-5e91-425d-b0c1-0aa73b6d07fd",
  "fields": {
    "filial": null,
    "created_at": "2025-04-15T18:23:02.919Z",
    "updated_at": "2025-04-15T18:23:02.920Z",
    "deleted_at": null,
    "subject": "db2ae60f-981e-455c-8298-eea48f36c92c",
    "title": "Lesson 24. Review",
    "description": "Opinion essay\nFormal letter \nInformal letter\nApplication letter\nAn article \nGame \nVideo",
    "theme": "Lesson",
    "course": "1b727615-aea4-4a84-b462-f48bd81feff2",
    "level": "25c88649-62d0-4841-b6e7-c9a83e5a2cac",
    "repeated_theme": [],
    "homework_files": [],
    "course_work_files": [],
    "extra_work_files": [],
    "videos": [],
    "files": [],
    "photos": []
  }
},
{
  "model": "subject.theme",
  "pk": "df9b7088-f1e2-459a-b011-d6ebb01c3b28",
  "fields": {
    "filial": null,
    "created_at": "2025-04-17T03:03:51.084Z",
    "updated_at": "2025-04-17T03:03:51.084Z",
    "deleted_at": null,
    "subject": "c147b7fa-4eb5-4880-88e2-fb8e0f7d2328",
    "title": "Asoslar",
    "description": "Asoslar\numumiy formulasi\nnomlanishi\nolinishi \ngrafik formulasi\nsigma va pi bog' soni\nfizik va kimyoviy xossalari",
    "theme": "Lesson",
    "course": "c1cacd4b-428e-4a7e-89a8-5974af999cbc",
    "level": null,
    "repeated_theme": [],
    "homework_files": [],
    "course_work_files": [],
    "extra_work_files": [],
    "videos": [],
    "files": [],
    "photos": []
  }
},
{
  "model": "subject.theme",
  "pk": "e111a469-f076-4d2b-a050-97514f5f6643",
  "fields": {
    "filial": null,
    "created_at": "2025-04-17T03:03:51.134Z",
    "updated_at": "2025-04-17T03:03:51.135Z",
    "deleted_at": null,
    "subject": "c147b7fa-4eb5-4880-88e2-fb8e0f7d2328",
    "title": "Tuzlarni olinishi",
    "description": "Tuzlarni olinishi va kimyoviy xossalari\nmustaqil holda kimyoviy reaksiyalarni yozish",
    "theme": "Lesson",
    "course": "c1cacd4b-428e-4a7e-89a8-5974af999cbc",
    "level": null,
    "repeated_theme": [],
    "homework_files": [],
    "course_work_files": [],
    "extra_work_files": [],
    "videos": [],
    "files": [],
    "photos": []
  }
},
{
  "model": "subject.theme",
  "pk": "e13f3bfb-21a5-45d4-9c56-8df3b9641c85",
  "fields": {
    "filial": null,
    "created_at": "2025-04-17T03:03:51.418Z",
    "updated_at": "2025-04-17T03:03:51.418Z",
    "deleted_at": null,
    "subject": "c147b7fa-4eb5-4880-88e2-fb8e0f7d2328",
    "title": "Elektrolitik dissotsialanish",
    "description": "elektrolitik dissotsiyalanish nazariyasi elektrolit va noelektrolitlar dissotsiyalanish darajasi \nkuchli va kuchsiz elektrolitlarkislota, asos va tuzlarning eritmalarda dissotsiyalanishi, dissotsiyalanish doimiysi",
    "theme": "Lesson",
    "course": "c1cacd4b-428e-4a7e-89a8-5974af999cbc",
    "level": null,
    "repeated_theme": [],
    "homework_files": [],
    "course_work_files": [],
    "extra_work_files": [],
    "videos": [],
    "files": [],
    "photos": []
  }
},
{
  "model": "subject.theme",
  "pk": "e28cbf62-ecc3-4949-b877-dc19e46899f0",
  "fields": {
    "filial": null,
    "created_at": "2025-04-17T03:03:51.588Z",
    "updated_at": "2025-04-17T03:03:51.588Z",
    "deleted_at": null,
    "subject": "c147b7fa-4eb5-4880-88e2-fb8e0f7d2328",
    "title": "Oksibirikmalar\n(aldegid va ketonlar)",
    "description": "Ketonlarning tarifi umumi formulalari, \nto`yingan va to`yinmagan turlari, nomenklaturasi, izomeriyasi, olinishi, fizik va kimyoviy xossalari",
    "theme": "Lesson",
    "course": "c1cacd4b-428e-4a7e-89a8-5974af999cbc",
    "level": null,
    "repeated_theme": [],
    "homework_files": [],
    "course_work_files": [],
    "extra_work_files": [],
    "videos": [],
    "files": [],
    "photos": []
  }
},
{
  "model": "subject.theme",
  "pk": "e3849860-5a41-4a14-9724-3f8bb5bf9b1a",
  "fields": {
    "filial": null,
    "created_at": "2025-04-15T18:01:58.131Z",
    "updated_at": "2025-04-15T18:01:58.131Z",
    "deleted_at": null,
    "subject": "db2ae60f-981e-455c-8298-eea48f36c92c",
    "title": "Lesson 16. Unit 5 cont",
    "description": "First condition \nUnit related game and video\nPrefixes and hyphenated words",
    "theme": "Lesson",
    "course": "1b727615-aea4-4a84-b462-f48bd81feff2",
    "level": "25c88649-62d0-4841-b6e7-c9a83e5a2cac",
    "repeated_theme": [],
    "homework_files": [],
    "course_work_files": [],
    "extra_work_files": [],
    "videos": [],
    "files": [],
    "photos": []
  }
},
{
  "model": "subject.theme",
  "pk": "e4a689e8-3834-4ef1-b34b-0b274b70271e",
  "fields": {
    "filial": null,
    "created_at": "2025-04-15T17:19:45.664Z",
    "updated_at": "2025-04-15T17:19:45.665Z",
    "deleted_at": null,
    "subject": "db2ae60f-981e-455c-8298-eea48f36c92c",
    "title": "Lesson 3. Unit 1 cont",
    "description": "Past simple negative and interrogative \nQuestion words\nEd and ing adjectives \nHow + adjectives for exclamation \nMatching tasks\nExtreme adjectives",
    "theme": "Lesson",
    "course": "1b727615-aea4-4a84-b462-f48bd81feff2",
    "level": "25c88649-62d0-4841-b6e7-c9a83e5a2cac",
    "repeated_theme": [],
    "homework_files": [],
    "course_work_files": [],
    "extra_work_files": [],
    "videos": [],
    "files": [],
    "photos": []
  }
},
{
  "model": "subject.theme",
  "pk": "e5b7749e-7058-428b-927e-a525e2003695",
  "fields": {
    "filial": null,
    "created_at": "2025-04-17T03:03:51.046Z",
    "updated_at": "2025-04-17T03:03:51.046Z",
    "deleted_at": null,
    "subject": "c147b7fa-4eb5-4880-88e2-fb8e0f7d2328",
    "title": "Nisbiy massa",
    "description": "Kimyoviy formula\nindeks\nkoeffitsient.\nNisbiy atom massa va nisbiy molekulyar massa hisoblash\nMolyar massa",
    "theme": "Lesson",
    "course": "c1cacd4b-428e-4a7e-89a8-5974af999cbc",
    "level": null,
    "repeated_theme": [],
    "homework_files": [],
    "course_work_files": [],
    "extra_work_files": [],
    "videos": [],
    "files": [],
    "photos": []
  }
},
{
  "model": "subject.theme",
  "pk": "e7a71b70-793a-4ec5-8ed0-0608687dea25",
  "fields": {
    "filial": null,
    "created_at": "2025-04-15T19:04:35.715Z",
    "updated_at": "2025-04-15T19:04:35.716Z",
    "deleted_at": null,
    "subject": "db2ae60f-981e-455c-8298-eea48f36c92c",
    "title": "Lesson 33. Culture 7-8-9",
    "description": "Wall street \nSherlock Holmes\nComputer pioneers\nAll related listening reading speaking and writing tasks\nGame",
    "theme": "Lesson",
    "course": "1b727615-aea4-4a84-b462-f48bd81feff2",
    "level": "25c88649-62d0-4841-b6e7-c9a83e5a2cac",
    "repeated_theme": [],
    "homework_files": [],
    "course_work_files": [],
    "extra_work_files": [],
    "videos": [],
    "files": [],
    "photos": []
  }
},
{
  "model": "subject.theme",
  "pk": "e90be2e6-a2df-446f-8d4b-e7f12eca67b7",
  "fields": {
    "filial": null,
    "created_at": "2025-04-17T03:03:51.362Z",
    "updated_at": "2025-04-17T03:03:51.362Z",
    "deleted_at": null,
    "subject": "c147b7fa-4eb5-4880-88e2-fb8e0f7d2328",
    "title": "Eritmalarni aralashtirish",
    "description": "Dioganal usuli \ntenglama tuzish orqali ishlash",
    "theme": "Lesson",
    "course": "c1cacd4b-428e-4a7e-89a8-5974af999cbc",
    "level": null,
    "repeated_theme": [],
    "homework_files": [],
    "course_work_files": [],
    "extra_work_files": [],
    "videos": [],
    "files": [],
    "photos": []
  }
},
{
  "model": "subject.theme",
  "pk": "e9ab3991-6836-45e5-8b7b-6f9ac5da52d9",
  "fields": {
    "filial": null,
    "created_at": "2025-04-15T17:05:54.393Z",
    "updated_at": "2025-04-15T17:11:42.479Z",
    "deleted_at": null,
    "subject": "db2ae60f-981e-455c-8298-eea48f36c92c",
    "title": "Lesson 1. Introduction. Likes and dislikes",
    "description": "Sports and hobbies \nDiscussing school subjects\nPresent simple and continuous contrast\n Describing people \nArticles \nThere is and there are",
    "theme": "Lesson",
    "course": "1b727615-aea4-4a84-b462-f48bd81feff2",
    "level": "25c88649-62d0-4841-b6e7-c9a83e5a2cac",
    "repeated_theme": [],
    "homework_files": [],
    "course_work_files": [],
    "extra_work_files": [],
    "videos": [],
    "files": [],
    "photos": []
  }
},
{
  "model": "subject.theme",
  "pk": "eb280050-6fa0-4c07-bcfa-396b559dedc8",
  "fields": {
    "filial": null,
    "created_at": "2025-04-17T03:03:51.571Z",
    "updated_at": "2025-04-17T03:03:51.571Z",
    "deleted_at": null,
    "subject": "c147b7fa-4eb5-4880-88e2-fb8e0f7d2328",
    "title": "Ko`p atomli spirtlar",
    "description": "Ko`p atomli spirtlar, tarifi, umumiy formulasi, gomologik qatori, toifalanishi, gibridlanishi, nomenklaturasi, izomeriyasi, olinishi, fizik va kimyoviy xossalari",
    "theme": "Lesson",
    "course": "c1cacd4b-428e-4a7e-89a8-5974af999cbc",
    "level": null,
    "repeated_theme": [],
    "homework_files": [],
    "course_work_files": [],
    "extra_work_files": [],
    "videos": [],
    "files": [],
    "photos": []
  }
},
{
  "model": "subject.theme",
  "pk": "eba28488-7b3a-4b90-9f5b-032945df19db",
  "fields": {
    "filial": null,
    "created_at": "2025-04-16T13:54:39.163Z",
    "updated_at": "2025-04-16T13:54:39.164Z",
    "deleted_at": null,
    "subject": "db2ae60f-981e-455c-8298-eea48f36c92c",
    "title": "LESSON 1",
    "description": "0 ABCD\n\nPAST SIMPLE\nPRESENT SIMPLE AND CONTINIOUS\nADJECTIVES\nARTICLES\nWILL AND GOING TO",
    "theme": "Lesson",
    "course": "1b727615-aea4-4a84-b462-f48bd81feff2",
    "level": "79faf5b6-5ff5-46ea-8268-b2a7c4a814b5",
    "repeated_theme": [],
    "homework_files": [],
    "course_work_files": [],
    "extra_work_files": [],
    "videos": [],
    "files": [],
    "photos": []
  }
},
{
  "model": "subject.theme",
  "pk": "ee9b3a1b-a91c-48dd-8ddc-1af50dc67b91",
  "fields": {
    "filial": null,
    "created_at": "2025-04-17T03:03:51.598Z",
    "updated_at": "2025-04-17T03:03:51.599Z",
    "deleted_at": null,
    "subject": "c147b7fa-4eb5-4880-88e2-fb8e0f7d2328",
    "title": "Oddiy efirlar",
    "description": "Oddiy efirlarning, tarifi, umumiy formulasi, gomologik qatori, toifalanishi, gibridlanishi, nomenklaturasi, izomeriyasi, olinishi, fizik va kimyoviy xossalari",
    "theme": "Lesson",
    "course": "c1cacd4b-428e-4a7e-89a8-5974af999cbc",
    "level": null,
    "repeated_theme": [],
    "homework_files": [],
    "course_work_files": [],
    "extra_work_files": [],
    "videos": [],
    "files": [],
    "photos": []
  }
},
{
  "model": "subject.theme",
  "pk": "f16e457f-eaa1-40f0-bb7e-81daa72e5582",
  "fields": {
    "filial": null,
    "created_at": "2025-04-15T19:00:26.853Z",
    "updated_at": "2025-04-15T19:00:26.853Z",
    "deleted_at": null,
    "subject": "db2ae60f-981e-455c-8298-eea48f36c92c",
    "title": "Lesson 31. Culture 1-2-3",
    "description": "The British \nRobinson Crusoe\nScreen exports \nAll related task",
    "theme": "Lesson",
    "course": "1b727615-aea4-4a84-b462-f48bd81feff2",
    "level": "25c88649-62d0-4841-b6e7-c9a83e5a2cac",
    "repeated_theme": [],
    "homework_files": [],
    "course_work_files": [],
    "extra_work_files": [],
    "videos": [],
    "files": [],
    "photos": []
  }
},
{
  "model": "subject.theme",
  "pk": "f214bb54-1764-4be3-b394-e30b85d73fd7",
  "fields": {
    "filial": null,
    "created_at": "2025-04-17T03:03:51.620Z",
    "updated_at": "2025-04-17T03:03:51.620Z",
    "deleted_at": null,
    "subject": "c147b7fa-4eb5-4880-88e2-fb8e0f7d2328",
    "title": "Azotli organik birikmalar",
    "description": "Nitrobirikmalar,\nnomlanishi,\nolinishi,\nfizik va kimyoviy xossalari",
    "theme": "Lesson",
    "course": "c1cacd4b-428e-4a7e-89a8-5974af999cbc",
    "level": null,
    "repeated_theme": [],
    "homework_files": [],
    "course_work_files": [],
    "extra_work_files": [],
    "videos": [],
    "files": [],
    "photos": []
  }
},
{
  "model": "subject.theme",
  "pk": "f29f60ad-61fc-4c47-b502-b33b20dd6651",
  "fields": {
    "filial": null,
    "created_at": "2025-04-17T03:03:51.517Z",
    "updated_at": "2025-04-17T03:03:51.517Z",
    "deleted_at": null,
    "subject": "c147b7fa-4eb5-4880-88e2-fb8e0f7d2328",
    "title": "Takrorlash",
    "description": "Alkan va Sikloalkan mavzulari bo'yicha reaksiya yozish",
    "theme": "Lesson",
    "course": "c1cacd4b-428e-4a7e-89a8-5974af999cbc",
    "level": null,
    "repeated_theme": [],
    "homework_files": [],
    "course_work_files": [],
    "extra_work_files": [],
    "videos": [],
    "files": [],
    "photos": []
  }
},
{
  "model": "subject.theme",
  "pk": "f63f1651-75f6-4d43-b965-3241d9074aff",
  "fields": {
    "filial": null,
    "created_at": "2025-04-17T03:03:51.167Z",
    "updated_at": "2025-04-17T03:03:51.168Z",
    "deleted_at": null,
    "subject": "c147b7fa-4eb5-4880-88e2-fb8e0f7d2328",
    "title": "Kimyoviy reaksiya orqali \nxisoblashlar ",
    "description": "Kimyoviy reaksiyalar bo`yicha xisoblashlar, \nproporsiya",
    "theme": "Lesson",
    "course": "c1cacd4b-428e-4a7e-89a8-5974af999cbc",
    "level": null,
    "repeated_theme": [],
    "homework_files": [],
    "course_work_files": [],
    "extra_work_files": [],
    "videos": [],
    "files": [],
    "photos": []
  }
},
{
  "model": "subject.theme",
  "pk": "f7b7ca84-2cf0-47f4-b950-c65193afcd46",
  "fields": {
    "filial": null,
    "created_at": "2025-04-15T18:07:23.385Z",
    "updated_at": "2025-04-15T18:07:23.386Z",
    "deleted_at": null,
    "subject": "db2ae60f-981e-455c-8298-eea48f36c92c",
    "title": "Lesson 18. Unit 6. Tourism/Worth a visit",
    "description": "Visitor attractions \nDiscussing visitor attractions \nWill and going to\nPresent perfect ( been and gone)\nEmphatic stress",
    "theme": "Lesson",
    "course": "1b727615-aea4-4a84-b462-f48bd81feff2",
    "level": "25c88649-62d0-4841-b6e7-c9a83e5a2cac",
    "repeated_theme": [],
    "homework_files": [],
    "course_work_files": [],
    "extra_work_files": [],
    "videos": [],
    "files": [],
    "photos": []
  }
},
{
  "model": "subject.theme",
  "pk": "f8b3a2f8-db2c-4de1-9022-52c2d2a0e08d",
  "fields": {
    "filial": null,
    "created_at": "2025-04-17T03:03:51.294Z",
    "updated_at": "2025-04-17T03:03:51.294Z",
    "deleted_at": null,
    "subject": "c147b7fa-4eb5-4880-88e2-fb8e0f7d2328",
    "title": "Takrorlash",
    "description": "Mavzuga oid murakkab misollar \nzichlik, massa ulush, hajmiy ulush va o`rtacha massalarni bir biriga bog`langan masalalar ko`rish",
    "theme": "Lesson",
    "course": "c1cacd4b-428e-4a7e-89a8-5974af999cbc",
    "level": null,
    "repeated_theme": [],
    "homework_files": [],
    "course_work_files": [],
    "extra_work_files": [],
    "videos": [],
    "files": [],
    "photos": []
  }
},
{
  "model": "subject.theme",
  "pk": "f9825306-c7ab-44b1-8f15-187ed1b9d531",
  "fields": {
    "filial": null,
    "created_at": "2025-04-15T19:07:44.572Z",
    "updated_at": "2025-04-16T00:40:26.330Z",
    "deleted_at": null,
    "subject": "db2ae60f-981e-455c-8298-eea48f36c92c",
    "title": "Lesson 34. Vocabulary builder. Introduction, 1-2-3-4th units",
    "description": "Tasks on vocabularies of introduction unit, 1-2-3-4",
    "theme": "Lesson",
    "course": "1b727615-aea4-4a84-b462-f48bd81feff2",
    "level": "25c88649-62d0-4841-b6e7-c9a83e5a2cac",
    "repeated_theme": [],
    "homework_files": [],
    "course_work_files": [],
    "extra_work_files": [],
    "videos": [],
    "files": [],
    "photos": []
  }
},
{
  "model": "subject.theme",
  "pk": "fa74be7a-e3d5-4655-bd95-d516fdbcb3ab",
  "fields": {
    "filial": null,
    "created_at": "2025-04-17T03:03:51.561Z",
    "updated_at": "2025-04-17T03:03:51.561Z",
    "deleted_at": null,
    "subject": "c147b7fa-4eb5-4880-88e2-fb8e0f7d2328",
    "title": "Aromatik uglevodorlar",
    "description": "olinishi, fizik va kimyoviy xossalari",
    "theme": "Lesson",
    "course": "c1cacd4b-428e-4a7e-89a8-5974af999cbc",
    "level": null,
    "repeated_theme": [],
    "homework_files": [],
    "course_work_files": [],
    "extra_work_files": [],
    "videos": [],
    "files": [],
    "photos": []
  }
},
{
  "model": "subject.theme",
  "pk": "fcc123ae-30cf-4e9b-83b6-0dd33704e964",
  "fields": {
    "filial": null,
    "created_at": "2025-04-17T03:03:51.275Z",
    "updated_at": "2025-04-17T03:03:51.275Z",
    "deleted_at": null,
    "subject": "c147b7fa-4eb5-4880-88e2-fb8e0f7d2328",
    "title": "Gazlar haqida umumiy ma'lumot",
    "description": "Gazlar\nideal va real gazlar bir biridan farqi\ngazlarga ta'sir etuvchi parametrlar(P, T, V) ularni bir biridan farqlash va birliklari o'zgarishini o'rganish\nbirliklarni o'zgarishi va bir birga o`tish",
    "theme": "Lesson",
    "course": "c1cacd4b-428e-4a7e-89a8-5974af999cbc",
    "level": null,
    "repeated_theme": [],
    "homework_files": [],
    "course_work_files": [],
    "extra_work_files": [],
    "videos": [],
    "files": [],
    "photos": []
  }
},
{
  "model": "subject.theme",
  "pk": "ff75924d-0a6d-4e97-a6b0-9bb628e70a70",
  "fields": {
    "filial": null,
    "created_at": "2025-04-17T03:03:51.246Z",
    "updated_at": "2025-04-17T03:03:51.247Z",
    "deleted_at": null,
    "subject": "c147b7fa-4eb5-4880-88e2-fb8e0f7d2328",
    "title": "Kvant sonlar",
    "description": "Pauli prinspi\nGund qoidasi\nionlar va murakkab modda tarkibidagi atomlar uchun hisoblash \nelektron ko'chish\nkvant sonlar orqali element aniqlash",
    "theme": "Lesson",
    "course": "c1cacd4b-428e-4a7e-89a8-5974af999cbc",
    "level": null,
    "repeated_theme": [],
    "homework_files": [],
    "course_work_files": [],
    "extra_work_files": [],
    "videos": [],
    "files": [],
    "photos": []
  }
},
{
  "model": "course.course",
  "pk": "1b727615-aea4-4a84-b462-f48bd81feff2",
  "fields": {
    "filial": 1,
    "created_at": "2025-04-14T12:01:38.040Z",
    "updated_at": "2025-04-14T12:01:38.041Z",
    "deleted_at": null,
    "name": "GENERAL ENGLISH",
    "subject": "db2ae60f-981e-455c-8298-eea48f36c92c",
    "level": null,
    "lessons_number": null,
    "status": "INACTIVE",
    "theme": []
  }
},
{
  "model": "course.course",
  "pk": "3931e193-b8fb-4900-82f6-7fd0dd14777b",
  "fields": {
    "filial": 1,
    "created_at": "2025-04-14T12:04:45.627Z",
    "updated_at": "2025-04-14T12:04:45.628Z",
    "deleted_at": null,
    "name": "KIDS",
    "subject": "f81afaae-402c-4a0e-ac0d-33650704ca6a",
    "level": null,
    "lessons_number": null,
    "status": "INACTIVE",
    "theme": []
  }
},
{
  "model": "course.course",
  "pk": "3d62ba8c-f5d5-4c1c-b278-872043670565",
  "fields": {
    "filial": 1,
    "created_at": "2025-04-14T12:00:54.240Z",
    "updated_at": "2025-04-14T12:00:54.241Z",
    "deleted_at": null,
    "name": "KIDS",
    "subject": "db2ae60f-981e-455c-8298-eea48f36c92c",
    "level": null,
    "lessons_number": null,
    "status": "INACTIVE",
    "theme": []
  }
},
{
  "model": "course.course",
  "pk": "972a07bf-9497-49d8-9e25-a98199d716e3",
  "fields": {
    "filial": 1,
    "created_at": "2025-04-14T12:01:27.665Z",
    "updated_at": "2025-04-14T12:01:27.666Z",
    "deleted_at": null,
    "name": "GRAMMATIKA",
    "subject": "db2ae60f-981e-455c-8298-eea48f36c92c",
    "level": null,
    "lessons_number": null,
    "status": "INACTIVE",
    "theme": []
  }
},
{
  "model": "course.course",
  "pk": "c03b84dc-c6d5-4dc5-9265-89c8c6c2fdb0",
  "fields": {
    "filial": 1,
    "created_at": "2025-04-14T12:03:40.872Z",
    "updated_at": "2025-04-14T12:03:40.873Z",
    "deleted_at": null,
    "name": "CEFR",
    "subject": "db2ae60f-981e-455c-8298-eea48f36c92c",
    "level": null,
    "lessons_number": null,
    "status": "INACTIVE",
    "theme": []
  }
},
{
  "model": "course.course",
  "pk": "c1cacd4b-428e-4a7e-89a8-5974af999cbc",
  "fields": {
    "filial": 1,
    "created_at": "2025-04-17T03:03:01Z",
    "updated_at": "2025-04-22T14:49:11.986Z",
    "deleted_at": null,
    "name": "Kimyo noldan",
    "subject": "c147b7fa-4eb5-4880-88e2-fb8e0f7d2328",
    "level": null,
    "lessons_number": null,
    "status": "ACTIVE",
    "theme": []
  }
},
{
  "model": "homeworks.homework",
  "pk": "0002e04a-97d6-4153-b5e3-c9f07a15a839",
  "fields": {
    "filial": null,
    "created_at": "2025-04-15T17:42:30.102Z",
    "updated_at": "2025-04-15T17:42:30.102Z",
    "deleted_at": null,
    "theme": "4478380b-3853-4043-8a32-41fab6b1b8f9",
    "title": "9-dars vazifasi",
    "body": "Workbook\nEssential words\nNew words\nMaking sentences \nWriting task",
    "video": [],
    "documents": [],
    "photo": []
  }
},
{
  "model": "homeworks.homework",
  "pk": "038c43c1-6cd7-4782-864b-f95c0a856ff7",
  "fields": {
    "filial": null,
    "created_at": "2025-04-17T03:03:51.383Z",
    "updated_at": "2025-04-17T03:03:51.384Z",
    "deleted_at": null,
    "theme": "af24a531-b391-4f7b-9446-8446b8c40a5f",
    "title": "Kimyo noldan to'plami 66",
    "body": "Misol va masalalarni ishlash",
    "video": [],
    "documents": [],
    "photo": []
  }
},
{
  "model": "homeworks.homework",
  "pk": "08f4bf07-361c-4df3-8a44-df075454cb53",
  "fields": {
    "filial": null,
    "created_at": "2025-04-17T03:03:51.399Z",
    "updated_at": "2025-04-17T03:03:51.400Z",
    "deleted_at": null,
    "theme": "4f59aaa3-6e76-4219-a9da-fa9cfa0fb2e7",
    "title": "Kimyo noldan to'plami 69",
    "body": "Misol va masalalarni ishlash",
    "video": [],
    "documents": [],
    "photo": []
  }
},
{
  "model": "homeworks.homework",
  "pk": "0a35b905-ac19-4bde-99ad-7e7a73715e96",
  "fields": {
    "filial": null,
    "created_at": "2025-04-17T03:03:51.352Z",
    "updated_at": "2025-04-17T03:03:51.352Z",
    "deleted_at": null,
    "theme": "7d6f4ceb-74f0-465e-81e2-1c4b71dbddf3",
    "title": "Kimyo noldan to'plami 61",
    "body": "Misol va masalalarni ishlash",
    "video": [],
    "documents": [],
    "photo": []
  }
},
{
  "model": "homeworks.homework",
  "pk": "0bed39ec-cf95-4b79-a4b1-00bd77d05e4d",
  "fields": {
    "filial": null,
    "created_at": "2025-04-16T00:45:40.328Z",
    "updated_at": "2025-04-16T00:45:40.329Z",
    "deleted_at": null,
    "theme": "7f42256c-708d-4327-9230-8eb575a17680",
    "title": "39-dars vazifasi",
    "body": "Essential words\nNew words\nSpeaking and writing tasks\nWorkbook",
    "video": [],
    "documents": [],
    "photo": []
  }
},
{
  "model": "homeworks.homework",
  "pk": "0c136473-53de-458c-b238-ae27b22cda1e",
  "fields": {
    "filial": null,
    "created_at": "2025-04-17T03:03:51.540Z",
    "updated_at": "2025-04-17T03:03:51.540Z",
    "deleted_at": null,
    "theme": "bb8e434f-5a09-49a7-8845-27217d3b55cf",
    "title": "Kimyo noldan to'plami 94",
    "body": "Misol va masalalarni ishlash",
    "video": [],
    "documents": [],
    "photo": []
  }
},
{
  "model": "homeworks.homework",
  "pk": "0c7aabac-fadc-435c-8eb3-2c06490095e6",
  "fields": {
    "filial": null,
    "created_at": "2025-04-17T03:03:51.368Z",
    "updated_at": "2025-04-17T03:03:51.368Z",
    "deleted_at": null,
    "theme": "c9b4e1b3-d767-429c-8f7e-3f16fbe6ec6b",
    "title": "Kimyo noldan to'plami 64",
    "body": "Misol va masalalarni ishlash",
    "video": [],
    "documents": [],
    "photo": []
  }
},
{
  "model": "homeworks.homework",
  "pk": "0eaf3924-eebf-40cc-8712-6d29c069dc49",
  "fields": {
    "filial": null,
    "created_at": "2025-04-17T03:03:51.523Z",
    "updated_at": "2025-04-17T03:03:51.523Z",
    "deleted_at": null,
    "theme": "1419d67b-58a9-4e6a-acc0-4dbdb7dfec8f",
    "title": "Kimyo noldan to'plami 91",
    "body": "Misol va masalalarni ishlash",
    "video": [],
    "documents": [],
    "photo": []
  }
},
{
  "model": "homeworks.homework",
  "pk": "0fa25813-d40d-4f8a-bd3b-b548ce06227e",
  "fields": {
    "filial": null,
    "created_at": "2025-04-17T03:03:51.304Z",
    "updated_at": "2025-04-17T03:03:51.305Z",
    "deleted_at": null,
    "theme": "475b9693-2a4d-4316-acd9-c887ce92ef53",
    "title": "Kimyo noldan to'plami 51",
    "body": "Misol va masalalarni ishlash",
    "video": [],
    "documents": [],
    "photo": []
  }
},
{
  "model": "homeworks.homework",
  "pk": "13259392-1e1a-4a6b-8df5-81a1a534591a",
  "fields": {
    "filial": null,
    "created_at": "2025-04-15T17:48:41.885Z",
    "updated_at": "2025-04-15T17:48:41.885Z",
    "deleted_at": null,
    "theme": "7081aef9-26ac-4302-90b7-0a6324812ebc",
    "title": "11-dars vazifasi",
    "body": "Workbook\nNew words\nEssential words\nMaking sentences\nSpeaking task ( weather)\nWriting task",
    "video": [],
    "documents": [],
    "photo": []
  }
},
{
  "model": "homeworks.homework",
  "pk": "14e0774f-1a36-4b99-94fa-07258da3be83",
  "fields": {
    "filial": null,
    "created_at": "2025-04-17T03:03:51.094Z",
    "updated_at": "2025-04-17T03:03:51.094Z",
    "deleted_at": null,
    "theme": "907ce259-7806-4d5e-8309-5efd252e361a",
    "title": "Kimyo noldan to'plami 13",
    "body": "Misol va masalalarni ishlash",
    "video": [],
    "documents": [],
    "photo": []
  }
},
{
  "model": "homeworks.homework",
  "pk": "15de46a6-680f-45e9-8a79-5fee94ac0987",
  "fields": {
    "filial": null,
    "created_at": "2025-04-17T03:03:51.262Z",
    "updated_at": "2025-04-17T03:03:51.262Z",
    "deleted_at": null,
    "theme": "3deeda5b-127d-469d-8239-6b811e571731",
    "title": "Kimyo noldan to'plami 43",
    "body": "Misol va masalalarni ishlash",
    "video": [],
    "documents": [],
    "photo": []
  }
},
{
  "model": "homeworks.homework",
  "pk": "16f7eb88-3498-4254-b565-e77448181922",
  "fields": {
    "filial": null,
    "created_at": "2025-04-17T03:03:51.247Z",
    "updated_at": "2025-04-17T03:03:51.247Z",
    "deleted_at": null,
    "theme": "ff75924d-0a6d-4e97-a6b0-9bb628e70a70",
    "title": "Kimyo noldan to'plami 40",
    "body": "Misol va masalalarni ishlash",
    "video": [],
    "documents": [],
    "photo": []
  }
},
{
  "model": "homeworks.homework",
  "pk": "1713e3b7-ec81-498f-9c93-588dfa6e12eb",
  "fields": {
    "filial": null,
    "created_at": "2025-04-17T03:03:51.395Z",
    "updated_at": "2025-04-17T03:03:51.395Z",
    "deleted_at": null,
    "theme": "b62767a1-6b06-4e24-b5e0-a08b49b513e9",
    "title": "Kimyo noldan to'plami 68",
    "body": "Misol va masalalarni ishlash",
    "video": [],
    "documents": [],
    "photo": []
  }
},
{
  "model": "homeworks.homework",
  "pk": "1c58bea2-9f38-4dcd-a03b-611bdb871edc",
  "fields": {
    "filial": null,
    "created_at": "2025-04-17T03:03:51.065Z",
    "updated_at": "2025-04-17T03:03:51.065Z",
    "deleted_at": null,
    "theme": "19099fa1-9a3d-4758-aa58-14729d65b409",
    "title": "Kimyo noldan to'plami 7",
    "body": "Misol va masalalarni ishlash",
    "video": [],
    "documents": [],
    "photo": []
  }
},
{
  "model": "homeworks.homework",
  "pk": "2056b6a6-5d9e-4600-8abc-acb33a4a2660",
  "fields": {
    "filial": null,
    "created_at": "2025-04-17T03:03:51.550Z",
    "updated_at": "2025-04-17T03:03:51.550Z",
    "deleted_at": null,
    "theme": "5a1acbfe-95b6-4247-bbce-a19215b74300",
    "title": "Kimyo noldan to'plami 95",
    "body": "Misol va masalalarni ishlash",
    "video": [],
    "documents": [],
    "photo": []
  }
},
{
  "model": "homeworks.homework",
  "pk": "20b6c935-1045-47cb-8f66-5ab15d8ff7bd",
  "fields": {
    "filial": null,
    "created_at": "2025-04-16T00:39:24.970Z",
    "updated_at": "2025-04-16T00:39:24.971Z",
    "deleted_at": null,
    "theme": "c42dcb88-3fd5-4b11-b3a2-7ee0fa4ff2ec",
    "title": "37-dars vazifasi",
    "body": "Essential words\nNew words\nWriting and speaking tasks\nGrammar builder 4-5-6th units from workbook",
    "video": [],
    "documents": [],
    "photo": []
  }
},
{
  "model": "homeworks.homework",
  "pk": "20c5659b-9885-4f4c-b9ba-cfb454b73fd0",
  "fields": {
    "filial": null,
    "created_at": "2025-04-15T17:57:03.764Z",
    "updated_at": "2025-04-15T17:57:03.764Z",
    "deleted_at": null,
    "theme": "a6bd48de-ab81-4675-898b-9c46f92acd4d",
    "title": "14-dars vazifasi",
    "body": "Essential words\nWriting and speaking tasks ( according to 1-2-3-4 th units)\nWorking on weaker points",
    "video": [],
    "documents": [],
    "photo": []
  }
},
{
  "model": "homeworks.homework",
  "pk": "228c4772-1a01-409d-8284-e4c7a286fdc5",
  "fields": {
    "filial": null,
    "created_at": "2025-04-15T19:10:21.242Z",
    "updated_at": "2025-04-15T19:10:21.243Z",
    "deleted_at": null,
    "theme": "d3ecf9cf-4d1b-4783-a34e-491fa409b097",
    "title": "35-dars vazifasi",
    "body": "Workbook/ vocabulary builder. Unit 5-6-7-8-9\nHandouts \nMaking sentences on unit vocabularies \nEssential words",
    "video": [],
    "documents": [],
    "photo": []
  }
},
{
  "model": "homeworks.homework",
  "pk": "2351d14a-1ed9-4562-b55b-30383d691fb3",
  "fields": {
    "filial": null,
    "created_at": "2025-04-17T03:03:51.324Z",
    "updated_at": "2025-04-17T03:03:51.324Z",
    "deleted_at": null,
    "theme": "ac7a3876-551b-4876-9310-647d71db23d6",
    "title": "Kimyo noldan to'plami 55",
    "body": "Misol va masalalarni ishlash",
    "video": [],
    "documents": [],
    "photo": []
  }
},
{
  "model": "homeworks.homework",
  "pk": "236924b8-ced2-4b5f-8c6e-ca7baa35b161",
  "fields": {
    "filial": null,
    "created_at": "2025-04-17T03:03:51.140Z",
    "updated_at": "2025-04-17T03:03:51.140Z",
    "deleted_at": null,
    "theme": "8df69186-50ee-4b35-b1cf-05fca26ce086",
    "title": "Kimyo noldan to'plami 22",
    "body": "Misol va masalalarni ishlash",
    "video": [],
    "documents": [],
    "photo": []
  }
},
{
  "model": "homeworks.homework",
  "pk": "24453423-54fc-47f9-94e2-df7c81272403",
  "fields": {
    "filial": null,
    "created_at": "2025-04-17T03:03:51.572Z",
    "updated_at": "2025-04-17T03:03:51.572Z",
    "deleted_at": null,
    "theme": "eb280050-6fa0-4c07-bcfa-396b559dedc8",
    "title": "Kimyo noldan to'plami 99",
    "body": "Misol va masalalarni ishlash",
    "video": [],
    "documents": [],
    "photo": []
  }
},
{
  "model": "homeworks.homework",
  "pk": "2657d525-c64e-4c6f-a1a6-a2b1374af952",
  "fields": {
    "filial": null,
    "created_at": "2025-04-15T18:12:50.727Z",
    "updated_at": "2025-04-15T18:12:50.728Z",
    "deleted_at": null,
    "theme": "cd309969-06b4-47c5-96a9-e4353cef51e7",
    "title": "20-dars vazifasi",
    "body": "Workbook\nEssential words\nNew words\nMaking sentences \nSpeaking and writing tasks( theme related)",
    "video": [],
    "documents": [],
    "photo": []
  }
},
{
  "model": "homeworks.homework",
  "pk": "29a9aa6a-8d56-4b38-9cc8-1fd7daf69ea4",
  "fields": {
    "filial": null,
    "created_at": "2025-04-17T03:03:51.163Z",
    "updated_at": "2025-04-17T03:03:51.164Z",
    "deleted_at": null,
    "theme": "bab353ac-bb79-4cf6-b702-586c7cdec5ab",
    "title": "Kimyo noldan to'plami 27",
    "body": "Misol va masalalarni ishlash",
    "video": [],
    "documents": [],
    "photo": []
  }
},
{
  "model": "homeworks.homework",
  "pk": "2adf8a18-5c2b-45ed-8de7-c3e25f4ff63d",
  "fields": {
    "filial": null,
    "created_at": "2025-04-17T03:03:51.512Z",
    "updated_at": "2025-04-17T03:03:51.512Z",
    "deleted_at": null,
    "theme": "ac9cc41a-8415-4f74-8552-8f3335e4339d",
    "title": "Kimyo noldan to'plami 89",
    "body": "Misol va masalalarni ishlash",
    "video": [],
    "documents": [],
    "photo": []
  }
},
{
  "model": "homeworks.homework",
  "pk": "2b3ce207-f98b-4c02-b034-70f57841f247",
  "fields": {
    "filial": null,
    "created_at": "2025-04-17T03:03:51.319Z",
    "updated_at": "2025-04-17T03:03:51.319Z",
    "deleted_at": null,
    "theme": "c6c57b04-8fb9-46c1-affc-e535d2f41087",
    "title": "Kimyo noldan to'plami 54",
    "body": "Misol va masalalarni ishlash",
    "video": [],
    "documents": [],
    "photo": []
  }
},
{
  "model": "homeworks.homework",
  "pk": "2be5e65e-a765-43c0-b403-d61ecf2875aa",
  "fields": {
    "filial": null,
    "created_at": "2025-04-16T14:02:34.291Z",
    "updated_at": "2025-04-16T14:02:34.292Z",
    "deleted_at": null,
    "theme": "b0b976c5-c405-47ee-8422-4bac911b7fc1",
    "title": "HOMEWORK FOR LESSON 4",
    "body": "Workbook\nNew words\nSpeaking\nReading",
    "video": [],
    "documents": [],
    "photo": []
  }
},
{
  "model": "homeworks.homework",
  "pk": "2e75b71d-4561-44dc-bc07-7d2362fc5037",
  "fields": {
    "filial": null,
    "created_at": "2025-04-17T03:03:51.409Z",
    "updated_at": "2025-04-17T03:03:51.409Z",
    "deleted_at": null,
    "theme": "3c4f56a8-60df-4322-896b-876fc7b1b218",
    "title": "Kimyo noldan to'plami 71",
    "body": "Misol va masalalarni ishlash",
    "video": [],
    "documents": [],
    "photo": []
  }
},
{
  "model": "homeworks.homework",
  "pk": "2e7d413a-613b-49e1-a1cf-5fe3950df16b",
  "fields": {
    "filial": null,
    "created_at": "2025-04-17T03:03:51.562Z",
    "updated_at": "2025-04-17T03:03:51.562Z",
    "deleted_at": null,
    "theme": "fa74be7a-e3d5-4655-bd95-d516fdbcb3ab",
    "title": "Kimyo noldan to'plami 97",
    "body": "Misol va masalalarni ishlash",
    "video": [],
    "documents": [],
    "photo": []
  }
},
{
  "model": "homeworks.homework",
  "pk": "2fe9614e-c32a-4dee-a228-7c54114a5ae6",
  "fields": {
    "filial": null,
    "created_at": "2025-04-17T03:03:51.610Z",
    "updated_at": "2025-04-17T03:03:51.610Z",
    "deleted_at": null,
    "theme": "2ddfcb7c-362b-4db6-9dc9-43c574584aac",
    "title": "Kimyo noldan to'plami 106",
    "body": "Misol va masalalarni ishlash",
    "video": [],
    "documents": [],
    "photo": []
  }
},
{
  "model": "homeworks.homework",
  "pk": "3007be56-5080-4237-910c-a3a6b7140e6c",
  "fields": {
    "filial": null,
    "created_at": "2025-04-15T17:36:07.013Z",
    "updated_at": "2025-04-15T17:36:07.013Z",
    "deleted_at": null,
    "theme": "6d47c30f-5bba-4457-ba98-718f903d8d60",
    "title": "7-dars vazifasi",
    "body": "Workbook\nNew words\nEssential words\nReview \nMaking sentences \nDescribe a childhod photo",
    "video": [],
    "documents": [],
    "photo": []
  }
},
{
  "model": "homeworks.homework",
  "pk": "326ca7d7-9ab3-4d70-9503-540bbf1c2475",
  "fields": {
    "filial": null,
    "created_at": "2025-04-17T03:03:51.042Z",
    "updated_at": "2025-04-17T03:03:51.042Z",
    "deleted_at": null,
    "theme": "1ad4658b-1552-40e9-87e7-c7734e9e4360",
    "title": "Kimyo noldan to'plami 2",
    "body": "Misol va masalalarni ishlash",
    "video": [],
    "documents": [],
    "photo": []
  }
},
{
  "model": "homeworks.homework",
  "pk": "32ccb0fc-d0cd-4cc8-9650-adc6648cb3d5",
  "fields": {
    "filial": null,
    "created_at": "2025-04-17T03:03:51.486Z",
    "updated_at": "2025-04-17T03:03:51.486Z",
    "deleted_at": null,
    "theme": "59d2e091-3491-4a1b-a5a3-a7b0bafb3955",
    "title": "Kimyo noldan to'plami 84",
    "body": "Misol va masalalarni ishlash",
    "video": [],
    "documents": [],
    "photo": []
  }
},
{
  "model": "homeworks.homework",
  "pk": "3442a312-2c36-4d8b-a9dc-2f00d45c5a07",
  "fields": {
    "filial": null,
    "created_at": "2025-04-17T03:03:51.075Z",
    "updated_at": "2025-04-17T03:03:51.075Z",
    "deleted_at": null,
    "theme": "09b6ba8d-6dd5-4a47-956f-cdfca5b6e357",
    "title": "Kimyo noldan to'plami 9",
    "body": "Misol va masalalarni ishlash",
    "video": [],
    "documents": [],
    "photo": []
  }
},
{
  "model": "homeworks.homework",
  "pk": "34b2d8d6-e226-444d-8bb3-a4e534324e5a",
  "fields": {
    "filial": null,
    "created_at": "2025-04-17T03:03:51.626Z",
    "updated_at": "2025-04-17T03:03:51.626Z",
    "deleted_at": null,
    "theme": "92bd36b1-7e51-429a-a7b4-a7499d1e52ce",
    "title": "Kimyo noldan to'plami 109",
    "body": "Misol va masalalarni ishlash",
    "video": [],
    "documents": [],
    "photo": []
  }
},
{
  "model": "homeworks.homework",
  "pk": "3550bd84-2bb8-4da2-b317-3b6315f7c105",
  "fields": {
    "filial": null,
    "created_at": "2025-04-17T03:03:51.419Z",
    "updated_at": "2025-04-17T03:03:51.419Z",
    "deleted_at": null,
    "theme": "e13f3bfb-21a5-45d4-9c56-8df3b9641c85",
    "title": "Kimyo noldan to'plami 73",
    "body": "Misol va masalalarni ishlash",
    "video": [],
    "documents": [],
    "photo": []
  }
},
{
  "model": "homeworks.homework",
  "pk": "38b10af4-877d-4f8f-b4ff-b31992cb23bc",
  "fields": {
    "filial": null,
    "created_at": "2025-04-16T00:47:30.680Z",
    "updated_at": "2025-04-16T00:47:30.680Z",
    "deleted_at": null,
    "theme": "70149044-11d4-431f-b6e6-e884b8dc97e5",
    "title": "39-dars vazifasi",
    "body": "Essential words\nNew words\nSpeaking and writing tasks\nWorkbook",
    "video": [],
    "documents": [],
    "photo": []
  }
},
{
  "model": "homeworks.homework",
  "pk": "39c424ed-537a-4f0a-bad8-ebf26933a622",
  "fields": {
    "filial": null,
    "created_at": "2025-04-17T03:03:51.205Z",
    "updated_at": "2025-04-17T03:03:51.206Z",
    "deleted_at": null,
    "theme": "0db28c6c-b752-410b-9b87-1f7d8e30600b",
    "title": "Kimyo noldan to'plami 35",
    "body": "Misol va masalalarni ishlash",
    "video": [],
    "documents": [],
    "photo": []
  }
},
{
  "model": "homeworks.homework",
  "pk": "39c76e40-c057-4a61-8b88-3d36ef093e34",
  "fields": {
    "filial": null,
    "created_at": "2025-04-15T17:24:53.854Z",
    "updated_at": "2025-04-15T17:24:53.855Z",
    "deleted_at": null,
    "theme": "7e776738-fe75-4a13-977d-86bdd3ea5a9a",
    "title": "4-dars vazifasi",
    "body": "Workbook\nMaking sentences \nWriting a story ( summer activities)\nNew words\nEssential words\nRevision",
    "video": [],
    "documents": [],
    "photo": []
  }
},
{
  "model": "homeworks.homework",
  "pk": "3a6b93f3-eeee-4c38-9fb5-7dad778947a6",
  "fields": {
    "filial": null,
    "created_at": "2025-04-17T03:03:51.577Z",
    "updated_at": "2025-04-17T03:03:51.578Z",
    "deleted_at": null,
    "theme": "3a903ad1-bd13-491c-b728-0ec9565028f5",
    "title": "Kimyo noldan to'plami 100",
    "body": "Misol va masalalarni ishlash",
    "video": [],
    "documents": [],
    "photo": []
  }
},
{
  "model": "homeworks.homework",
  "pk": "3b98b07e-dc61-47b9-8867-49e983a5ba9d",
  "fields": {
    "filial": null,
    "created_at": "2025-04-17T03:03:51.104Z",
    "updated_at": "2025-04-17T03:03:51.104Z",
    "deleted_at": null,
    "theme": "a6cf6aec-198e-47b6-96e3-5072e64d740a",
    "title": "Kimyo noldan to'plami 15",
    "body": "Misol va masalalarni ishlash",
    "video": [],
    "documents": [],
    "photo": []
  }
},
{
  "model": "homeworks.homework",
  "pk": "3e064098-bedd-46f6-aadf-10fb6f269f65",
  "fields": {
    "filial": null,
    "created_at": "2025-04-17T03:03:51.191Z",
    "updated_at": "2025-04-17T03:03:51.192Z",
    "deleted_at": null,
    "theme": "c458b127-92f5-444f-9ddd-ab125bde2ec4",
    "title": "Kimyo noldan to'plami 32",
    "body": "Misol va masalalarni ishlash",
    "video": [],
    "documents": [],
    "photo": []
  }
},
{
  "model": "homeworks.homework",
  "pk": "42094d8e-6c91-4b93-86c9-f8fec44c77d9",
  "fields": {
    "filial": null,
    "created_at": "2025-04-15T18:18:30.251Z",
    "updated_at": "2025-04-15T18:18:30.251Z",
    "deleted_at": null,
    "theme": "55423fe1-c57d-49db-87a2-5d3086aa985a",
    "title": "22-dars vazifasi",
    "body": "Workbook\nEssential words\nNew words\nMaking sentences \nWriting and speaking task( theme related)",
    "video": [],
    "documents": [],
    "photo": []
  }
},
{
  "model": "homeworks.homework",
  "pk": "439d3c08-3e5b-47ca-9e9e-8f15d9c7366a",
  "fields": {
    "filial": null,
    "created_at": "2025-04-17T03:03:51.130Z",
    "updated_at": "2025-04-17T03:03:51.131Z",
    "deleted_at": null,
    "theme": "d6eef75e-d964-424c-91c7-4dc6641a186b",
    "title": "Kimyo noldan to'plami 20",
    "body": "Misol va masalalarni ishlash",
    "video": [],
    "documents": [],
    "photo": []
  }
},
{
  "model": "homeworks.homework",
  "pk": "4542a757-b4e0-4719-83f7-0dd3b2c84d31",
  "fields": {
    "filial": null,
    "created_at": "2025-04-16T00:37:20.652Z",
    "updated_at": "2025-04-16T00:39:51.382Z",
    "deleted_at": null,
    "theme": "a33c59c4-e3b1-4bd2-a9bf-cafc66a34974",
    "title": "36-dars vazifasi",
    "body": "Workbook/grammar bulder introduction, 1-2-3rd units\nEssential words\nNew words\nWriting and speaking tasks",
    "video": [],
    "documents": [],
    "photo": []
  }
},
{
  "model": "homeworks.homework",
  "pk": "47ce7a2b-f4dd-426b-966d-f0a5dd765624",
  "fields": {
    "filial": null,
    "created_at": "2025-04-15T18:01:58.437Z",
    "updated_at": "2025-04-15T18:01:58.437Z",
    "deleted_at": null,
    "theme": "e3849860-5a41-4a14-9724-3f8bb5bf9b1a",
    "title": "16-dars vazifasi",
    "body": "New words\nEssential words\nMaking sentences \nWriting and speaking tasks ( theme related)\nWorkbook",
    "video": [],
    "documents": [],
    "photo": []
  }
},
{
  "model": "homeworks.homework",
  "pk": "4bd82104-8cba-48db-80e4-81bd12bcfe9c",
  "fields": {
    "filial": null,
    "created_at": "2025-04-16T13:57:55.141Z",
    "updated_at": "2025-04-16T13:57:55.142Z",
    "deleted_at": null,
    "theme": "4b65e399-bc59-416a-ab76-96a672ad3ede",
    "title": "HOMEWORK FOR LESSON 2",
    "body": "Workbook\nVocabulary",
    "video": [],
    "documents": [],
    "photo": []
  }
},
{
  "model": "homeworks.homework",
  "pk": "4d55ce86-8bfc-49ef-be34-c1f121e21356",
  "fields": {
    "filial": null,
    "created_at": "2025-04-15T18:09:50.415Z",
    "updated_at": "2025-04-15T18:09:50.415Z",
    "deleted_at": null,
    "theme": "96b50df9-b828-40e1-8d27-bf6875119f3c",
    "title": "19-dars vazifasi",
    "body": "New words\nEssential words\nWorkbook\nMaking sentences\nWriting and speaking tasks( theme related)",
    "video": [],
    "documents": [],
    "photo": []
  }
},
{
  "model": "homeworks.homework",
  "pk": "4e3678c4-5eff-4b0a-891d-f4f40877ac7c",
  "fields": {
    "filial": null,
    "created_at": "2025-04-17T03:03:51.201Z",
    "updated_at": "2025-04-17T03:03:51.201Z",
    "deleted_at": null,
    "theme": "d40c08d9-2246-4a77-a8ba-bcce81401ccf",
    "title": "Kimyo noldan to'plami 34",
    "body": "Misol va masalalarni ishlash",
    "video": [],
    "documents": [],
    "photo": []
  }
},
{
  "model": "homeworks.homework",
  "pk": "4fe6bf52-f9bc-46b4-968b-50757863db79",
  "fields": {
    "filial": null,
    "created_at": "2025-04-17T03:03:51.271Z",
    "updated_at": "2025-04-17T03:03:51.271Z",
    "deleted_at": null,
    "theme": "abb7a7d2-87b6-4209-9a92-0a87c760eee2",
    "title": "Kimyo noldan to'plami 45",
    "body": "Misol va masalalarni ishlash",
    "video": [],
    "documents": [],
    "photo": []
  }
},
{
  "model": "homeworks.homework",
  "pk": "50f8b703-451c-498d-9057-2e43addbfe05",
  "fields": {
    "filial": null,
    "created_at": "2025-04-17T03:03:51.237Z",
    "updated_at": "2025-04-17T03:03:51.237Z",
    "deleted_at": null,
    "theme": "af7a3eb3-77b3-4a5f-8d45-b2cd804434cb",
    "title": "Kimyo noldan to'plami 38",
    "body": "Misol va masalalarni ishlash",
    "video": [],
    "documents": [],
    "photo": []
  }
},
{
  "model": "homeworks.homework",
  "pk": "519c8f9b-6d48-46e6-86d3-52c058d81c7d",
  "fields": {
    "filial": null,
    "created_at": "2025-04-17T03:03:51.289Z",
    "updated_at": "2025-04-17T03:03:51.290Z",
    "deleted_at": null,
    "theme": "3f9dd35f-a5e5-48fc-9ca1-58d52314bf28",
    "title": "Kimyo noldan to'plami 48",
    "body": "Misol va masalalarni ishlash",
    "video": [],
    "documents": [],
    "photo": []
  }
},
{
  "model": "homeworks.homework",
  "pk": "51b05c6d-2221-443e-b344-c61e38f51133",
  "fields": {
    "filial": null,
    "created_at": "2025-04-17T03:03:51.491Z",
    "updated_at": "2025-04-17T03:03:51.492Z",
    "deleted_at": null,
    "theme": "04ec7215-2c13-4f44-88cb-57e33941bbc8",
    "title": "Kimyo noldan to'plami 85",
    "body": "Misol va masalalarni ishlash",
    "video": [],
    "documents": [],
    "photo": []
  }
},
{
  "model": "homeworks.homework",
  "pk": "525f982a-5e4d-4f9c-b3d9-26f847839e6d",
  "fields": {
    "filial": null,
    "created_at": "2025-04-17T03:03:51.620Z",
    "updated_at": "2025-04-17T03:03:51.621Z",
    "deleted_at": null,
    "theme": "f214bb54-1764-4be3-b394-e30b85d73fd7",
    "title": "Kimyo noldan to'plami 108",
    "body": "Misol va masalalarni ishlash",
    "video": [],
    "documents": [],
    "photo": []
  }
},
{
  "model": "homeworks.homework",
  "pk": "538f5586-357a-4a76-ace8-5aec10828797",
  "fields": {
    "filial": null,
    "created_at": "2025-04-17T03:03:51.589Z",
    "updated_at": "2025-04-17T03:03:51.589Z",
    "deleted_at": null,
    "theme": "e28cbf62-ecc3-4949-b877-dc19e46899f0",
    "title": "Kimyo noldan to'plami 102",
    "body": "Misol va masalalarni ishlash",
    "video": [],
    "documents": [],
    "photo": []
  }
},
{
  "model": "homeworks.homework",
  "pk": "53c85db9-a5f5-42e5-9bf8-ab03932d6948",
  "fields": {
    "filial": null,
    "created_at": "2025-04-17T03:03:51.348Z",
    "updated_at": "2025-04-17T03:03:51.348Z",
    "deleted_at": null,
    "theme": "28e9747b-6d8c-4fde-b204-0ba661610fab",
    "title": "Kimyo noldan to'plami 60",
    "body": "Misol va masalalarni ishlash",
    "video": [],
    "documents": [],
    "photo": []
  }
},
{
  "model": "homeworks.homework",
  "pk": "5726d45f-d8a5-455e-8177-6e79fbd3abd4",
  "fields": {
    "filial": null,
    "created_at": "2025-04-17T03:03:51.567Z",
    "updated_at": "2025-04-17T03:03:51.567Z",
    "deleted_at": null,
    "theme": "a774f3ec-a05b-4bff-9247-e32a3692e158",
    "title": "Kimyo noldan to'plami 98",
    "body": "Misol va masalalarni ishlash",
    "video": [],
    "documents": [],
    "photo": []
  }
},
{
  "model": "homeworks.homework",
  "pk": "577498e1-b49f-4fa2-b135-e43a755fe4a1",
  "fields": {
    "filial": null,
    "created_at": "2025-04-15T17:05:54.994Z",
    "updated_at": "2025-04-15T17:11:42.741Z",
    "deleted_at": null,
    "theme": "e9ab3991-6836-45e5-8b7b-6f9ac5da52d9",
    "title": "1-dars uyga vazifasi",
    "body": "New words\nEssential words\nMaking sentences \nDescribing the smartest student in your class or a group",
    "video": [],
    "documents": [],
    "photo": []
  }
},
{
  "model": "homeworks.homework",
  "pk": "5aab8e2f-ad11-4c83-aebc-d9cc80ad5c13",
  "fields": {
    "filial": null,
    "created_at": "2025-04-17T03:03:51.121Z",
    "updated_at": "2025-04-17T03:03:51.121Z",
    "deleted_at": null,
    "theme": "1ce2f54f-b75e-4870-b378-03c72b422221",
    "title": "Kimyo noldan to'plami 18",
    "body": "Misol va masalalarni ishlash",
    "video": [],
    "documents": [],
    "photo": []
  }
},
{
  "model": "homeworks.homework",
  "pk": "5ae2c077-8f33-4b23-bd92-49d1dd0be325",
  "fields": {
    "filial": null,
    "created_at": "2025-04-17T03:03:51.414Z",
    "updated_at": "2025-04-17T03:03:51.414Z",
    "deleted_at": null,
    "theme": "0f1fbd81-b93f-4b14-90a9-e1067f435b59",
    "title": "Kimyo noldan to'plami 72",
    "body": "Misol va masalalarni ishlash",
    "video": [],
    "documents": [],
    "photo": []
  }
},
{
  "model": "homeworks.homework",
  "pk": "5b1183a6-dd7c-4ef9-89f3-89a038efca7c",
  "fields": {
    "filial": null,
    "created_at": "2025-04-17T03:03:51.594Z",
    "updated_at": "2025-04-17T03:03:51.594Z",
    "deleted_at": null,
    "theme": "410f4908-b501-450d-9ffd-aaa6ec4c2f7a",
    "title": "Kimyo noldan to'plami 103",
    "body": "Misol va masalalarni ishlash",
    "video": [],
    "documents": [],
    "photo": []
  }
},
{
  "model": "homeworks.homework",
  "pk": "5d2ea583-1557-4c0d-97af-e696def195d9",
  "fields": {
    "filial": null,
    "created_at": "2025-04-15T18:27:37.572Z",
    "updated_at": "2025-04-15T18:27:37.572Z",
    "deleted_at": null,
    "theme": "949f3843-360d-4646-8ab0-13a3affff368",
    "title": "25-dars vazifasi",
    "body": "Workbook\nNew words\nEssential words\nMaking sentences \nSpeaking and writing tasks( theme related)",
    "video": [],
    "documents": [],
    "photo": []
  }
},
{
  "model": "homeworks.homework",
  "pk": "5d634419-5b17-4d3b-ae44-8628f1b40d09",
  "fields": {
    "filial": null,
    "created_at": "2025-04-17T03:03:51.584Z",
    "updated_at": "2025-04-17T03:03:51.584Z",
    "deleted_at": null,
    "theme": "d7affb1a-7159-4e99-89f2-b9d13d3f4d6f",
    "title": "Kimyo noldan to'plami 101",
    "body": "Misol va masalalarni ishlash",
    "video": [],
    "documents": [],
    "photo": []
  }
},
{
  "model": "homeworks.homework",
  "pk": "5e64a873-bc9a-4ec7-9902-8d3935ca4522",
  "fields": {
    "filial": null,
    "created_at": "2025-04-15T18:33:00.062Z",
    "updated_at": "2025-04-15T18:33:00.062Z",
    "deleted_at": null,
    "theme": "11e0b1e2-ec8e-446f-bfe6-e3af64960b7c",
    "title": "27-dars vazifasi",
    "body": "Workbook\nEssential words\nNew words\nMaking sentences \nWriting and speaking tasks( theme related)",
    "video": [],
    "documents": [],
    "photo": []
  }
},
{
  "model": "homeworks.homework",
  "pk": "60c3fa9b-7f49-4c51-9193-26136b55cd2a",
  "fields": {
    "filial": null,
    "created_at": "2025-04-17T03:03:51.181Z",
    "updated_at": "2025-04-17T03:03:51.181Z",
    "deleted_at": null,
    "theme": "660e71a9-f1ae-465c-a4ec-eaf850fa4763",
    "title": "Kimyo noldan to'plami 30",
    "body": "Misol va masalalarni ishlash",
    "video": [],
    "documents": [],
    "photo": []
  }
},
{
  "model": "homeworks.homework",
  "pk": "641a1499-6811-4a37-9f4a-e50a0dc082bb",
  "fields": {
    "filial": null,
    "created_at": "2025-04-17T03:03:51.615Z",
    "updated_at": "2025-04-17T03:03:51.615Z",
    "deleted_at": null,
    "theme": "86bb2956-a89f-48de-b778-c1a21d1fd0a6",
    "title": "Kimyo noldan to'plami 107",
    "body": "Misol va masalalarni ishlash",
    "video": [],
    "documents": [],
    "photo": []
  }
},
{
  "model": "homeworks.homework",
  "pk": "64746d5a-8f31-4ef9-af64-f7fab5f616c7",
  "fields": {
    "filial": null,
    "created_at": "2025-04-17T03:03:51.099Z",
    "updated_at": "2025-04-17T03:03:51.099Z",
    "deleted_at": null,
    "theme": "9d921a27-65a5-40b9-b1ac-664fd4b77140",
    "title": "Kimyo noldan to'plami 14",
    "body": "Misol va masalalarni ishlash",
    "video": [],
    "documents": [],
    "photo": []
  }
},
{
  "model": "homeworks.homework",
  "pk": "64fc234f-a46c-4fb4-adbe-95a16b07c1fb",
  "fields": {
    "filial": null,
    "created_at": "2025-04-17T03:03:51.328Z",
    "updated_at": "2025-04-17T03:03:51.328Z",
    "deleted_at": null,
    "theme": "d2c3eb39-13bb-44e8-9c01-b6f791a3a848",
    "title": "Kimyo noldan to'plami 56",
    "body": "Misol va masalalarni ishlash",
    "video": [],
    "documents": [],
    "photo": []
  }
},
{
  "model": "homeworks.homework",
  "pk": "65155ef8-97fa-450a-8c05-45e115a4a849",
  "fields": {
    "filial": null,
    "created_at": "2025-04-17T03:03:51.284Z",
    "updated_at": "2025-04-17T03:03:51.284Z",
    "deleted_at": null,
    "theme": "0cc97b86-2171-4b7d-9487-ecb477c08771",
    "title": "Kimyo noldan to'plami 47",
    "body": "Misol va masalalarni ishlash",
    "video": [],
    "documents": [],
    "photo": []
  }
},
{
  "model": "homeworks.homework",
  "pk": "65abd3ec-355d-4bf3-8e63-269e56a1f443",
  "fields": {
    "filial": null,
    "created_at": "2025-04-15T18:04:38.921Z",
    "updated_at": "2025-04-15T18:04:38.921Z",
    "deleted_at": null,
    "theme": "dc38a0db-7101-4280-8eec-96e6fbd324b4",
    "title": "17-dars vazifasi",
    "body": "Workbook\nNew words\nEssential words\nMaking sentences \nWriting and speaking tasks ( theme related)",
    "video": [],
    "documents": [],
    "photo": []
  }
},
{
  "model": "homeworks.homework",
  "pk": "65d51825-c718-478b-b7e0-e0f590635ace",
  "fields": {
    "filial": null,
    "created_at": "2025-04-17T03:03:51.080Z",
    "updated_at": "2025-04-17T03:03:51.080Z",
    "deleted_at": null,
    "theme": "a86db21d-8626-4f72-a5bd-99705147a297",
    "title": "Kimyo noldan to'plami 10",
    "body": "Misol va masalalarni ishlash",
    "video": [],
    "documents": [],
    "photo": []
  }
},
{
  "model": "homeworks.homework",
  "pk": "6752309c-0757-4b2b-bb52-d3745f11def9",
  "fields": {
    "filial": null,
    "created_at": "2025-04-17T03:03:51.338Z",
    "updated_at": "2025-04-17T03:03:51.338Z",
    "deleted_at": null,
    "theme": "21d6889d-e20f-4909-943b-089e39c084c1",
    "title": "Kimyo noldan to'plami 58",
    "body": "Misol va masalalarni ishlash",
    "video": [],
    "documents": [],
    "photo": []
  }
},
{
  "model": "homeworks.homework",
  "pk": "69365f0e-676f-4740-ba03-ecf418e70c6b",
  "fields": {
    "filial": null,
    "created_at": "2025-04-15T18:35:34.827Z",
    "updated_at": "2025-04-15T18:35:34.827Z",
    "deleted_at": null,
    "theme": "097c16a0-5833-4787-a1ee-5e73d4eb8c7e",
    "title": "28-dars vazifasi",
    "body": "Workbook\nEssential words\nNew words\nMaking sentences \nHandouts \nWriting task",
    "video": [],
    "documents": [],
    "photo": []
  }
},
{
  "model": "homeworks.homework",
  "pk": "6ca16a71-8020-46bb-9da5-e51efef4f9ea",
  "fields": {
    "filial": null,
    "created_at": "2025-04-17T03:03:51.457Z",
    "updated_at": "2025-04-17T03:03:51.457Z",
    "deleted_at": null,
    "theme": "1d61145b-9508-485d-beef-da89f9743739",
    "title": "Kimyo noldan to'plami 80",
    "body": "Misol va masalalarni ishlash",
    "video": [],
    "documents": [],
    "photo": []
  }
},
{
  "model": "homeworks.homework",
  "pk": "6cfe4436-2a1f-420d-9172-9073e6e02ab1",
  "fields": {
    "filial": null,
    "created_at": "2025-04-17T03:03:51.276Z",
    "updated_at": "2025-04-17T03:03:51.276Z",
    "deleted_at": null,
    "theme": "fcc123ae-30cf-4e9b-83b6-0dd33704e964",
    "title": "Kimyo noldan to'plami 46",
    "body": "Misol va masalalarni ishlash",
    "video": [],
    "documents": [],
    "photo": []
  }
},
{
  "model": "homeworks.homework",
  "pk": "6f0e49da-9dd4-421a-9a3b-ba3bcbef8928",
  "fields": {
    "filial": null,
    "created_at": "2025-04-17T03:03:51.343Z",
    "updated_at": "2025-04-17T03:03:51.343Z",
    "deleted_at": null,
    "theme": "683df895-88b4-490f-80be-4fd736aa7a13",
    "title": "Kimyo noldan to'plami 59",
    "body": "Misol va masalalarni ishlash",
    "video": [],
    "documents": [],
    "photo": []
  }
},
{
  "model": "homeworks.homework",
  "pk": "6fdfa63b-7796-4c57-8511-339f9906e7cb",
  "fields": {
    "filial": null,
    "created_at": "2025-04-17T03:03:51.252Z",
    "updated_at": "2025-04-17T03:03:51.252Z",
    "deleted_at": null,
    "theme": "5c0606c3-1d82-44bb-a555-d97af71914c9",
    "title": "Kimyo noldan to'plami 41",
    "body": "Misol va masalalarni ishlash",
    "video": [],
    "documents": [],
    "photo": []
  }
},
{
  "model": "homeworks.homework",
  "pk": "704d73fd-f800-4932-bdb8-4303b5838bbf",
  "fields": {
    "filial": null,
    "created_at": "2025-04-17T03:03:51.210Z",
    "updated_at": "2025-04-17T03:03:51.210Z",
    "deleted_at": null,
    "theme": "b2423d40-c625-4d9f-b088-7c14e2539470",
    "title": "Kimyo noldan to'plami 36",
    "body": "Misol va masalalarni ishlash",
    "video": [],
    "documents": [],
    "photo": []
  }
},
{
  "model": "homeworks.homework",
  "pk": "725234b1-a172-4975-b221-aaf7b9c342e1",
  "fields": {
    "filial": null,
    "created_at": "2025-04-16T00:42:30.355Z",
    "updated_at": "2025-04-16T00:42:30.356Z",
    "deleted_at": null,
    "theme": "3730132c-bf8f-402d-a3ee-c05f3d307eac",
    "title": "38-dars vazifasi",
    "body": "Essential words\nNew words \nWriting and speaking tasks\nGrammar tasks of unit 7-8-9",
    "video": [],
    "documents": [],
    "photo": []
  }
},
{
  "model": "homeworks.homework",
  "pk": "739ca67e-dfd2-40c5-b6a8-f31385af29d5",
  "fields": {
    "filial": null,
    "created_at": "2025-04-17T03:03:51.154Z",
    "updated_at": "2025-04-17T03:03:51.154Z",
    "deleted_at": null,
    "theme": "30a83078-4fa1-43d9-ba82-f42a3516c3ae",
    "title": "Kimyo noldan to'plami 25",
    "body": "Misol va masalalarni ishlash",
    "video": [],
    "documents": [],
    "photo": []
  }
},
{
  "model": "homeworks.homework",
  "pk": "79cca508-34e6-42a2-a787-5d9eb47822a1",
  "fields": {
    "filial": null,
    "created_at": "2025-04-17T03:03:51.051Z",
    "updated_at": "2025-04-17T03:03:51.051Z",
    "deleted_at": null,
    "theme": "43b76f26-d642-4244-be40-09806deab3b2",
    "title": "Kimyo noldan to'plami 4",
    "body": "Misol va masalalarni ishlash",
    "video": [],
    "documents": [],
    "photo": []
  }
},
{
  "model": "homeworks.homework",
  "pk": "7e73d7a9-2cc9-401f-9f36-14e7de2737de",
  "fields": {
    "filial": null,
    "created_at": "2025-04-15T17:39:58.352Z",
    "updated_at": "2025-04-15T17:39:58.353Z",
    "deleted_at": null,
    "theme": "460e251d-20ab-4136-938e-0ee5268ed6c6",
    "title": "8-dars vazifasi",
    "body": "New words\nEssential words\nWorkbook \nMaking sentences\nWriting a text ( Films)",
    "video": [],
    "documents": [],
    "photo": []
  }
},
{
  "model": "homeworks.homework",
  "pk": "7eaba636-01a2-42bb-bb53-8324c7f2ddc7",
  "fields": {
    "filial": null,
    "created_at": "2025-04-17T03:03:51.637Z",
    "updated_at": "2025-04-17T03:03:51.637Z",
    "deleted_at": null,
    "theme": "dc57a3a3-c8ff-4d97-ae38-c67b5d4addb0",
    "title": "Kimyo noldan to'plami 111",
    "body": "Misol va masalalarni ishlash",
    "video": [],
    "documents": [],
    "photo": []
  }
},
{
  "model": "homeworks.homework",
  "pk": "80997f92-a31b-4f30-9619-2b47adac5ecb",
  "fields": {
    "filial": null,
    "created_at": "2025-04-15T17:16:48.590Z",
    "updated_at": "2025-04-15T17:16:48.590Z",
    "deleted_at": null,
    "theme": "3d911fe5-4027-4d6d-a32a-7a36dd84af1b",
    "title": "2-dars uyga vazifa",
    "body": "Writing a story by using adjectives \nMaking sentences( past simple affirmative ,\nShould, stative verbs, present continuous)\nNew words\nEssential words",
    "video": [],
    "documents": [],
    "photo": []
  }
},
{
  "model": "homeworks.homework",
  "pk": "8271dbe1-12ba-49d9-837f-789789176b98",
  "fields": {
    "filial": null,
    "created_at": "2025-04-17T03:03:51.090Z",
    "updated_at": "2025-04-17T03:03:51.090Z",
    "deleted_at": null,
    "theme": "5769163e-0df0-456c-9a95-6afa594fb9ad",
    "title": "Kimyo noldan to'plami 12",
    "body": "Misol va masalalarni ishlash",
    "video": [],
    "documents": [],
    "photo": []
  }
},
{
  "model": "homeworks.homework",
  "pk": "83616d56-30c7-4cd6-bcab-28769619a0de",
  "fields": {
    "filial": null,
    "created_at": "2025-04-15T18:16:17.415Z",
    "updated_at": "2025-04-15T18:16:17.415Z",
    "deleted_at": null,
    "theme": "ae4a58e8-1269-4ecf-90bf-a23e1a3abb81",
    "title": "21-dars vazifasi",
    "body": "Workbook\nEssential words \nNew words\nMaking sentences \nWriting and speaking tasks(theme related)",
    "video": [],
    "documents": [],
    "photo": []
  }
},
{
  "model": "homeworks.homework",
  "pk": "83fa9252-84b6-4509-9d77-ffa0e4106172",
  "fields": {
    "filial": null,
    "created_at": "2025-04-17T03:03:51.440Z",
    "updated_at": "2025-04-17T03:03:51.440Z",
    "deleted_at": null,
    "theme": "c3942248-0994-4f50-9794-dd4e08a4f9ee",
    "title": "Kimyo noldan to'plami 77",
    "body": "Misol va masalalarni ishlash",
    "video": [],
    "documents": [],
    "photo": []
  }
},
{
  "model": "homeworks.homework",
  "pk": "84ec4da7-9934-44a3-b819-3456431a342c",
  "fields": {
    "filial": null,
    "created_at": "2025-04-17T03:03:51.373Z",
    "updated_at": "2025-04-17T03:03:51.373Z",
    "deleted_at": null,
    "theme": "a7a8109d-472d-45cf-a6b3-8d59d8e544ec",
    "title": "Kimyo noldan to'plami 65",
    "body": "Misol va masalalarni ishlash",
    "video": [],
    "documents": [],
    "photo": []
  }
},
{
  "model": "homeworks.homework",
  "pk": "8766c641-62df-4d9b-8b87-826579eb1f19",
  "fields": {
    "filial": null,
    "created_at": "2025-04-17T03:03:51.476Z",
    "updated_at": "2025-04-17T03:03:51.476Z",
    "deleted_at": null,
    "theme": "ba263d39-8c7e-4721-aaf9-e8817fcdd2e2",
    "title": "Kimyo noldan to'plami 82",
    "body": "Misol va masalalarni ishlash",
    "video": [],
    "documents": [],
    "photo": []
  }
},
{
  "model": "homeworks.homework",
  "pk": "893778b2-9039-4a1d-969c-bd53e81a6286",
  "fields": {
    "filial": null,
    "created_at": "2025-04-17T03:03:51.150Z",
    "updated_at": "2025-04-17T03:03:51.150Z",
    "deleted_at": null,
    "theme": "303e2b28-882b-49be-839f-17e18ea6b9d0",
    "title": "Kimyo noldan to'plami 24",
    "body": "Misol va masalalarni ishlash",
    "video": [],
    "documents": [],
    "photo": []
  }
},
{
  "model": "homeworks.homework",
  "pk": "898891ae-15cf-41fc-bbd1-0f3d5404579f",
  "fields": {
    "filial": null,
    "created_at": "2025-04-17T03:03:51.429Z",
    "updated_at": "2025-04-17T03:03:51.429Z",
    "deleted_at": null,
    "theme": "b2249c50-44ea-4b33-9151-f505b079066c",
    "title": "Kimyo noldan to'plami 75",
    "body": "Misol va masalalarni ishlash",
    "video": [],
    "documents": [],
    "photo": []
  }
},
{
  "model": "homeworks.homework",
  "pk": "89952380-9044-4cbd-8fd8-9d0742e5320c",
  "fields": {
    "filial": null,
    "created_at": "2025-04-17T03:03:51.135Z",
    "updated_at": "2025-04-17T03:03:51.135Z",
    "deleted_at": null,
    "theme": "e111a469-f076-4d2b-a050-97514f5f6643",
    "title": "Kimyo noldan to'plami 21",
    "body": "Misol va masalalarni ishlash",
    "video": [],
    "documents": [],
    "photo": []
  }
},
{
  "model": "homeworks.homework",
  "pk": "8c70ce7d-75a8-4e43-a458-f132b44ae4e7",
  "fields": {
    "filial": null,
    "created_at": "2025-04-17T03:03:51.116Z",
    "updated_at": "2025-04-17T03:03:51.116Z",
    "deleted_at": null,
    "theme": "0f062b92-2648-46c1-be9b-81d4546af85b",
    "title": "Kimyo noldan to'plami 17",
    "body": "Misol va masalalarni ishlash",
    "video": [],
    "documents": [],
    "photo": []
  }
},
{
  "model": "homeworks.homework",
  "pk": "8eea34ed-3e89-4008-97e8-0ffbb1d23878",
  "fields": {
    "filial": null,
    "created_at": "2025-04-17T03:03:51.604Z",
    "updated_at": "2025-04-17T03:03:51.605Z",
    "deleted_at": null,
    "theme": "a24e1bc7-17d7-427c-9cfe-f685d0c3c1d6",
    "title": "Kimyo noldan to'plami 105",
    "body": "Misol va masalalarni ishlash",
    "video": [],
    "documents": [],
    "photo": []
  }
},
{
  "model": "homeworks.homework",
  "pk": "8fe09112-c85c-44c6-ac00-cd0dc0887964",
  "fields": {
    "filial": null,
    "created_at": "2025-04-17T03:03:51.168Z",
    "updated_at": "2025-04-17T03:03:51.168Z",
    "deleted_at": null,
    "theme": "f63f1651-75f6-4d43-b965-3241d9074aff",
    "title": "Kimyo noldan to'plami 28",
    "body": "Misol va masalalarni ishlash",
    "video": [],
    "documents": [],
    "photo": []
  }
},
{
  "model": "homeworks.homework",
  "pk": "90b7080e-201f-4ae9-965d-9655dcd0ce83",
  "fields": {
    "filial": null,
    "created_at": "2025-04-17T03:03:51.363Z",
    "updated_at": "2025-04-17T03:03:51.363Z",
    "deleted_at": null,
    "theme": "e90be2e6-a2df-446f-8d4b-e7f12eca67b7",
    "title": "Kimyo noldan to'plami 63",
    "body": "Misol va masalalarni ishlash",
    "video": [],
    "documents": [],
    "photo": []
  }
},
{
  "model": "homeworks.homework",
  "pk": "9298b0ef-8875-4342-9c88-2d82d0de7e4e",
  "fields": {
    "filial": null,
    "created_at": "2025-04-17T03:03:51.333Z",
    "updated_at": "2025-04-17T03:03:51.333Z",
    "deleted_at": null,
    "theme": "7518be0d-9370-41e9-8ba8-d871e0d23573",
    "title": "Kimyo noldan to'plami 57",
    "body": "Misol va masalalarni ishlash",
    "video": [],
    "documents": [],
    "photo": []
  }
},
{
  "model": "homeworks.homework",
  "pk": "9442b9a9-d52c-4ce0-b7ba-929cf8a08be3",
  "fields": {
    "filial": null,
    "created_at": "2025-04-15T19:07:44.805Z",
    "updated_at": "2025-04-16T00:40:26.862Z",
    "deleted_at": null,
    "theme": "f9825306-c7ab-44b1-8f15-187ed1b9d531",
    "title": "34-dars vazifasi",
    "body": "Workbook / vocabulary builder ( introduction. Unit 1-2-3-4)\nNew words\nEssential words\nMaking sentences on unit vocabularies",
    "video": [],
    "documents": [],
    "photo": []
  }
},
{
  "model": "homeworks.homework",
  "pk": "964d7616-9937-4772-a642-ef3f8667556c",
  "fields": {
    "filial": null,
    "created_at": "2025-04-17T03:03:51.534Z",
    "updated_at": "2025-04-17T03:03:51.534Z",
    "deleted_at": null,
    "theme": "774c2123-f226-41e1-ac3a-9d125f64fb4f",
    "title": "Kimyo noldan to'plami 93",
    "body": "Misol va masalalarni ishlash",
    "video": [],
    "documents": [],
    "photo": []
  }
},
{
  "model": "homeworks.homework",
  "pk": "989fa86b-35d9-4c51-97a3-d048c86dc410",
  "fields": {
    "filial": null,
    "created_at": "2025-04-15T17:29:46.379Z",
    "updated_at": "2025-04-15T17:30:36.312Z",
    "deleted_at": null,
    "theme": "0f91c065-5851-4ca0-a32b-a7b711c12dde",
    "title": "5-dars vazifasi",
    "body": "Workbook\nNew words\nEssential words\nMaking sentences \nWriting a story ( describing a past event)",
    "video": [],
    "documents": [],
    "photo": []
  }
},
{
  "model": "homeworks.homework",
  "pk": "9dccfc3a-a8da-41b7-a720-358b1f644379",
  "fields": {
    "filial": null,
    "created_at": "2025-04-17T03:03:51.452Z",
    "updated_at": "2025-04-17T03:03:51.452Z",
    "deleted_at": null,
    "theme": "8a99de95-4f88-49d7-bf21-ce9d80a67206",
    "title": "Kimyo noldan to'plami 79",
    "body": "Misol va masalalarni ishlash",
    "video": [],
    "documents": [],
    "photo": []
  }
},
{
  "model": "homeworks.homework",
  "pk": "9e114ebd-05ee-4794-9567-50f95684c75f",
  "fields": {
    "filial": null,
    "created_at": "2025-04-17T03:03:51.056Z",
    "updated_at": "2025-04-17T03:03:51.056Z",
    "deleted_at": null,
    "theme": "5955505f-8173-44f1-aa0e-4f823387816e",
    "title": "Kimyo noldan to'plami 5",
    "body": "Misol va masalalarni ishlash",
    "video": [],
    "documents": [],
    "photo": []
  }
},
{
  "model": "homeworks.homework",
  "pk": "a16df38f-db3d-4887-92cf-b6da94ee3665",
  "fields": {
    "filial": null,
    "created_at": "2025-04-17T03:03:51.528Z",
    "updated_at": "2025-04-17T03:03:51.529Z",
    "deleted_at": null,
    "theme": "d1acce02-9ed0-4419-8fd5-84acd032135f",
    "title": "Kimyo noldan to'plami 92",
    "body": "Misol va masalalarni ishlash",
    "video": [],
    "documents": [],
    "photo": []
  }
},
{
  "model": "homeworks.homework",
  "pk": "a3a8306f-7d45-4fae-a18d-29ac2427d35e",
  "fields": {
    "filial": null,
    "created_at": "2025-04-17T03:03:51.599Z",
    "updated_at": "2025-04-17T03:03:51.599Z",
    "deleted_at": null,
    "theme": "ee9b3a1b-a91c-48dd-8ddc-1af50dc67b91",
    "title": "Kimyo noldan to'plami 104",
    "body": "Misol va masalalarni ishlash",
    "video": [],
    "documents": [],
    "photo": []
  }
},
{
  "model": "homeworks.homework",
  "pk": "a6afd6fc-6f41-45a0-af8a-285a06ba2edc",
  "fields": {
    "filial": null,
    "created_at": "2025-04-15T17:59:47.637Z",
    "updated_at": "2025-04-15T17:59:47.637Z",
    "deleted_at": null,
    "theme": "7ec48f6a-a950-4d7c-96fc-947a5f4cedff",
    "title": "15-dars vazifasi",
    "body": "Workbook\nEssential words\nNew words\nMaking sentences \nWriting and speaking task ( theme related)",
    "video": [],
    "documents": [],
    "photo": []
  }
},
{
  "model": "homeworks.homework",
  "pk": "a6fe142c-62de-422d-8fd4-320a1ea239c9",
  "fields": {
    "filial": null,
    "created_at": "2025-04-15T19:04:35.936Z",
    "updated_at": "2025-04-15T19:04:35.936Z",
    "deleted_at": null,
    "theme": "e7a71b70-793a-4ec5-8ed0-0608687dea25",
    "title": "33-dars vazifasi",
    "body": "Workbook/culture 7-8-9\nEssential words\nNew words\nWriting and soeaking tasks",
    "video": [],
    "documents": [],
    "photo": []
  }
},
{
  "model": "homeworks.homework",
  "pk": "ac96d850-34c0-46f2-9b5a-9c44501bf2b7",
  "fields": {
    "filial": null,
    "created_at": "2025-04-17T03:03:51.314Z",
    "updated_at": "2025-04-17T03:03:51.314Z",
    "deleted_at": null,
    "theme": "33806d3a-d0fc-475c-8836-6bc7212c026e",
    "title": "Kimyo noldan to'plami 53",
    "body": "Misol va masalalarni ishlash",
    "video": [],
    "documents": [],
    "photo": []
  }
},
{
  "model": "homeworks.homework",
  "pk": "ad23b8df-0916-4612-8fc3-f0dd3d3fef48",
  "fields": {
    "filial": null,
    "created_at": "2025-04-17T03:03:51.446Z",
    "updated_at": "2025-04-17T03:03:51.446Z",
    "deleted_at": null,
    "theme": "c88f30b0-9718-4148-8b2d-91d363a772da",
    "title": "Kimyo noldan to'plami 78",
    "body": "Misol va masalalarni ishlash",
    "video": [],
    "documents": [],
    "photo": []
  }
},
{
  "model": "homeworks.homework",
  "pk": "adcba3fc-296e-49f8-b3d9-5a044b12406b",
  "fields": {
    "filial": null,
    "created_at": "2025-04-17T03:03:51.502Z",
    "updated_at": "2025-04-17T03:03:51.502Z",
    "deleted_at": null,
    "theme": "40b4186a-5400-4088-a0c6-49ecfb9f76f5",
    "title": "Kimyo noldan to'plami 87",
    "body": "Misol va masalalarni ishlash",
    "video": [],
    "documents": [],
    "photo": []
  }
},
{
  "model": "homeworks.homework",
  "pk": "ae6abc6c-7ec0-42bc-afa5-6aa113ef1be6",
  "fields": {
    "filial": null,
    "created_at": "2025-04-15T18:29:58.503Z",
    "updated_at": "2025-04-15T18:29:58.504Z",
    "deleted_at": null,
    "theme": "86d6fc38-3295-4c7e-8746-e22615a3f423",
    "title": "26-dars vazifasi",
    "body": "Workbook\nEssential words\nNew words\nMaking sentences \nWriting and speaking tasks( theme related)",
    "video": [],
    "documents": [],
    "photo": []
  }
},
{
  "model": "homeworks.homework",
  "pk": "af69a354-e6b4-4cfc-b268-25cc8902055c",
  "fields": {
    "filial": null,
    "created_at": "2025-04-17T03:03:51.631Z",
    "updated_at": "2025-04-17T03:03:51.632Z",
    "deleted_at": null,
    "theme": "6e212b33-3d0e-4502-8cff-3d7b915052b0",
    "title": "Kimyo noldan to'plami 110",
    "body": "Misol va masalalarni ishlash",
    "video": [],
    "documents": [],
    "photo": []
  }
},
{
  "model": "homeworks.homework",
  "pk": "b2ee7e75-10bf-4471-8e80-fc05b43db4fd",
  "fields": {
    "filial": null,
    "created_at": "2025-04-17T03:03:51.085Z",
    "updated_at": "2025-04-17T03:03:51.085Z",
    "deleted_at": null,
    "theme": "df9b7088-f1e2-459a-b011-d6ebb01c3b28",
    "title": "Kimyo noldan to'plami 11",
    "body": "Misol va masalalarni ishlash",
    "video": [],
    "documents": [],
    "photo": []
  }
},
{
  "model": "homeworks.homework",
  "pk": "b35b0756-93e9-4f77-b246-6928ef9c81ed",
  "fields": {
    "filial": null,
    "created_at": "2025-04-15T17:51:38.086Z",
    "updated_at": "2025-04-15T17:51:38.087Z",
    "deleted_at": null,
    "theme": "1a82b94a-51cf-49a1-afae-90c15c4155ae",
    "title": "12-dars vazifasi",
    "body": "Workbook\nEssential words\nNew words\nMaking sentences\n Writing and speaking task ( natural disasters)",
    "video": [],
    "documents": [],
    "photo": []
  }
},
{
  "model": "homeworks.homework",
  "pk": "b73bfb45-c84f-4d47-9950-07781ad203f3",
  "fields": {
    "filial": null,
    "created_at": "2025-04-15T18:07:23.595Z",
    "updated_at": "2025-04-15T18:07:23.595Z",
    "deleted_at": null,
    "theme": "f7b7ca84-2cf0-47f4-b950-c65193afcd46",
    "title": "18-dars vazifasi",
    "body": "Workbook\nNew words\nEssential words \nMaking sentences\nWriting and speaking tasks( theme related)",
    "video": [],
    "documents": [],
    "photo": []
  }
},
{
  "model": "homeworks.homework",
  "pk": "b8bfdcc9-a3df-4ff4-96ab-844214c40b3d",
  "fields": {
    "filial": null,
    "created_at": "2025-04-17T03:03:51.266Z",
    "updated_at": "2025-04-17T03:03:51.266Z",
    "deleted_at": null,
    "theme": "50284bc1-9bcf-4836-b126-d4803df40227",
    "title": "Kimyo noldan to'plami 44",
    "body": "Misol va masalalarni ishlash",
    "video": [],
    "documents": [],
    "photo": []
  }
},
{
  "model": "homeworks.homework",
  "pk": "b9c4ea6d-af0a-4d1b-80a6-027d6ace1993",
  "fields": {
    "filial": null,
    "created_at": "2025-04-17T03:03:51.556Z",
    "updated_at": "2025-04-17T03:03:51.557Z",
    "deleted_at": null,
    "theme": "62ec294c-ddce-48e3-9641-538e45d4954a",
    "title": "Kimyo noldan to'plami 96",
    "body": "Misol va masalalarni ishlash",
    "video": [],
    "documents": [],
    "photo": []
  }
},
{
  "model": "homeworks.homework",
  "pk": "bb73bda6-5619-4466-b593-ed8e24380bc6",
  "fields": {
    "filial": null,
    "created_at": "2025-04-17T03:03:51.299Z",
    "updated_at": "2025-04-17T03:03:51.299Z",
    "deleted_at": null,
    "theme": "c64c1a39-55b0-4059-ba0f-3d9786f56756",
    "title": "Kimyo noldan to'plami 50",
    "body": "Misol va masalalarni ishlash",
    "video": [],
    "documents": [],
    "photo": []
  }
},
{
  "model": "homeworks.homework",
  "pk": "bcaced2a-a05e-4370-927e-03137dbb2082",
  "fields": {
    "filial": null,
    "created_at": "2025-04-17T03:03:51.295Z",
    "updated_at": "2025-04-17T03:03:51.295Z",
    "deleted_at": null,
    "theme": "f8b3a2f8-db2c-4de1-9022-52c2d2a0e08d",
    "title": "Kimyo noldan to'plami 49",
    "body": "Misol va masalalarni ishlash",
    "video": [],
    "documents": [],
    "photo": []
  }
},
{
  "model": "homeworks.homework",
  "pk": "bd523b59-b508-443d-9081-4a46fffa7a40",
  "fields": {
    "filial": null,
    "created_at": "2025-04-17T03:03:51.158Z",
    "updated_at": "2025-04-17T03:03:51.159Z",
    "deleted_at": null,
    "theme": "9616ca4f-b21d-4635-a359-1e8436d65e9a",
    "title": "Kimyo noldan to'plami 26",
    "body": "Misol va masalalarni ishlash",
    "video": [],
    "documents": [],
    "photo": []
  }
},
{
  "model": "homeworks.homework",
  "pk": "bffd7cdb-cc56-438e-aa3e-ba4101c59105",
  "fields": {
    "filial": null,
    "created_at": "2025-04-17T03:03:51.507Z",
    "updated_at": "2025-04-17T03:03:51.507Z",
    "deleted_at": null,
    "theme": "17de4746-fdd8-406c-9835-20b38a5d56de",
    "title": "Kimyo noldan to'plami 88",
    "body": "Misol va masalalarni ishlash",
    "video": [],
    "documents": [],
    "photo": []
  }
},
{
  "model": "homeworks.homework",
  "pk": "c1986224-324b-4f2d-ab13-017c0d2b5704",
  "fields": {
    "filial": null,
    "created_at": "2025-04-15T17:45:28.080Z",
    "updated_at": "2025-04-15T17:45:28.080Z",
    "deleted_at": null,
    "theme": "666daa5c-54d3-403f-9497-8396628e8596",
    "title": "10-dars vazifasi",
    "body": "Workbook\nEssential words\nNew words\nMaking sentences \nWriting task",
    "video": [],
    "documents": [],
    "photo": []
  }
},
{
  "model": "homeworks.homework",
  "pk": "c1a160a2-51be-47a3-9763-dee37b34bc36",
  "fields": {
    "filial": null,
    "created_at": "2025-04-17T03:03:51.125Z",
    "updated_at": "2025-04-17T03:03:51.126Z",
    "deleted_at": null,
    "theme": "2e3d72e4-3004-4a81-b3a3-5610660c1d2c",
    "title": "Kimyo noldan to'plami 19",
    "body": "Misol va masalalarni ishlash",
    "video": [],
    "documents": [],
    "photo": []
  }
},
{
  "model": "homeworks.homework",
  "pk": "c38ae60a-c537-4f3f-88ee-4c5315df51e4",
  "fields": {
    "filial": null,
    "created_at": "2025-04-17T03:03:51.145Z",
    "updated_at": "2025-04-17T03:03:51.145Z",
    "deleted_at": null,
    "theme": "235e8163-45fe-4723-8fce-212c2d861adb",
    "title": "Kimyo noldan to'plami 23",
    "body": "Misol va masalalarni ishlash",
    "video": [],
    "documents": [],
    "photo": []
  }
},
{
  "model": "homeworks.homework",
  "pk": "c50ecab8-1d78-4018-bc2f-5746e2745846",
  "fields": {
    "filial": null,
    "created_at": "2025-04-17T03:03:51.435Z",
    "updated_at": "2025-04-17T03:03:51.435Z",
    "deleted_at": null,
    "theme": "00c346c5-77f3-4276-bd33-a7a9f1b8570e",
    "title": "Kimyo noldan to'plami 76",
    "body": "Misol va masalalarni ishlash",
    "video": [],
    "documents": [],
    "photo": []
  }
},
{
  "model": "homeworks.homework",
  "pk": "c7fa6806-5f61-47a9-bff2-d193d42219e9",
  "fields": {
    "filial": null,
    "created_at": "2025-04-17T03:03:51.309Z",
    "updated_at": "2025-04-17T03:03:51.309Z",
    "deleted_at": null,
    "theme": "563c1ccc-e1e1-4e36-943b-2e2b91272b12",
    "title": "Kimyo noldan to'plami 52",
    "body": "Misol va masalalarni ishlash",
    "video": [],
    "documents": [],
    "photo": []
  }
},
{
  "model": "homeworks.homework",
  "pk": "cc85515c-4006-46f0-b030-a9479adfd2f2",
  "fields": {
    "filial": null,
    "created_at": "2025-04-15T18:21:23.671Z",
    "updated_at": "2025-04-15T18:21:23.671Z",
    "deleted_at": null,
    "theme": "906543aa-d4b4-490f-9e79-ac1d4b957485",
    "title": "23-dars vazifasi",
    "body": "Workbook\nEssential words\nNew words\nMaking sentences \nWriting an opinion essay",
    "video": [],
    "documents": [],
    "photo": []
  }
},
{
  "model": "homeworks.homework",
  "pk": "cd277dec-d26c-4d13-8b61-97397e09254c",
  "fields": {
    "filial": null,
    "created_at": "2025-04-17T03:03:51.196Z",
    "updated_at": "2025-04-17T03:03:51.196Z",
    "deleted_at": null,
    "theme": "51bd65c9-cf13-499e-a2d2-2b550a8186ae",
    "title": "Kimyo noldan to'plami 33",
    "body": "Misol va masalalarni ishlash",
    "video": [],
    "documents": [],
    "photo": []
  }
},
{
  "model": "homeworks.homework",
  "pk": "d326b9c6-1536-43d4-968f-40e5264d5464",
  "fields": {
    "filial": null,
    "created_at": "2025-04-17T03:03:51.404Z",
    "updated_at": "2025-04-17T03:03:51.405Z",
    "deleted_at": null,
    "theme": "4b730bc7-14e3-44b6-82de-6e969e64a9ca",
    "title": "Kimyo noldan to'plami 70",
    "body": "Misol va masalalarni ishlash",
    "video": [],
    "documents": [],
    "photo": []
  }
},
{
  "model": "homeworks.homework",
  "pk": "d3f2ab35-9a41-4733-bc12-97f2283f5ab6",
  "fields": {
    "filial": null,
    "created_at": "2025-04-17T03:03:51.390Z",
    "updated_at": "2025-04-17T03:03:51.390Z",
    "deleted_at": null,
    "theme": "9251ed8d-f79e-4172-98fc-2a48a4852bb1",
    "title": "Kimyo noldan to'plami 67",
    "body": "Misol va masalalarni ishlash",
    "video": [],
    "documents": [],
    "photo": []
  }
},
{
  "model": "homeworks.homework",
  "pk": "d6358084-9ba5-43d6-a0b2-9730336313e8",
  "fields": {
    "filial": null,
    "created_at": "2025-04-17T03:03:51.173Z",
    "updated_at": "2025-04-17T03:03:51.173Z",
    "deleted_at": null,
    "theme": "3a268c90-edfb-449c-b44b-144554571b6d",
    "title": "Kimyo noldan to'plami 29",
    "body": "Misol va masalalarni ishlash",
    "video": [],
    "documents": [],
    "photo": []
  }
},
{
  "model": "homeworks.homework",
  "pk": "d7c75c60-e1f5-4f74-ab03-39076726ef03",
  "fields": {
    "filial": null,
    "created_at": "2025-04-17T03:03:51.481Z",
    "updated_at": "2025-04-17T03:03:51.481Z",
    "deleted_at": null,
    "theme": "24d2cd8e-1393-45ed-be4c-8f1a21362e5d",
    "title": "Kimyo noldan to'plami 83",
    "body": "Misol va masalalarni ishlash",
    "video": [],
    "documents": [],
    "photo": []
  }
},
{
  "model": "homeworks.homework",
  "pk": "d90b2e67-d491-4bb6-a2f9-50923ba13c0b",
  "fields": {
    "filial": null,
    "created_at": "2025-04-16T13:54:40.029Z",
    "updated_at": "2025-04-16T13:54:40.030Z",
    "deleted_at": null,
    "theme": "eba28488-7b3a-4b90-9f5b-032945df19db",
    "title": "HOMEWORK FOR LESSON 1",
    "body": "WORKBOOK\nNEW WORDS",
    "video": [],
    "documents": [],
    "photo": []
  }
},
{
  "model": "homeworks.homework",
  "pk": "db66d344-d1fc-41d5-96a6-3dd6c8033b52",
  "fields": {
    "filial": null,
    "created_at": "2025-04-17T03:03:51.470Z",
    "updated_at": "2025-04-17T03:03:51.471Z",
    "deleted_at": null,
    "theme": "8c60c126-036d-4118-8ce5-fc002f6b09c8",
    "title": "Kimyo noldan to'plami 81",
    "body": "Misol va masalalarni ishlash",
    "video": [],
    "documents": [],
    "photo": []
  }
},
{
  "model": "homeworks.homework",
  "pk": "df5e7f69-ebc3-4eb7-992d-1a01afc95cbe",
  "fields": {
    "filial": null,
    "created_at": "2025-04-17T03:03:51.108Z",
    "updated_at": "2025-04-17T03:03:51.109Z",
    "deleted_at": null,
    "theme": "806eaf20-5d1d-40f0-a869-e6a6fbd1bb67",
    "title": "Kimyo noldan to'plami 16",
    "body": "Misol va masalalarni ishlash",
    "video": [],
    "documents": [],
    "photo": []
  }
},
{
  "model": "homeworks.homework",
  "pk": "e1079902-0c35-4469-be9b-2b05b4b76907",
  "fields": {
    "filial": null,
    "created_at": "2025-04-17T03:03:51.517Z",
    "updated_at": "2025-04-17T03:03:51.518Z",
    "deleted_at": null,
    "theme": "f29f60ad-61fc-4c47-b502-b33b20dd6651",
    "title": "Kimyo noldan to'plami 90",
    "body": "Misol va masalalarni ishlash",
    "video": [],
    "documents": [],
    "photo": []
  }
},
{
  "model": "homeworks.homework",
  "pk": "e1c876a1-c3ad-42d0-b260-33b1c2c97f9b",
  "fields": {
    "filial": null,
    "created_at": "2025-04-16T13:59:24.683Z",
    "updated_at": "2025-04-16T13:59:24.683Z",
    "deleted_at": null,
    "theme": "8efd9eed-c91a-4821-8360-ebcf03763c29",
    "title": "HOMEWORK FOR LESSON 3",
    "body": "Workbook\nVocabulary",
    "video": [],
    "documents": [],
    "photo": []
  }
},
{
  "model": "homeworks.homework",
  "pk": "e3566a59-03b9-4d2d-a048-bc4502840421",
  "fields": {
    "filial": null,
    "created_at": "2025-04-15T18:23:03.291Z",
    "updated_at": "2025-04-15T18:23:03.291Z",
    "deleted_at": null,
    "theme": "df00cc73-5e91-425d-b0c1-0aa73b6d07fd",
    "title": "24-dars vazifasi",
    "body": "Handouts \nEssential words\nWriting and speaking tasks",
    "video": [],
    "documents": [],
    "photo": []
  }
},
{
  "model": "homeworks.homework",
  "pk": "e379290c-8141-4325-a045-8ee13a9279a5",
  "fields": {
    "filial": null,
    "created_at": "2025-04-15T18:42:23.665Z",
    "updated_at": "2025-04-15T18:42:23.666Z",
    "deleted_at": null,
    "theme": "549b299d-e347-4e7a-bcd3-a76ed4ced2ba",
    "title": "30-dars vazifasi",
    "body": "Workbook\nEssential words\nNew words\nMaking sentences\nSpeaking and writing tasks ( theme related)",
    "video": [],
    "documents": [],
    "photo": []
  }
},
{
  "model": "homeworks.homework",
  "pk": "e4d031e8-f8e7-4411-9568-a55a7e3bb8cc",
  "fields": {
    "filial": null,
    "created_at": "2025-04-17T03:03:51.070Z",
    "updated_at": "2025-04-17T03:03:51.070Z",
    "deleted_at": null,
    "theme": "094a35fb-532a-461f-98b4-03f5a630617a",
    "title": "Kimyo noldan to'plami 8",
    "body": "Misol va masalalarni ishlash",
    "video": [],
    "documents": [],
    "photo": []
  }
},
{
  "model": "homeworks.homework",
  "pk": "e4d64d6c-5704-45b8-a5a0-6f4e46330f7e",
  "fields": {
    "filial": null,
    "created_at": "2025-04-17T03:03:51.257Z",
    "updated_at": "2025-04-17T03:03:51.257Z",
    "deleted_at": null,
    "theme": "52979929-ae71-442e-a8a4-b1806e5c9a31",
    "title": "Kimyo noldan to'plami 42",
    "body": "Misol va masalalarni ishlash",
    "video": [],
    "documents": [],
    "photo": []
  }
},
{
  "model": "homeworks.homework",
  "pk": "e703115d-adb3-4416-9063-8358b0b6b1ed",
  "fields": {
    "filial": null,
    "created_at": "2025-04-15T18:38:51.630Z",
    "updated_at": "2025-04-15T18:38:51.630Z",
    "deleted_at": null,
    "theme": "5d357a21-2979-4d66-b34a-52fdf3931973",
    "title": "29-dars vazifasi",
    "body": "Workbook\nEssential words\nNew words\nMaking sentences \nTense revision\nHandouts \nWriting task and speaking tasks ( theme related)",
    "video": [],
    "documents": [],
    "photo": []
  }
},
{
  "model": "homeworks.homework",
  "pk": "e7e14874-1331-4374-8f24-66c46940b318",
  "fields": {
    "filial": null,
    "created_at": "2025-04-17T03:03:51.186Z",
    "updated_at": "2025-04-17T03:03:51.187Z",
    "deleted_at": null,
    "theme": "3d347971-34d3-41f1-bbba-37ff819c4af8",
    "title": "Kimyo noldan to'plami 31",
    "body": "Misol va masalalarni ishlash",
    "video": [],
    "documents": [],
    "photo": []
  }
},
{
  "model": "homeworks.homework",
  "pk": "e8d424d8-9778-4fd9-9db1-ea075e835a9c",
  "fields": {
    "filial": null,
    "created_at": "2025-04-15T17:19:45.876Z",
    "updated_at": "2025-04-15T17:19:45.876Z",
    "deleted_at": null,
    "theme": "e4a689e8-3834-4ef1-b34b-0b274b70271e",
    "title": "3-dars vazifasi",
    "body": "Workbook\nNew words\nEssential words\nMaking sentences",
    "video": [],
    "documents": [],
    "photo": []
  }
},
{
  "model": "homeworks.homework",
  "pk": "ec39727e-6b6a-4645-b6f5-cfa48b9b57fa",
  "fields": {
    "filial": null,
    "created_at": "2025-04-17T03:03:51.424Z",
    "updated_at": "2025-04-17T03:03:51.424Z",
    "deleted_at": null,
    "theme": "a3807384-5f46-48c7-bc51-3c3a4080a39d",
    "title": "Kimyo noldan to'plami 74",
    "body": "Misol va masalalarni ishlash",
    "video": [],
    "documents": [],
    "photo": []
  }
},
{
  "model": "homeworks.homework",
  "pk": "ed0e906f-7d83-481c-9afd-b96f1874c946",
  "fields": {
    "filial": null,
    "created_at": "2025-04-15T17:32:54.434Z",
    "updated_at": "2025-04-15T17:32:54.434Z",
    "deleted_at": null,
    "theme": "bff7985d-d141-4a6f-b91b-609e38b41937",
    "title": "6-dars vazifasi",
    "body": "Workbook\nEssential words\nNew words\nMaking sentences",
    "video": [],
    "documents": [],
    "photo": []
  }
},
{
  "model": "homeworks.homework",
  "pk": "ed2cfe01-e439-4635-88c8-bc212f6a192c",
  "fields": {
    "filial": null,
    "created_at": "2025-04-17T03:03:51.227Z",
    "updated_at": "2025-04-17T03:03:51.227Z",
    "deleted_at": null,
    "theme": "9f0458af-6d3d-4042-89a6-925b9089e688",
    "title": "Kimyo noldan to'plami 37",
    "body": "Misol va masalalarni ishlash",
    "video": [],
    "documents": [],
    "photo": []
  }
},
{
  "model": "homeworks.homework",
  "pk": "ed47cbda-d750-4167-b4ab-9af32fbe2a24",
  "fields": {
    "filial": null,
    "created_at": "2025-04-17T03:03:51.242Z",
    "updated_at": "2025-04-17T03:03:51.243Z",
    "deleted_at": null,
    "theme": "d2df5f29-25a5-4818-b81c-7c1dc18ff2e7",
    "title": "Kimyo noldan to'plami 39",
    "body": "Misol va masalalarni ishlash",
    "video": [],
    "documents": [],
    "photo": []
  }
},
{
  "model": "homeworks.homework",
  "pk": "ed960627-8511-4092-8393-94d12e0c1829",
  "fields": {
    "filial": null,
    "created_at": "2025-04-15T19:02:36.353Z",
    "updated_at": "2025-04-15T19:02:36.353Z",
    "deleted_at": null,
    "theme": "1e7f3e03-ea19-4657-919b-6dc2116748c6",
    "title": "32-dars vazifasi",
    "body": "Workbook / culture 4-5-6\nEssential words \nNew words\nWriting and speaking tasks",
    "video": [],
    "documents": [],
    "photo": []
  }
},
{
  "model": "homeworks.homework",
  "pk": "ef29d4b6-b738-418c-9f2e-67a0f486164c",
  "fields": {
    "filial": null,
    "created_at": "2025-04-16T00:49:27.797Z",
    "updated_at": "2025-04-16T00:49:27.797Z",
    "deleted_at": null,
    "theme": "bf32c3ad-1c6c-409f-813c-baa0136b86b2",
    "title": "41-dars vazifasi",
    "body": "Essential words\nNew words\nWriting and speaking tasks\nWorkbook",
    "video": [],
    "documents": [],
    "photo": []
  }
},
{
  "model": "homeworks.homework",
  "pk": "f55c9fab-cb95-458b-8ecb-f174a5556fb5",
  "fields": {
    "filial": null,
    "created_at": "2025-04-17T03:03:51.497Z",
    "updated_at": "2025-04-17T03:03:51.497Z",
    "deleted_at": null,
    "theme": "b192e04e-dffa-4780-95c1-ed8ec2dee2a2",
    "title": "Kimyo noldan to'plami 86",
    "body": "Misol va masalalarni ishlash",
    "video": [],
    "documents": [],
    "photo": []
  }
},
{
  "model": "homeworks.homework",
  "pk": "f68ddf63-78d8-49ce-a850-809adca9b06c",
  "fields": {
    "filial": null,
    "created_at": "2025-04-15T17:54:31.959Z",
    "updated_at": "2025-04-15T17:54:31.959Z",
    "deleted_at": null,
    "theme": "95df796d-e4a4-4f88-89f9-5f59530b5e40",
    "title": "13-dars vazifasi",
    "body": "Workbook\nMaking sentences \nNew words\nEssential words\nWriting and speaking task (theme related)",
    "video": [],
    "documents": [],
    "photo": []
  }
},
{
  "model": "homeworks.homework",
  "pk": "f6ccf91c-89be-40df-b087-3224ba04c9d4",
  "fields": {
    "filial": null,
    "created_at": "2025-04-17T03:03:51.046Z",
    "updated_at": "2025-04-17T03:03:51.047Z",
    "deleted_at": null,
    "theme": "e5b7749e-7058-428b-927e-a525e2003695",
    "title": "Kimyo noldan to'plami 3",
    "body": "Misol va masalalarni ishlash",
    "video": [],
    "documents": [],
    "photo": []
  }
},
{
  "model": "homeworks.homework",
  "pk": "f7a98574-bbd3-4d88-939f-8c6a80ec309c",
  "fields": {
    "filial": null,
    "created_at": "2025-04-17T03:03:51.060Z",
    "updated_at": "2025-04-17T03:03:51.060Z",
    "deleted_at": null,
    "theme": "c474d850-963a-4889-8ef4-69d1bcc46e2c",
    "title": "Kimyo noldan to'plami 6",
    "body": "Misol va masalalarni ishlash",
    "video": [],
    "documents": [],
    "photo": []
  }
},
{
  "model": "homeworks.homework",
  "pk": "f8f51e8a-6748-43df-80e5-6fff89ce84f4",
  "fields": {
    "filial": null,
    "created_at": "2025-04-17T03:03:51.357Z",
    "updated_at": "2025-04-17T03:03:51.358Z",
    "deleted_at": null,
    "theme": "3d5d1a0e-86f6-432f-b60b-76863bf14cdc",
    "title": "Kimyo noldan to'plami 62",
    "body": "Misol va masalalarni ishlash",
    "video": [],
    "documents": [],
    "photo": []
  }
},
{
  "model": "homeworks.homework",
  "pk": "fe094c47-71ec-4fd7-ba75-d69805a62577",
  "fields": {
    "filial": null,
    "created_at": "2025-04-15T19:00:27.422Z",
    "updated_at": "2025-04-15T19:00:27.422Z",
    "deleted_at": null,
    "theme": "f16e457f-eaa1-40f0-bb7e-81daa72e5582",
    "title": "31-dars vazifasi",
    "body": "Essential words\nNew words\nWorkbook culture 1-2-3\nSpeaking and writing tasks",
    "video": [],
    "documents": [],
    "photo": []
  }
},
{
  "model": "homeworks.homework",
  "pk": "ffc99237-a17e-45ac-988d-ed50adb492ef",
  "fields": {
    "filial": null,
    "created_at": "2025-04-17T03:03:51.035Z",
    "updated_at": "2025-04-17T03:03:51.035Z",
    "deleted_at": null,
    "theme": "cf6fb177-fa62-4e6d-808d-524aafc65593",
    "title": "Kimyo noldan to'plami 1",
    "body": "Misol va masalalarni ishlash",
    "video": [],
    "documents": [],
    "photo": []
  }
},
{
  "model": "upload.file",
  "pk": "2b99ef01-cfe6-4cdc-9032-c42a00b5359a",
  "fields": {
    "filial": null,
    "created_at": "2025-04-21T13:11:05.562Z",
    "updated_at": "2025-04-21T13:11:05.562Z",
    "deleted_at": null,
    "choice": "file",
    "url": null,
    "file": "files/ChatGPT_Image_Apr_14_2025_07_38_43_PM_pmXHMax.png"
  }
},
{
  "model": "upload.file",
  "pk": "75ea1cff-751c-41d3-bf05-4d4ac416e557",
  "fields": {
    "filial": null,
    "created_at": "2025-04-14T15:40:27.277Z",
    "updated_at": "2025-04-14T15:40:27.278Z",
    "deleted_at": null,
    "choice": "file",
    "url": null,
    "file": "files/ChatGPT_Image_Apr_14_2025_08_40_15_PM.png"
  }
},
{
  "model": "upload.file",
  "pk": "c7d87e73-d9ba-40d8-a2e8-bc019b377ac6",
  "fields": {
    "filial": null,
    "created_at": "2025-04-14T14:40:44.867Z",
    "updated_at": "2025-04-14T14:40:44.868Z",
    "deleted_at": null,
    "choice": "file",
    "url": null,
    "file": "files/ChatGPT_Image_Apr_14_2025_07_40_28_PM.png"
  }
},
{
  "model": "upload.file",
  "pk": "d4313555-f377-4b67-8b26-7260c691f7bf",
  "fields": {
    "filial": null,
    "created_at": "2025-04-14T14:36:49.677Z",
    "updated_at": "2025-04-14T14:36:49.677Z",
    "deleted_at": null,
    "choice": "file",
    "url": null,
    "file": "files/CourseSupportIcon_1.svg"
  }
},
{
  "model": "upload.file",
  "pk": "e597607c-6553-4878-8963-6752676cd700",
  "fields": {
    "filial": null,
    "created_at": "2025-04-14T14:35:45.002Z",
    "updated_at": "2025-04-14T14:35:45.003Z",
    "deleted_at": null,
    "choice": "file",
    "url": null,
    "file": "files/CourseSupportIcon.svg"
  }
},
{
  "model": "filial.filial",
  "pk": 1,
  "fields": {
    "name": "Algoritm",
    "latitude": 0.0,
    "longitude": 0.0,
    "created_at": "2025-04-14T10:34:56.543Z",
    "updated_at": "2025-04-14T10:34:56.543Z"
  }
},
{
  "model": "marketing_channel.marketingchannel",
  "pk": "0b3c635f-8164-4a09-ab04-2e9ec58beaad",
  "fields": {
    "filial": null,
    "created_at": "2025-04-12T12:14:13.818Z",
    "updated_at": "2025-04-12T12:14:13.819Z",
    "deleted_at": null,
    "name": "Instagram",
    "type": "#33FF57"
  }
},
{
  "model": "marketing_channel.marketingchannel",
  "pk": "19757777-f697-402e-9a16-b0cd30178b3a",
  "fields": {
    "filial": null,
    "created_at": "2025-04-12T12:14:13.858Z",
    "updated_at": "2025-04-12T12:14:13.858Z",
    "deleted_at": null,
    "name": "Reklama bannerlar va doskalari",
    "type": "#E63946"
  }
},
{
  "model": "marketing_channel.marketingchannel",
  "pk": "46a71614-e51d-4357-9994-a3384297abc9",
  "fields": {
    "filial": null,
    "created_at": "2025-04-12T12:14:13.838Z",
    "updated_at": "2025-04-12T12:14:13.838Z",
    "deleted_at": null,
    "name": "Olimpiadalar",
    "type": "#00C9A7"
  }
},
{
  "model": "marketing_channel.marketingchannel",
  "pk": "47b67471-c552-4aac-8f6c-8a3a61cffade",
  "fields": {
    "filial": null,
    "created_at": "2025-04-12T12:14:13.823Z",
    "updated_at": "2025-04-12T12:14:13.823Z",
    "deleted_at": null,
    "name": "Telegram",
    "type": "#3357FF"
  }
},
{
  "model": "marketing_channel.marketingchannel",
  "pk": "680797ce-57ed-44dd-8f9a-795ec2fd54ba",
  "fields": {
    "filial": null,
    "created_at": "2025-04-12T12:14:13.813Z",
    "updated_at": "2025-04-12T12:14:13.814Z",
    "deleted_at": null,
    "name": "Tanishlar orqali",
    "type": "#FF5733"
  }
},
{
  "model": "marketing_channel.marketingchannel",
  "pk": "7922b06b-5ebc-4302-b5b8-7d47203fb38f",
  "fields": {
    "filial": null,
    "created_at": "2025-04-12T12:14:13.829Z",
    "updated_at": "2025-04-12T12:14:13.829Z",
    "deleted_at": null,
    "name": "Facebook reklamasi",
    "type": "#F4A261"
  }
},
{
  "model": "marketing_channel.marketingchannel",
  "pk": "ada411b7-607f-4029-a077-19866e4ad819",
  "fields": {
    "filial": null,
    "created_at": "2025-04-12T12:14:13.863Z",
    "updated_at": "2025-04-12T12:14:13.864Z",
    "deleted_at": null,
    "name": "Loyihalardan",
    "type": "#FDCB58"
  }
},
{
  "model": "marketing_channel.marketingchannel",
  "pk": "b7e63ca8-5099-443e-a291-96c7b7d05123",
  "fields": {
    "filial": null,
    "created_at": "2025-04-12T12:14:13.833Z",
    "updated_at": "2025-04-12T12:14:13.834Z",
    "deleted_at": null,
    "name": "Flayer",
    "type": "#9B5DE5"
  }
},
{
  "model": "marketing_channel.group_type",
  "pk": "e4fdaff7-3b2d-4c05-b763-b84e8a0a70c9",
  "fields": {
    "filial": null,
    "created_at": "2025-04-22T13:27:06.635Z",
    "updated_at": "2025-04-22T13:27:06.636Z",
    "deleted_at": null,
    "price_type": "MONTHLY"
  }
},
{
  "model": "account.customuser",
  "fields": {
    "password": "pbkdf2_sha256$870000$ifNC32ldkBYEyMyuJk32I7$f/SslwJmkUGfXgd428ashg8pR2PVcB068eGpJw4ZVg4=",
    "last_login": null,
    "is_superuser": false,
    "email": "",
    "is_staff": false,
    "is_active": true,
    "date_joined": "2025-04-22T07:55:19.219Z",
    "full_name": "Dilnura Normo'minova",
    "first_name": "Dilnura",
    "last_name": "Normo'minova",
    "phone": "+998949533500",
    "extra_number": "+998901148900",
    "chat_id": null,
    "photo": null,
    "date_of_birth": null,
    "is_call_center": false,
    "role": "SERVICE_MANAGER",
    "balance": "0.00",
    "salary": 1200000.0,
    "ball": 0.0,
    "monitoring": 0.0,
    "enter": "14:00:00",
    "leave": "20:00:00",
    "created_at": "2025-04-22T07:55:20.146Z",
    "updated_at": "2025-04-22T07:55:20.161Z",
    "is_archived": false,
    "groups": [],
    "user_permissions": [],
    "files": [],
    "filial": [
      1
    ]
  }
},
{
  "model": "account.customuser",
  "fields": {
    "password": "pbkdf2_sha256$870000$AolIsCZA8ZCrzMWzRcFSAl$EaddJe3QV0+DPKQjLy6sOx/jt82TrI4Vx8D3zWEVYiQ=",
    "last_login": null,
    "is_superuser": false,
    "email": "",
    "is_staff": false,
    "is_active": true,
    "date_joined": "2025-04-17T09:21:00.812Z",
    "full_name": "Iskandar Botiraliyev",
    "first_name": "Iskandar",
    "last_name": "Botiraliyev",
    "phone": "+998500752700",
    "extra_number": "+998908226033",
    "chat_id": null,
    "photo": null,
    "date_of_birth": null,
    "is_call_center": false,
    "role": "TEACHER",
    "balance": "0.00",
    "salary": 0.0,
    "ball": 0.0,
    "monitoring": 0.0,
    "enter": "14:00:00",
    "leave": "20:00:00",
    "created_at": "2025-04-17T09:21:02.326Z",
    "updated_at": "2025-04-21T17:39:32.729Z",
    "is_archived": false,
    "groups": [],
    "user_permissions": [],
    "files": [],
    "filial": [
      1
    ]
  }
},
{
  "model": "account.customuser",
  "fields": {
    "password": "pbkdf2_sha256$870000$hcPMwfaWeXxGnVucLXHnSO$LlckHjwVnwCjTO7K+biZTeIEQwVqeD1ddLG9QcGqUOs=",
    "last_login": null,
    "is_superuser": false,
    "email": "",
    "is_staff": false,
    "is_active": true,
    "date_joined": "2025-04-21T12:50:45.572Z",
    "full_name": "Zulxumor Mustafoyeva",
    "first_name": "Zulxumor",
    "last_name": "Mustafoyeva",
    "phone": "+998947481206",
    "extra_number": "+998947123922",
    "chat_id": null,
    "photo": null,
    "date_of_birth": null,
    "is_call_center": false,
    "role": "ASSISTANT",
    "balance": "0.00",
    "salary": 1000000.0,
    "ball": 0.0,
    "monitoring": 0.0,
    "enter": "14:00:00",
    "leave": "20:00:00",
    "created_at": "2025-04-21T12:50:46.608Z",
    "updated_at": "2025-04-21T12:50:46.621Z",
    "is_archived": false,
    "groups": [],
    "user_permissions": [],
    "files": [],
    "filial": [
      1
    ]
  }
},
{
  "model": "account.customuser",
  "fields": {
    "password": "pbkdf2_sha256$870000$uSkKX6UZn84lZNAfyna75r$97jyudWY62dzi2+tcqdlUwftCBGSakqKkNUgC8Z9qUo=",
    "last_login": null,
    "is_superuser": false,
    "email": "",
    "is_staff": false,
    "is_active": true,
    "date_joined": "2025-04-22T07:29:52.528Z",
    "full_name": "Jasurbek To'rayev",
    "first_name": "Jasurbek",
    "last_name": "To'rayev",
    "phone": "+998992721513",
    "extra_number": "+998906782553",
    "chat_id": null,
    "photo": null,
    "date_of_birth": null,
    "is_call_center": false,
    "role": "ACCOUNTING",
    "balance": "0.00",
    "salary": 2000000.0,
    "ball": 0.0,
    "monitoring": 0.0,
    "enter": "08:00:00",
    "leave": "20:00:00",
    "created_at": "2025-04-22T07:29:53.419Z",
    "updated_at": "2025-04-22T07:29:53.433Z",
    "is_archived": false,
    "groups": [],
    "user_permissions": [],
    "files": [],
    "filial": [
      1
    ]
  }
},
{
  "model": "account.customuser",
  "fields": {
    "password": "pbkdf2_sha256$870000$TcfETdPYfAvK4yfgDYC2kp$+zgb5eH41gkbVKyMhWCS/mpb2hhrbn/ifQsUNdEMTIw=",
    "last_login": null,
    "is_superuser": false,
    "email": "",
    "is_staff": false,
    "is_active": true,
    "date_joined": "2025-04-22T07:44:06.194Z",
    "full_name": "Dilnura Normo'minova",
    "first_name": "Dilnura",
    "last_name": "Normo'minova",
    "phone": "+998901148900",
    "extra_number": "+998949533500",
    "chat_id": null,
    "photo": null,
    "date_of_birth": null,
    "is_call_center": true,
    "role": "ADMINISTRATOR",
    "balance": "0.00",
    "salary": 1200000.0,
    "ball": 0.0,
    "monitoring": 0.0,
    "enter": "14:00:00",
    "leave": "20:00:00",
    "created_at": "2025-04-22T07:44:07.217Z",
    "updated_at": "2025-04-22T14:43:29.351Z",
    "is_archived": false,
    "groups": [],
    "user_permissions": [],
    "files": [],
    "filial": [
      1
    ]
  }
},
{
  "model": "account.customuser",
  "fields": {
    "password": "pbkdf2_sha256$870000$3B7NyfdxyoSN8Hqa5tXwdQ$eS77SlSCsWqrIOyw5d44tmA5qyFvX21qIu1mvEu8xZE=",
    "last_login": null,
    "is_superuser": false,
    "email": "",
    "is_staff": false,
    "is_active": true,
    "date_joined": "2025-04-22T01:48:56.285Z",
    "full_name": "Baxtiyor Berdiyev",
    "first_name": "Baxtiyor",
    "last_name": "Berdiyev",
    "phone": "+998909386500",
    "extra_number": "+998900072006",
    "chat_id": null,
    "photo": null,
    "date_of_birth": null,
    "is_call_center": false,
    "role": "TEACHER",
    "balance": "0.00",
    "salary": 0.0,
    "ball": 0.0,
    "monitoring": 0.0,
    "enter": "14:00:00",
    "leave": "20:00:00",
    "created_at": "2025-04-22T01:48:57.343Z",
    "updated_at": "2025-04-22T01:48:57.362Z",
    "is_archived": false,
    "groups": [],
    "user_permissions": [],
    "files": [],
    "filial": [
      1
    ]
  }
},
{
  "model": "account.customuser",
  "fields": {
    "password": "pbkdf2_sha256$870000$fvy5cAsq6rT2BXi0GHMBMl$6UG/6q++IEGNfgw5vHfMQq7inN9muHI1Gcm0tHZZ6RQ=",
    "last_login": null,
    "is_superuser": false,
    "email": "",
    "is_staff": false,
    "is_active": true,
    "date_joined": "2025-04-16T01:03:36.532Z",
    "full_name": "Madinabonu Mamarasulova",
    "first_name": "Madinabonu",
    "last_name": "Mamarasulova",
    "phone": "+998905850925",
    "extra_number": "+998905850925",
    "chat_id": null,
    "photo": null,
    "date_of_birth": null,
    "is_call_center": false,
    "role": "TEACHER",
    "balance": "0.00",
    "salary": 0.0,
    "ball": 0.0,
    "monitoring": 0.0,
    "enter": "08:00:00",
    "leave": "12:00:00",
    "created_at": "2025-04-16T01:03:37.593Z",
    "updated_at": "2025-04-21T17:20:16.162Z",
    "is_archived": false,
    "groups": [],
    "user_permissions": [],
    "files": [],
    "filial": [
      1
    ]
  }
},
{
  "model": "account.customuser",
  "fields": {
    "password": "pbkdf2_sha256$870000$hnClbM52hMMlS9VmpVxy0u$XwcUdjJq3sS9A/ZqR0NOMdAviwIjON7lLf8AxJti60s=",
    "last_login": "2025-04-22T14:48:05.578Z",
    "is_superuser": true,
    "email": "",
    "is_staff": true,
    "is_active": true,
    "date_joined": "2025-04-12T12:13:21.153Z",
    "full_name": "Admin Director",
    "first_name": "Admin",
    "last_name": "Director",
    "phone": "+998901234567",
    "extra_number": null,
    "chat_id": null,
    "photo": null,
    "date_of_birth": null,
    "is_call_center": false,
    "role": "DIRECTOR",
    "balance": "0.00",
    "salary": 0.0,
    "ball": 0.0,
    "monitoring": 0.0,
    "enter": "09:00:00",
    "leave": "18:00:00",
    "created_at": "2025-04-12T12:13:22.660Z",
    "updated_at": "2025-04-15T05:18:27.910Z",
    "is_archived": false,
    "groups": [],
    "user_permissions": [],
    "files": [],
    "filial": [
      1
    ]
  }
},
{
  "model": "account.customuser",
  "fields": {
    "password": "pbkdf2_sha256$870000$wYntcIwOxw34l2Ken6cNDs$RHE5Jh9sP7ZB/ME/iruk/wGpEMSJF0rr5k6Q+uvmYnE=",
    "last_login": null,
    "is_superuser": false,
    "email": "",
    "is_staff": false,
    "is_active": true,
    "date_joined": "2025-04-16T00:47:28.955Z",
    "full_name": "Sarvar Roziqov",
    "first_name": "Sarvar",
    "last_name": "Roziqov",
    "phone": "+998972656500",
    "extra_number": "+998901148900",
    "chat_id": null,
    "photo": null,
    "date_of_birth": null,
    "is_call_center": false,
    "role": "DIRECTOR",
    "balance": "0.00",
    "salary": 1.0,
    "ball": 0.0,
    "monitoring": 0.0,
    "enter": "08:00:00",
    "leave": "20:00:00",
    "created_at": "2025-04-16T00:47:29.960Z",
    "updated_at": "2025-04-16T00:47:29.999Z",
    "is_archived": false,
    "groups": [],
    "user_permissions": [],
    "files": [],
    "filial": [
      1
    ]
  }
},
{
  "model": "account.customuser",
  "fields": {
    "password": "pbkdf2_sha256$870000$tq15VzdalmYkINKpeiykI7$fYmNSk2V0+yZ0D5WZ0CvslnGN7yPtgylh37O30NNNWM=",
    "last_login": null,
    "is_superuser": false,
    "email": "",
    "is_staff": false,
    "is_active": true,
    "date_joined": "2025-04-17T09:15:41.354Z",
    "full_name": "Sardor Raxmatov",
    "first_name": "Sardor",
    "last_name": "Raxmatov",
    "phone": "+998995261923",
    "extra_number": "+998999510166",
    "chat_id": null,
    "photo": null,
    "date_of_birth": null,
    "is_call_center": false,
    "role": "TEACHER",
    "balance": "0.00",
    "salary": 0.0,
    "ball": 0.0,
    "monitoring": 0.0,
    "enter": "08:00:00",
    "leave": "20:00:00",
    "created_at": "2025-04-17T09:15:42.846Z",
    "updated_at": "2025-04-18T13:48:48.646Z",
    "is_archived": false,
    "groups": [],
    "user_permissions": [],
    "files": [],
    "filial": [
      1
    ]
  }
},
{
  "model": "compensation.compensation",
  "pk": "2704320e-a744-4f81-8301-0495575fc1e2",
  "fields": {
    "filial": null,
    "created_at": "2025-04-22T07:29:54.288Z",
    "updated_at": "2025-04-22T07:29:54.290Z",
    "deleted_at": null,
    "name": "Jami qarzdor o'quvchilar sonining 70% dan 80.1% gacha bo'lgan qismi (Jarima)",
    "user": [
      "+998992721513"
    ],
    "amount": "500000.00"
  }
},
{
  "model": "compensation.compensation",
  "pk": "36a8050a-ae07-4d84-be1c-c853c63fdfeb",
  "fields": {
    "filial": null,
    "created_at": "2025-04-22T07:55:20.663Z",
    "updated_at": "2025-04-22T07:55:20.663Z",
    "deleted_at": null,
    "name": "Agar oquvchi ketib qolsa jarima yoziladi (Jarima)",
    "user": [
      "+998949533500"
    ],
    "amount": "15000.00"
  }
},
{
  "model": "compensation.compensation",
  "pk": "98b71c18-e63c-4b8b-9bb1-39b7611f5600",
  "fields": {
    "filial": null,
    "created_at": "2025-04-22T07:29:54.239Z",
    "updated_at": "2025-04-22T07:29:54.239Z",
    "deleted_at": null,
    "name": "Jami qarzdor o'quvchilar sonining 70% dan kichik bo'lgan qismi (Jarima)",
    "user": [
      "+998992721513"
    ],
    "amount": "1000000.00"
  }
},
{
  "model": "compensation.compensation",
  "pk": "e548ae30-f0e0-4015-a1f9-67b137091e41",
  "fields": {
    "filial": null,
    "created_at": "2025-04-22T07:29:54.237Z",
    "updated_at": "2025-04-22T07:29:54.238Z",
    "deleted_at": null,
    "name": "Jami qarzdor o'quvchilar sonining 80.1% dan 85% gacha bo'lgan qismi (Jarima)",
    "user": [
      "+998992721513"
    ],
    "amount": "300000.00"
  }
},
{
  "model": "compensation.bonus",
  "pk": "08006259-e6c6-46dd-bffe-68fb32c158e3",
  "fields": {
    "filial": null,
    "created_at": "2025-04-17T09:15:43.248Z",
    "updated_at": "2025-04-17T09:15:43.249Z",
    "deleted_at": null,
    "name": "Oquvchi tolagan summadan foiz beriladi",
    "user": [
      "+998995261923"
    ],
    "amount": "30.00"
  }
},
{
  "model": "compensation.bonus",
  "pk": "203ca45e-bf73-428b-8198-fcb1c6c1da44",
  "fields": {
    "filial": null,
    "created_at": "2025-04-22T07:29:53.954Z",
    "updated_at": "2025-04-22T07:29:53.954Z",
    "deleted_at": null,
    "name": "Jami yangi va aktiv o'quvchi o'quvchilarning 98% dan 99.9% gacha bo'lgan qismi uchun bonus",
    "user": [
      "+998992721513"
    ],
    "amount": "1000000.00"
  }
},
{
  "model": "compensation.bonus",
  "pk": "32c3ddc0-3a73-417d-b3f3-64a54e4ed209",
  "fields": {
    "filial": null,
    "created_at": "2025-04-16T01:03:37.974Z",
    "updated_at": "2025-04-21T17:19:12.889Z",
    "deleted_at": null,
    "name": "Oquvchi tolagan summadan foiz beriladi",
    "user": [
      "+998905850925"
    ],
    "amount": "30.00"
  }
},
{
  "model": "compensation.bonus",
  "pk": "3c300ee3-7d1d-48c8-845a-61b807389730",
  "fields": {
    "filial": null,
    "created_at": "2025-04-22T07:29:53.888Z",
    "updated_at": "2025-04-22T07:29:53.889Z",
    "deleted_at": null,
    "name": "Jami yangi va aktiv o'quvchi o'quvchilarning 93% dan 94.9% gacha bo'lgan qismi uchun bonus",
    "user": [
      "+998992721513"
    ],
    "amount": "0.00"
  }
},
{
  "model": "compensation.bonus",
  "pk": "4ae3384c-fed3-4cfc-94ec-884a87a7e122",
  "fields": {
    "filial": null,
    "created_at": "2025-04-22T07:44:07.368Z",
    "updated_at": "2025-04-22T07:44:07.368Z",
    "deleted_at": null,
    "name": "Markazga kelgan oquvchi uchun bonus",
    "user": [
      "+998901148900"
    ],
    "amount": "5000.00"
  }
},
{
  "model": "compensation.bonus",
  "pk": "4df62de1-3208-4227-80ff-eae88e7350a2",
  "fields": {
    "filial": null,
    "created_at": "2025-04-22T07:44:07.614Z",
    "updated_at": "2025-04-22T07:44:07.615Z",
    "deleted_at": null,
    "name": "Sinov darsiga kelgani uchun bonus",
    "user": [
      "+998901148900"
    ],
    "amount": "5000.00"
  }
},
{
  "model": "compensation.bonus",
  "pk": "5c5ab05c-8fae-47c7-8ad3-7a5d7d521fe4",
  "fields": {
    "filial": null,
    "created_at": "2025-04-22T07:55:20.415Z",
    "updated_at": "2025-04-22T07:55:20.415Z",
    "deleted_at": null,
    "name": "Hizmat korsatgan har bir Aktiv o'quvchi uchun bonus",
    "user": [
      "+998949533500"
    ],
    "amount": "10000.00"
  }
},
{
  "model": "compensation.bonus",
  "pk": "61f55315-66db-4f96-871a-88caad2a305e",
  "fields": {
    "filial": null,
    "created_at": "2025-04-22T07:29:54.172Z",
    "updated_at": "2025-04-22T07:29:54.173Z",
    "deleted_at": null,
    "name": "Jami yangi va aktiv o'quvchi o'quvchilarning 100% gacha bo'lgan qismi uchun bonus",
    "user": [
      "+998992721513"
    ],
    "amount": "1500000.00"
  }
},
{
  "model": "compensation.bonus",
  "pk": "91205cc4-a89d-4b0e-bcb2-9f717ffb6988",
  "fields": {
    "filial": null,
    "created_at": "2025-04-22T01:48:57.678Z",
    "updated_at": "2025-04-22T01:48:57.678Z",
    "deleted_at": null,
    "name": "Oquvchi tolagan summadan foiz beriladi",
    "user": [
      "+998909386500"
    ],
    "amount": "30.00"
  }
},
{
  "model": "compensation.bonus",
  "pk": "a3b09a33-354d-4fdd-acea-aa1235a26e11",
  "fields": {
    "filial": null,
    "created_at": "2025-04-22T07:44:07.616Z",
    "updated_at": "2025-04-22T07:44:07.616Z",
    "deleted_at": null,
    "name": "Aktiv o'quvchiga aylangan yangi oquvchi uchun bonus",
    "user": [
      "+998901148900"
    ],
    "amount": "10000.00"
  }
},
{
  "model": "compensation.bonus",
  "pk": "a6ad7cf5-1c5f-4605-994d-bb7feb78a82d",
  "fields": {
    "filial": null,
    "created_at": "2025-04-16T00:47:30.289Z",
    "updated_at": "2025-04-16T00:47:30.290Z",
    "deleted_at": null,
    "name": "Aktiv o'quvchi soniga bonus",
    "user": [
      "+998972656500"
    ],
    "amount": "1.00"
  }
},
{
  "model": "compensation.bonus",
  "pk": "a8c289f9-96a2-4609-895c-e1ebecd9723a",
  "fields": {
    "filial": null,
    "created_at": "2025-04-21T12:50:46.944Z",
    "updated_at": "2025-04-21T12:50:46.944Z",
    "deleted_at": null,
    "name": "Bir oyda 10 marta kelgan har bir oquvchi uchun bonus",
    "user": [
      "+998947481206"
    ],
    "amount": "10000.00"
  }
},
{
  "model": "compensation.bonus",
  "pk": "c1d4ca6c-8ad1-4601-88a5-d49194c13d9f",
  "fields": {
    "filial": null,
    "created_at": "2025-04-17T09:21:02.574Z",
    "updated_at": "2025-04-21T13:24:49.782Z",
    "deleted_at": null,
    "name": "Oquvchi tolagan summadan foiz beriladi",
    "user": [
      "+998500752700"
    ],
    "amount": "30.00"
  }
},
{
  "model": "compensation.bonus",
  "pk": "ef665604-c221-41fb-aa69-a3d36bf090ea",
  "fields": {
    "filial": null,
    "created_at": "2025-04-22T07:44:07.489Z",
    "updated_at": "2025-04-22T07:44:07.489Z",
    "deleted_at": null,
    "name": "Yaratilgan buyurtma uchun bonus",
    "user": [
      "+998901148900"
    ],
    "amount": "5000.00"
  }
},
{
  "model": "compensation.bonus",
  "pk": "f4544c71-1da8-4126-a602-3802c5f6c8f9",
  "fields": {
    "filial": null,
    "created_at": "2025-04-22T07:29:54.151Z",
    "updated_at": "2025-04-22T07:29:54.152Z",
    "deleted_at": null,
    "name": "Jami yangi va aktiv o'quvchi o'quvchilarning 95% dan 97.9% gacha bo'lgan qismi uchun bonus",
    "user": [
      "+998992721513"
    ],
    "amount": "500000.00"
  }
},
{
  "model": "compensation.bonus",
  "pk": "f7e4992e-39e0-4b1e-a659-42ca2809330e",
  "fields": {
    "filial": null,
    "created_at": "2025-04-22T07:29:53.762Z",
    "updated_at": "2025-04-22T07:29:53.763Z",
    "deleted_at": null,
    "name": "Har bir qarzdor bolmagan va Aktiv o'quvchi uchun bonus",
    "user": [
      "+998992721513"
    ],
    "amount": "5000.00"
  }
},
{
  "model": "compensation.page",
  "pk": "00976de5-8ee8-40cf-87f3-33a481a22f9e",
  "fields": {
    "filial": null,
    "created_at": "2025-04-21T12:50:47.406Z",
    "updated_at": "2025-04-21T12:50:47.406Z",
    "deleted_at": null,
    "user": [
      "+998947481206"
    ],
    "name": "edu_report",
    "is_editable": false,
    "is_readable": false,
    "is_parent": false
  }
},
{
  "model": "compensation.page",
  "pk": "00d69905-9120-4945-9a0d-5429b4fb0e5a",
  "fields": {
    "filial": null,
    "created_at": "2025-04-21T12:50:47.712Z",
    "updated_at": "2025-04-21T12:50:47.712Z",
    "deleted_at": null,
    "user": [
      "+998947481206"
    ],
    "name": "edu_section",
    "is_editable": false,
    "is_readable": true,
    "is_parent": false
  }
},
{
  "model": "compensation.page",
  "pk": "016f14bf-728f-44ef-b148-4b459a5b4730",
  "fields": {
    "filial": null,
    "created_at": "2025-04-17T09:21:03.777Z",
    "updated_at": "2025-04-17T09:21:03.777Z",
    "deleted_at": null,
    "user": [
      "+998500752700"
    ],
    "name": "shop",
    "is_editable": false,
    "is_readable": false,
    "is_parent": false
  }
},
{
  "model": "compensation.page",
  "pk": "02ca9469-60c4-4b04-9212-01dc77f5d888",
  "fields": {
    "filial": null,
    "created_at": "2025-04-17T09:21:02.997Z",
    "updated_at": "2025-04-17T09:21:02.997Z",
    "deleted_at": null,
    "user": [
      "+998500752700"
    ],
    "name": "students",
    "is_editable": false,
    "is_readable": true,
    "is_parent": false
  }
},
{
  "model": "compensation.page",
  "pk": "04352681-9ac2-4f95-b110-a3bda365408d",
  "fields": {
    "filial": null,
    "created_at": "2025-04-12T12:14:13.656Z",
    "updated_at": "2025-04-12T12:14:13.657Z",
    "deleted_at": null,
    "user": [
      "+998901234567"
    ],
    "name": "edu_section",
    "is_editable": true,
    "is_readable": true,
    "is_parent": false
  }
},
{
  "model": "compensation.page",
  "pk": "0515e39e-eff9-43d0-98de-d7390f3d8c43",
  "fields": {
    "filial": null,
    "created_at": "2025-04-22T07:29:54.947Z",
    "updated_at": "2025-04-22T07:29:54.947Z",
    "deleted_at": null,
    "user": [
      "+998992721513"
    ],
    "name": "monitoring_page",
    "is_editable": false,
    "is_readable": false,
    "is_parent": false
  }
},
{
  "model": "compensation.page",
  "pk": "05e621bb-f1de-47b5-99db-1afc3dff3c34",
  "fields": {
    "filial": null,
    "created_at": "2025-04-21T12:50:47.784Z",
    "updated_at": "2025-04-21T12:50:47.784Z",
    "deleted_at": null,
    "user": [
      "+998947481206"
    ],
    "name": "rooms",
    "is_editable": false,
    "is_readable": true,
    "is_parent": false
  }
},
{
  "model": "compensation.page",
  "pk": "060679dd-2611-4ff9-8dd5-21a3b5f3a81a",
  "fields": {
    "filial": null,
    "created_at": "2025-04-22T01:48:59.068Z",
    "updated_at": "2025-04-22T01:48:59.068Z",
    "deleted_at": null,
    "user": [
      "+998909386500"
    ],
    "name": "employees_archive",
    "is_editable": true,
    "is_readable": true,
    "is_parent": false
  }
},
{
  "model": "compensation.page",
  "pk": "074e2802-11ad-4552-9350-f37f223c3f5c",
  "fields": {
    "filial": null,
    "created_at": "2025-04-17T09:21:02.804Z",
    "updated_at": "2025-04-17T09:21:02.804Z",
    "deleted_at": null,
    "user": [
      "+998500752700"
    ],
    "name": "edu_report",
    "is_editable": false,
    "is_readable": false,
    "is_parent": false
  }
},
{
  "model": "compensation.page",
  "pk": "075afd46-6382-4a66-9344-3e0604e50fa3",
  "fields": {
    "filial": null,
    "created_at": "2025-04-22T07:55:21.466Z",
    "updated_at": "2025-04-22T07:55:21.467Z",
    "deleted_at": null,
    "user": [
      "+998949533500"
    ],
    "name": "cashiers",
    "is_editable": false,
    "is_readable": false,
    "is_parent": false
  }
},
{
  "model": "compensation.page",
  "pk": "07bb8b81-9b9f-447d-bfae-764d4266df24",
  "fields": {
    "filial": null,
    "created_at": "2025-04-16T00:47:31.124Z",
    "updated_at": "2025-04-16T00:47:31.125Z",
    "deleted_at": null,
    "user": [
      "+998972656500"
    ],
    "name": "edu_section",
    "is_editable": true,
    "is_readable": true,
    "is_parent": false
  }
},
{
  "model": "compensation.page",
  "pk": "089a609c-ba37-494b-a9cb-9afd3bc525c3",
  "fields": {
    "filial": null,
    "created_at": "2025-04-16T01:03:38.691Z",
    "updated_at": "2025-04-16T01:03:38.691Z",
    "deleted_at": null,
    "user": [
      "+998905850925"
    ],
    "name": "rooms",
    "is_editable": true,
    "is_readable": true,
    "is_parent": false
  }
},
{
  "model": "compensation.page",
  "pk": "091f6d94-0072-488c-9191-1ce82ab599d9",
  "fields": {
    "filial": null,
    "created_at": "2025-04-17T09:21:02.767Z",
    "updated_at": "2025-04-17T09:21:02.768Z",
    "deleted_at": null,
    "user": [
      "+998500752700"
    ],
    "name": "admin_report",
    "is_editable": false,
    "is_readable": false,
    "is_parent": false
  }
},
{
  "model": "compensation.page",
  "pk": "0b7cb347-cca1-40c8-9635-2fb0506c8cf9",
  "fields": {
    "filial": null,
    "created_at": "2025-04-22T07:29:54.877Z",
    "updated_at": "2025-04-22T07:29:54.877Z",
    "deleted_at": null,
    "user": [
      "+998992721513"
    ],
    "name": "employees_data",
    "is_editable": false,
    "is_readable": false,
    "is_parent": false
  }
},
{
  "model": "compensation.page",
  "pk": "0ba4dd94-465d-45f3-9a4e-4074ae365c41",
  "fields": {
    "filial": null,
    "created_at": "2025-04-17T09:21:03.250Z",
    "updated_at": "2025-04-17T09:21:03.251Z",
    "deleted_at": null,
    "user": [
      "+998500752700"
    ],
    "name": "rooms",
    "is_editable": false,
    "is_readable": true,
    "is_parent": false
  }
},
{
  "model": "compensation.page",
  "pk": "0c6840dc-a67f-4e35-b176-1749ff6e4040",
  "fields": {
    "filial": null,
    "created_at": "2025-04-12T12:14:13.698Z",
    "updated_at": "2025-04-12T12:14:13.698Z",
    "deleted_at": null,
    "user": [
      "+998901234567"
    ],
    "name": "schedule",
    "is_editable": true,
    "is_readable": true,
    "is_parent": false
  }
},
{
  "model": "compensation.page",
  "pk": "0e2e7d24-1628-491e-8ebc-5f23eb3f76ab",
  "fields": {
    "filial": null,
    "created_at": "2025-04-22T07:44:07.752Z",
    "updated_at": "2025-04-22T07:44:07.752Z",
    "deleted_at": null,
    "user": [
      "+998901148900"
    ],
    "name": "leads",
    "is_editable": true,
    "is_readable": true,
    "is_parent": false
  }
},
{
  "model": "compensation.page",
  "pk": "0ee3a831-204f-4384-8e06-eaea13b67244",
  "fields": {
    "filial": null,
    "created_at": "2025-04-17T09:21:03.725Z",
    "updated_at": "2025-04-17T09:21:03.725Z",
    "deleted_at": null,
    "user": [
      "+998500752700"
    ],
    "name": "settings",
    "is_editable": false,
    "is_readable": false,
    "is_parent": false
  }
},
{
  "model": "compensation.page",
  "pk": "0f0131b3-1d5c-4126-931b-c5aac13b222f",
  "fields": {
    "filial": null,
    "created_at": "2025-04-21T12:50:47.921Z",
    "updated_at": "2025-04-21T12:50:47.921Z",
    "deleted_at": null,
    "user": [
      "+998947481206"
    ],
    "name": "tasks",
    "is_editable": false,
    "is_readable": true,
    "is_parent": false
  }
},
{
  "model": "compensation.page",
  "pk": "0f29ca6a-4c7e-474a-a698-73169b6d9d20",
  "fields": {
    "filial": null,
    "created_at": "2025-04-16T01:03:38.788Z",
    "updated_at": "2025-04-16T01:03:38.788Z",
    "deleted_at": null,
    "user": [
      "+998905850925"
    ],
    "name": "control",
    "is_editable": true,
    "is_readable": true,
    "is_parent": false
  }
},
{
  "model": "compensation.page",
  "pk": "107f1280-51cd-4a00-9f94-8b38f3be39bb",
  "fields": {
    "filial": null,
    "created_at": "2025-04-17T09:15:44.452Z",
    "updated_at": "2025-04-17T09:15:44.452Z",
    "deleted_at": null,
    "user": [
      "+998995261923"
    ],
    "name": "materials",
    "is_editable": false,
    "is_readable": false,
    "is_parent": false
  }
},
{
  "model": "compensation.page",
  "pk": "11d387f6-d55b-4822-9721-b5db07b6c639",
  "fields": {
    "filial": null,
    "created_at": "2025-04-22T07:55:21.356Z",
    "updated_at": "2025-04-22T07:55:21.357Z",
    "deleted_at": null,
    "user": [
      "+998949533500"
    ],
    "name": "rooms",
    "is_editable": false,
    "is_readable": false,
    "is_parent": false
  }
},
{
  "model": "compensation.page",
  "pk": "13d0974e-a86c-433f-b28f-036db950d74b",
  "fields": {
    "filial": null,
    "created_at": "2025-04-22T07:29:54.520Z",
    "updated_at": "2025-04-22T07:29:54.520Z",
    "deleted_at": null,
    "user": [
      "+998992721513"
    ],
    "name": "new_leads",
    "is_editable": false,
    "is_readable": false,
    "is_parent": false
  }
},
{
  "model": "compensation.page",
  "pk": "14d56b4f-5cfb-4cdd-8b6c-dc754823cf8a",
  "fields": {
    "filial": null,
    "created_at": "2025-04-22T01:48:58.916Z",
    "updated_at": "2025-04-22T01:48:58.917Z",
    "deleted_at": null,
    "user": [
      "+998909386500"
    ],
    "name": "materials",
    "is_editable": true,
    "is_readable": true,
    "is_parent": false
  }
},
{
  "model": "compensation.page",
  "pk": "15815bb8-896b-4eab-ab4f-942c04361f70",
  "fields": {
    "filial": null,
    "created_at": "2025-04-22T07:55:21.735Z",
    "updated_at": "2025-04-22T07:55:21.735Z",
    "deleted_at": null,
    "user": [
      "+998949533500"
    ],
    "name": "control",
    "is_editable": true,
    "is_readable": true,
    "is_parent": false
  }
},
{
  "model": "compensation.page",
  "pk": "17b21cfb-467a-4f2d-838f-97e91e5371a4",
  "fields": {
    "filial": null,
    "created_at": "2025-04-22T07:44:07.927Z",
    "updated_at": "2025-04-22T07:44:07.927Z",
    "deleted_at": null,
    "user": [
      "+998901148900"
    ],
    "name": "materials",
    "is_editable": false,
    "is_readable": false,
    "is_parent": false
  }
},
{
  "model": "compensation.page",
  "pk": "182bf3cc-66c1-49f0-8cb8-7e4a6eb7690c",
  "fields": {
    "filial": null,
    "created_at": "2025-04-12T12:14:13.608Z",
    "updated_at": "2025-04-12T12:14:13.608Z",
    "deleted_at": null,
    "user": [
      "+998901234567"
    ],
    "name": "leads",
    "is_editable": true,
    "is_readable": true,
    "is_parent": false
  }
},
{
  "model": "compensation.page",
  "pk": "19938e47-f233-4ac2-b196-52ab2c8ade02",
  "fields": {
    "filial": null,
    "created_at": "2025-04-12T12:14:13.667Z",
    "updated_at": "2025-04-12T12:14:13.667Z",
    "deleted_at": null,
    "user": [
      "+998901234567"
    ],
    "name": "subjects",
    "is_editable": true,
    "is_readable": true,
    "is_parent": false
  }
},
{
  "model": "compensation.page",
  "pk": "19c63b10-c03c-43e9-8ce7-7861f7f82f3d",
  "fields": {
    "filial": null,
    "created_at": "2025-04-22T01:48:59.075Z",
    "updated_at": "2025-04-22T01:48:59.075Z",
    "deleted_at": null,
    "user": [
      "+998909386500"
    ],
    "name": "employees",
    "is_editable": true,
    "is_readable": true,
    "is_parent": false
  }
},
{
  "model": "compensation.page",
  "pk": "19ca4d51-c6f7-414b-bf0c-495b21fca850",
  "fields": {
    "filial": null,
    "created_at": "2025-04-16T00:47:31.499Z",
    "updated_at": "2025-04-16T00:47:31.500Z",
    "deleted_at": null,
    "user": [
      "+998972656500"
    ],
    "name": "results",
    "is_editable": true,
    "is_readable": true,
    "is_parent": false
  }
},
{
  "model": "compensation.page",
  "pk": "1a7cb0c3-a4cf-4b5d-9fd0-d21ed094a9f3",
  "fields": {
    "filial": null,
    "created_at": "2025-04-22T07:29:54.718Z",
    "updated_at": "2025-04-22T07:29:54.718Z",
    "deleted_at": null,
    "user": [
      "+998992721513"
    ],
    "name": "materials",
    "is_editable": false,
    "is_readable": false,
    "is_parent": false
  }
},
{
  "model": "compensation.page",
  "pk": "1aa8a550-f93c-478d-8579-c052197d7c4d",
  "fields": {
    "filial": null,
    "created_at": "2025-04-17T09:15:44.312Z",
    "updated_at": "2025-04-17T09:15:44.312Z",
    "deleted_at": null,
    "user": [
      "+998995261923"
    ],
    "name": "all_students",
    "is_editable": false,
    "is_readable": true,
    "is_parent": false
  }
},
{
  "model": "compensation.page",
  "pk": "1b6c8546-4c56-45a4-9209-61626801361d",
  "fields": {
    "filial": null,
    "created_at": "2025-04-22T07:44:08.104Z",
    "updated_at": "2025-04-22T07:44:08.104Z",
    "deleted_at": null,
    "user": [
      "+998901148900"
    ],
    "name": "employees_data",
    "is_editable": false,
    "is_readable": false,
    "is_parent": false
  }
},
{
  "model": "compensation.page",
  "pk": "1bc1be21-207a-4d9b-8bb2-7b4fde783fa6",
  "fields": {
    "filial": null,
    "created_at": "2025-04-16T00:47:31.658Z",
    "updated_at": "2025-04-16T00:47:31.658Z",
    "deleted_at": null,
    "user": [
      "+998972656500"
    ],
    "name": "shop",
    "is_editable": true,
    "is_readable": true,
    "is_parent": false
  }
},
{
  "model": "compensation.page",
  "pk": "1e06eda8-eaea-42dc-a7b4-bdd2abd49c02",
  "fields": {
    "filial": null,
    "created_at": "2025-04-22T07:29:54.773Z",
    "updated_at": "2025-04-22T07:29:54.774Z",
    "deleted_at": null,
    "user": [
      "+998992721513"
    ],
    "name": "schedule",
    "is_editable": false,
    "is_readable": false,
    "is_parent": false
  }
},
{
  "model": "compensation.page",
  "pk": "1e455eeb-2e64-4165-81a5-6c5fde63d100",
  "fields": {
    "filial": null,
    "created_at": "2025-04-12T12:14:13.767Z",
    "updated_at": "2025-04-12T12:14:13.767Z",
    "deleted_at": null,
    "user": [
      "+998901234567"
    ],
    "name": "settings",
    "is_editable": true,
    "is_readable": true,
    "is_parent": false
  }
},
{
  "model": "compensation.page",
  "pk": "1ef701ed-45b9-4d89-93da-53c68f63dd79",
  "fields": {
    "filial": null,
    "created_at": "2025-04-16T00:47:31.087Z",
    "updated_at": "2025-04-16T00:47:31.087Z",
    "deleted_at": null,
    "user": [
      "+998972656500"
    ],
    "name": "all_students",
    "is_editable": true,
    "is_readable": true,
    "is_parent": false
  }
},
{
  "model": "compensation.page",
  "pk": "1f89db63-aff0-478a-855d-239027b17cdf",
  "fields": {
    "filial": null,
    "created_at": "2025-04-16T00:47:31.507Z",
    "updated_at": "2025-04-16T00:47:31.507Z",
    "deleted_at": null,
    "user": [
      "+998972656500"
    ],
    "name": "employees_data",
    "is_editable": true,
    "is_readable": true,
    "is_parent": false
  }
},
{
  "model": "compensation.page",
  "pk": "1fd0f5ba-ed39-4605-8541-12aff6cd29e6",
  "fields": {
    "filial": null,
    "created_at": "2025-04-22T07:55:21.754Z",
    "updated_at": "2025-04-22T07:55:21.754Z",
    "deleted_at": null,
    "user": [
      "+998949533500"
    ],
    "name": "monitoring_page",
    "is_editable": true,
    "is_readable": true,
    "is_parent": false
  }
},
{
  "model": "compensation.page",
  "pk": "2134847f-32fc-44fc-9907-82ff9ad66168",
  "fields": {
    "filial": null,
    "created_at": "2025-04-16T01:03:38.454Z",
    "updated_at": "2025-04-16T01:03:38.454Z",
    "deleted_at": null,
    "user": [
      "+998905850925"
    ],
    "name": "leads",
    "is_editable": true,
    "is_readable": true,
    "is_parent": false
  }
},
{
  "model": "compensation.page",
  "pk": "217004db-4ccc-4882-8e26-1d45edb33e38",
  "fields": {
    "filial": null,
    "created_at": "2025-04-22T07:55:21.090Z",
    "updated_at": "2025-04-22T07:55:21.091Z",
    "deleted_at": null,
    "user": [
      "+998949533500"
    ],
    "name": "new_students",
    "is_editable": true,
    "is_readable": true,
    "is_parent": false
  }
},
{
  "model": "compensation.page",
  "pk": "22b2b572-2d21-4617-a7de-ee24ce4be91f",
  "fields": {
    "filial": null,
    "created_at": "2025-04-17T09:15:44.865Z",
    "updated_at": "2025-04-17T09:15:44.865Z",
    "deleted_at": null,
    "user": [
      "+998995261923"
    ],
    "name": "control",
    "is_editable": false,
    "is_readable": false,
    "is_parent": false
  }
},
{
  "model": "compensation.page",
  "pk": "2368bfeb-8299-49f5-9f47-59f3ef2ea91d",
  "fields": {
    "filial": null,
    "created_at": "2025-04-17T09:21:03.240Z",
    "updated_at": "2025-04-17T09:21:03.240Z",
    "deleted_at": null,
    "user": [
      "+998500752700"
    ],
    "name": "groups",
    "is_editable": false,
    "is_readable": true,
    "is_parent": false
  }
},
{
  "model": "compensation.page",
  "pk": "24f1a764-78ee-4cb4-b727-87b614fc02cd",
  "fields": {
    "filial": null,
    "created_at": "2025-04-22T01:48:58.298Z",
    "updated_at": "2025-04-22T01:48:58.298Z",
    "deleted_at": null,
    "user": [
      "+998909386500"
    ],
    "name": "archived_students",
    "is_editable": true,
    "is_readable": true,
    "is_parent": false
  }
},
{
  "model": "compensation.page",
  "pk": "2517df3f-c242-4546-b5a9-7b77b8fa6120",
  "fields": {
    "filial": null,
    "created_at": "2025-04-22T07:55:20.840Z",
    "updated_at": "2025-04-22T07:55:20.840Z",
    "deleted_at": null,
    "user": [
      "+998949533500"
    ],
    "name": "monitoring",
    "is_editable": false,
    "is_readable": false,
    "is_parent": false
  }
},
{
  "model": "compensation.page",
  "pk": "2708d3c5-86e1-46ba-9e2a-54af77615fd0",
  "fields": {
    "filial": null,
    "created_at": "2025-04-16T01:03:38.873Z",
    "updated_at": "2025-04-16T01:03:38.873Z",
    "deleted_at": null,
    "user": [
      "+998905850925"
    ],
    "name": "settings",
    "is_editable": false,
    "is_readable": false,
    "is_parent": false
  }
},
{
  "model": "compensation.page",
  "pk": "27247e16-1a77-4124-955b-fabcf0410deb",
  "fields": {
    "filial": null,
    "created_at": "2025-04-12T12:14:13.572Z",
    "updated_at": "2025-04-12T12:14:13.573Z",
    "deleted_at": null,
    "user": [
      "+998901234567"
    ],
    "name": "reports",
    "is_editable": true,
    "is_readable": true,
    "is_parent": false
  }
},
{
  "model": "compensation.page",
  "pk": "273a14f1-7ee4-419d-a12b-447b47d2ff0e",
  "fields": {
    "filial": null,
    "created_at": "2025-04-22T07:44:08.180Z",
    "updated_at": "2025-04-22T07:44:08.181Z",
    "deleted_at": null,
    "user": [
      "+998901148900"
    ],
    "name": "settings",
    "is_editable": false,
    "is_readable": false,
    "is_parent": false
  }
},
{
  "model": "compensation.page",
  "pk": "28192122-4ba2-43ff-a155-cf5eee0927f0",
  "fields": {
    "filial": null,
    "created_at": "2025-04-22T07:44:07.669Z",
    "updated_at": "2025-04-22T07:44:07.669Z",
    "deleted_at": null,
    "user": [
      "+998901148900"
    ],
    "name": "monitoring",
    "is_editable": false,
    "is_readable": false,
    "is_parent": false
  }
},
{
  "model": "compensation.page",
  "pk": "281d6867-d22a-48bb-9a73-9cbf8d516b28",
  "fields": {
    "filial": null,
    "created_at": "2025-04-22T01:48:58.343Z",
    "updated_at": "2025-04-22T01:48:58.343Z",
    "deleted_at": null,
    "user": [
      "+998909386500"
    ],
    "name": "all_students",
    "is_editable": true,
    "is_readable": true,
    "is_parent": false
  }
},
{
  "model": "compensation.page",
  "pk": "29fe9bd9-0850-453c-b782-0089078708a7",
  "fields": {
    "filial": null,
    "created_at": "2025-04-22T07:44:08.006Z",
    "updated_at": "2025-04-22T07:44:08.007Z",
    "deleted_at": null,
    "user": [
      "+998901148900"
    ],
    "name": "schedule",
    "is_editable": false,
    "is_readable": true,
    "is_parent": false
  }
},
{
  "model": "compensation.page",
  "pk": "2a4a3b06-568f-4a2e-9e6b-9d8e8b21c2db",
  "fields": {
    "filial": null,
    "created_at": "2025-04-12T12:14:13.661Z",
    "updated_at": "2025-04-12T12:14:13.662Z",
    "deleted_at": null,
    "user": [
      "+998901234567"
    ],
    "name": "materials",
    "is_editable": true,
    "is_readable": true,
    "is_parent": false
  }
},
{
  "model": "compensation.page",
  "pk": "2ad189b5-f254-441a-902d-878c5bd1b36f",
  "fields": {
    "filial": null,
    "created_at": "2025-04-17T09:15:44.024Z",
    "updated_at": "2025-04-17T09:15:44.024Z",
    "deleted_at": null,
    "user": [
      "+998995261923"
    ],
    "name": "admin_report",
    "is_editable": false,
    "is_readable": false,
    "is_parent": false
  }
},
{
  "model": "compensation.page",
  "pk": "2b01fc04-32c0-4012-ac22-cda4c20a9a9e",
  "fields": {
    "filial": null,
    "created_at": "2025-04-22T07:44:07.949Z",
    "updated_at": "2025-04-22T07:44:07.950Z",
    "deleted_at": null,
    "user": [
      "+998901148900"
    ],
    "name": "groups",
    "is_editable": false,
    "is_readable": false,
    "is_parent": false
  }
},
{
  "model": "compensation.page",
  "pk": "2b0e9fb7-ba34-4cae-bce2-a5c309a2179e",
  "fields": {
    "filial": null,
    "created_at": "2025-04-22T01:48:58.296Z",
    "updated_at": "2025-04-22T01:48:58.297Z",
    "deleted_at": null,
    "user": [
      "+998909386500"
    ],
    "name": "active_students",
    "is_editable": true,
    "is_readable": true,
    "is_parent": false
  }
},
{
  "model": "compensation.page",
  "pk": "2b6e508b-35b3-4f9c-a273-f0aeb78261c4",
  "fields": {
    "filial": null,
    "created_at": "2025-04-16T01:03:38.738Z",
    "updated_at": "2025-04-16T01:03:38.738Z",
    "deleted_at": null,
    "user": [
      "+998905850925"
    ],
    "name": "tasks",
    "is_editable": true,
    "is_readable": true,
    "is_parent": false
  }
},
{
  "model": "compensation.page",
  "pk": "2cfdf367-99d6-428a-a577-f7af674c9a2a",
  "fields": {
    "filial": null,
    "created_at": "2025-04-17T09:21:02.822Z",
    "updated_at": "2025-04-17T09:21:02.822Z",
    "deleted_at": null,
    "user": [
      "+998500752700"
    ],
    "name": "monitoring",
    "is_editable": false,
    "is_readable": false,
    "is_parent": false
  }
},
{
  "model": "compensation.page",
  "pk": "2d39212d-97c2-465e-8dda-a140fa07265e",
  "fields": {
    "filial": null,
    "created_at": "2025-04-22T07:29:54.814Z",
    "updated_at": "2025-04-22T07:29:54.815Z",
    "deleted_at": null,
    "user": [
      "+998992721513"
    ],
    "name": "results",
    "is_editable": false,
    "is_readable": false,
    "is_parent": false
  }
},
{
  "model": "compensation.page",
  "pk": "339ac64d-72b4-48fa-b191-5cc81f499037",
  "fields": {
    "filial": null,
    "created_at": "2025-04-17T09:15:44.400Z",
    "updated_at": "2025-04-17T09:15:44.400Z",
    "deleted_at": null,
    "user": [
      "+998995261923"
    ],
    "name": "active_students",
    "is_editable": false,
    "is_readable": true,
    "is_parent": false
  }
},
{
  "model": "compensation.page",
  "pk": "3b58e67d-161d-4e0f-9da2-99eac4840b29",
  "fields": {
    "filial": null,
    "created_at": "2025-04-21T12:50:47.470Z",
    "updated_at": "2025-04-21T12:50:47.471Z",
    "deleted_at": null,
    "user": [
      "+998947481206"
    ],
    "name": "finance_report",
    "is_editable": false,
    "is_readable": false,
    "is_parent": false
  }
},
{
  "model": "compensation.page",
  "pk": "3c360e22-57a1-4e20-afd4-5fed4dcc6d34",
  "fields": {
    "filial": null,
    "created_at": "2025-04-22T07:55:21.505Z",
    "updated_at": "2025-04-22T07:55:21.505Z",
    "deleted_at": null,
    "user": [
      "+998949533500"
    ],
    "name": "tasks",
    "is_editable": true,
    "is_readable": true,
    "is_parent": false
  }
},
{
  "model": "compensation.page",
  "pk": "3d138dec-1012-4d98-9904-f41b0d01ea15",
  "fields": {
    "filial": null,
    "created_at": "2025-04-12T12:14:13.735Z",
    "updated_at": "2025-04-12T12:14:13.736Z",
    "deleted_at": null,
    "user": [
      "+998901234567"
    ],
    "name": "employees",
    "is_editable": true,
    "is_readable": true,
    "is_parent": false
  }
},
{
  "model": "compensation.page",
  "pk": "3e556802-35c3-4d65-9c7e-02cc723063e8",
  "fields": {
    "filial": null,
    "created_at": "2025-04-12T12:14:13.687Z",
    "updated_at": "2025-04-12T12:14:13.688Z",
    "deleted_at": null,
    "user": [
      "+998901234567"
    ],
    "name": "groups",
    "is_editable": true,
    "is_readable": true,
    "is_parent": false
  }
},
{
  "model": "compensation.page",
  "pk": "41a922d3-861f-4a20-810c-169768b03be9",
  "fields": {
    "filial": null,
    "created_at": "2025-04-17T09:15:44.250Z",
    "updated_at": "2025-04-17T09:15:44.250Z",
    "deleted_at": null,
    "user": [
      "+998995261923"
    ],
    "name": "students",
    "is_editable": false,
    "is_readable": true,
    "is_parent": false
  }
},
{
  "model": "compensation.page",
  "pk": "41ae398b-28ff-4b38-a697-7e9469b91950",
  "fields": {
    "filial": null,
    "created_at": "2025-04-16T00:47:30.857Z",
    "updated_at": "2025-04-16T00:47:30.857Z",
    "deleted_at": null,
    "user": [
      "+998972656500"
    ],
    "name": "orders",
    "is_editable": true,
    "is_readable": true,
    "is_parent": false
  }
},
{
  "model": "compensation.page",
  "pk": "41d96372-d863-4aab-b49e-558ca7646971",
  "fields": {
    "filial": null,
    "created_at": "2025-04-16T01:03:38.853Z",
    "updated_at": "2025-04-16T01:03:38.853Z",
    "deleted_at": null,
    "user": [
      "+998905850925"
    ],
    "name": "monitoring_page",
    "is_editable": true,
    "is_readable": true,
    "is_parent": false
  }
},
{
  "model": "compensation.page",
  "pk": "42e652c5-1487-4d60-8d01-c9d27a2f253e",
  "fields": {
    "filial": null,
    "created_at": "2025-04-16T01:03:38.555Z",
    "updated_at": "2025-04-16T01:03:38.555Z",
    "deleted_at": null,
    "user": [
      "+998905850925"
    ],
    "name": "edu_section",
    "is_editable": true,
    "is_readable": true,
    "is_parent": false
  }
},
{
  "model": "compensation.page",
  "pk": "43f526ca-7ba0-49d0-a321-5ffa11dd52ee",
  "fields": {
    "filial": null,
    "created_at": "2025-04-16T01:03:38.724Z",
    "updated_at": "2025-04-16T01:03:38.725Z",
    "deleted_at": null,
    "user": [
      "+998905850925"
    ],
    "name": "results",
    "is_editable": true,
    "is_readable": true,
    "is_parent": false
  }
},
{
  "model": "compensation.page",
  "pk": "4500c989-983c-45b8-b569-5c9bad50772e",
  "fields": {
    "filial": null,
    "created_at": "2025-04-16T01:03:38.469Z",
    "updated_at": "2025-04-16T01:03:38.470Z",
    "deleted_at": null,
    "user": [
      "+998905850925"
    ],
    "name": "students",
    "is_editable": true,
    "is_readable": true,
    "is_parent": false
  }
},
{
  "model": "compensation.page",
  "pk": "45415983-60e0-466b-bf0c-157b1c129bda",
  "fields": {
    "filial": null,
    "created_at": "2025-04-17T09:15:44.642Z",
    "updated_at": "2025-04-17T09:15:44.642Z",
    "deleted_at": null,
    "user": [
      "+998995261923"
    ],
    "name": "employees_data",
    "is_editable": false,
    "is_readable": false,
    "is_parent": false
  }
},
{
  "model": "compensation.page",
  "pk": "473428be-f8fa-4a24-8d5d-54305b1baf35",
  "fields": {
    "filial": null,
    "created_at": "2025-04-22T07:44:08.040Z",
    "updated_at": "2025-04-22T07:44:08.040Z",
    "deleted_at": null,
    "user": [
      "+998901148900"
    ],
    "name": "cashiers",
    "is_editable": false,
    "is_readable": false,
    "is_parent": false
  }
},
{
  "model": "compensation.page",
  "pk": "4794985c-464b-41de-99da-3c0f194bbef7",
  "fields": {
    "filial": null,
    "created_at": "2025-04-12T12:14:13.646Z",
    "updated_at": "2025-04-12T12:14:13.646Z",
    "deleted_at": null,
    "user": [
      "+998901234567"
    ],
    "name": "archived_students",
    "is_editable": true,
    "is_readable": true,
    "is_parent": false
  }
},
{
  "model": "compensation.page",
  "pk": "486cc0d9-6ea5-4307-85d5-bc8a09188709",
  "fields": {
    "filial": null,
    "created_at": "2025-04-22T07:29:54.349Z",
    "updated_at": "2025-04-22T07:29:54.349Z",
    "deleted_at": null,
    "user": [
      "+998992721513"
    ],
    "name": "admin_report",
    "is_editable": true,
    "is_readable": true,
    "is_parent": false
  }
},
{
  "model": "compensation.page",
  "pk": "488c9596-2e4b-49bd-bff7-e54ec9a6e809",
  "fields": {
    "filial": null,
    "created_at": "2025-04-12T12:14:13.596Z",
    "updated_at": "2025-04-12T12:14:13.596Z",
    "deleted_at": null,
    "user": [
      "+998901234567"
    ],
    "name": "monitoring",
    "is_editable": true,
    "is_readable": true,
    "is_parent": false
  }
},
{
  "model": "compensation.page",
  "pk": "489e7f3d-4d6b-4bab-8cd0-d0d41e1c88c7",
  "fields": {
    "filial": null,
    "created_at": "2025-04-17T09:21:03.061Z",
    "updated_at": "2025-04-17T09:21:03.061Z",
    "deleted_at": null,
    "user": [
      "+998500752700"
    ],
    "name": "orders",
    "is_editable": false,
    "is_readable": false,
    "is_parent": false
  }
},
{
  "model": "compensation.page",
  "pk": "499d6a7a-c994-4bed-aaf0-560dfe687189",
  "fields": {
    "filial": null,
    "created_at": "2025-04-16T00:47:31.626Z",
    "updated_at": "2025-04-16T00:47:31.627Z",
    "deleted_at": null,
    "user": [
      "+998972656500"
    ],
    "name": "control",
    "is_editable": true,
    "is_readable": true,
    "is_parent": false
  }
},
{
  "model": "compensation.page",
  "pk": "49af7104-24f4-49b9-9dd3-2c4e93b68ba7",
  "fields": {
    "filial": null,
    "created_at": "2025-04-22T01:48:58.881Z",
    "updated_at": "2025-04-22T01:48:58.881Z",
    "deleted_at": null,
    "user": [
      "+998909386500"
    ],
    "name": "new_students",
    "is_editable": true,
    "is_readable": true,
    "is_parent": false
  }
},
{
  "model": "compensation.page",
  "pk": "4a3346dc-7bc0-4dda-aedb-08fd58a917e4",
  "fields": {
    "filial": null,
    "created_at": "2025-04-22T07:29:54.632Z",
    "updated_at": "2025-04-22T07:29:54.632Z",
    "deleted_at": null,
    "user": [
      "+998992721513"
    ],
    "name": "all_students",
    "is_editable": true,
    "is_readable": true,
    "is_parent": false
  }
},
{
  "model": "compensation.page",
  "pk": "4b2bb959-49ed-4889-98ae-fd0c982a9b86",
  "fields": {
    "filial": null,
    "created_at": "2025-04-22T07:55:20.822Z",
    "updated_at": "2025-04-22T07:55:20.822Z",
    "deleted_at": null,
    "user": [
      "+998949533500"
    ],
    "name": "reports",
    "is_editable": false,
    "is_readable": false,
    "is_parent": false
  }
},
{
  "model": "compensation.page",
  "pk": "4b62aca3-821b-4d88-ae11-e467e0022d4b",
  "fields": {
    "filial": null,
    "created_at": "2025-04-21T12:50:47.842Z",
    "updated_at": "2025-04-21T12:50:47.842Z",
    "deleted_at": null,
    "user": [
      "+998947481206"
    ],
    "name": "results",
    "is_editable": false,
    "is_readable": true,
    "is_parent": false
  }
},
{
  "model": "compensation.page",
  "pk": "4bda58bc-800a-418e-93b6-1b3bd88dbc30",
  "fields": {
    "filial": null,
    "created_at": "2025-04-17T09:15:43.922Z",
    "updated_at": "2025-04-17T09:15:43.923Z",
    "deleted_at": null,
    "user": [
      "+998995261923"
    ],
    "name": "leads",
    "is_editable": false,
    "is_readable": false,
    "is_parent": false
  }
},
{
  "model": "compensation.page",
  "pk": "4d035793-2515-4297-8ad6-6296b4fd38d9",
  "fields": {
    "filial": null,
    "created_at": "2025-04-17T09:15:44.315Z",
    "updated_at": "2025-04-17T09:15:44.316Z",
    "deleted_at": null,
    "user": [
      "+998995261923"
    ],
    "name": "edu_report",
    "is_editable": true,
    "is_readable": true,
    "is_parent": false
  }
},
{
  "model": "compensation.page",
  "pk": "4d6f5e55-6690-46e3-84a6-e86a6ab3b3d9",
  "fields": {
    "filial": null,
    "created_at": "2025-04-22T07:44:07.870Z",
    "updated_at": "2025-04-22T07:44:07.870Z",
    "deleted_at": null,
    "user": [
      "+998901148900"
    ],
    "name": "active_students",
    "is_editable": true,
    "is_readable": true,
    "is_parent": false
  }
},
{
  "model": "compensation.page",
  "pk": "4db19f10-44ca-43a9-9d52-469928aad99a",
  "fields": {
    "filial": null,
    "created_at": "2025-04-22T01:48:58.133Z",
    "updated_at": "2025-04-22T01:48:58.134Z",
    "deleted_at": null,
    "user": [
      "+998909386500"
    ],
    "name": "edu_report",
    "is_editable": true,
    "is_readable": true,
    "is_parent": false
  }
},
{
  "model": "compensation.page",
  "pk": "4f516813-8396-4b99-9ead-09f88149c039",
  "fields": {
    "filial": null,
    "created_at": "2025-04-22T07:55:21.442Z",
    "updated_at": "2025-04-22T07:55:21.442Z",
    "deleted_at": null,
    "user": [
      "+998949533500"
    ],
    "name": "results",
    "is_editable": false,
    "is_readable": false,
    "is_parent": false
  }
},
{
  "model": "compensation.page",
  "pk": "4f59a182-a583-4b50-9dc2-c6dcb891bccc",
  "fields": {
    "filial": null,
    "created_at": "2025-04-21T12:50:47.370Z",
    "updated_at": "2025-04-21T12:50:47.370Z",
    "deleted_at": null,
    "user": [
      "+998947481206"
    ],
    "name": "admin_report",
    "is_editable": false,
    "is_readable": false,
    "is_parent": false
  }
},
{
  "model": "compensation.page",
  "pk": "4fd44d1b-fe3d-4bc7-8517-88a0e55fdc11",
  "fields": {
    "filial": null,
    "created_at": "2025-04-22T01:48:58.334Z",
    "updated_at": "2025-04-22T01:48:58.334Z",
    "deleted_at": null,
    "user": [
      "+998909386500"
    ],
    "name": "students",
    "is_editable": true,
    "is_readable": true,
    "is_parent": false
  }
},
{
  "model": "compensation.page",
  "pk": "50f38e92-0689-4409-b63e-83c06ab0f689",
  "fields": {
    "filial": null,
    "created_at": "2025-04-22T07:44:07.988Z",
    "updated_at": "2025-04-22T07:44:07.988Z",
    "deleted_at": null,
    "user": [
      "+998901148900"
    ],
    "name": "rooms",
    "is_editable": false,
    "is_readable": false,
    "is_parent": false
  }
},
{
  "model": "compensation.page",
  "pk": "515a37d5-864b-47b1-966b-6a6b952249bd",
  "fields": {
    "filial": null,
    "created_at": "2025-04-17T09:21:03.692Z",
    "updated_at": "2025-04-17T09:21:03.693Z",
    "deleted_at": null,
    "user": [
      "+998500752700"
    ],
    "name": "monitoring_page",
    "is_editable": false,
    "is_readable": true,
    "is_parent": false
  }
},
{
  "model": "compensation.page",
  "pk": "519aacab-6f91-4cde-8659-874e99f87568",
  "fields": {
    "filial": null,
    "created_at": "2025-04-16T01:03:38.484Z",
    "updated_at": "2025-04-16T01:03:38.484Z",
    "deleted_at": null,
    "user": [
      "+998905850925"
    ],
    "name": "orders",
    "is_editable": true,
    "is_readable": true,
    "is_parent": false
  }
},
{
  "model": "compensation.page",
  "pk": "5489ba08-5207-4d46-b83f-bf73d281f7f9",
  "fields": {
    "filial": null,
    "created_at": "2025-04-22T07:44:08.160Z",
    "updated_at": "2025-04-22T07:44:08.160Z",
    "deleted_at": null,
    "user": [
      "+998901148900"
    ],
    "name": "monitoring_page",
    "is_editable": false,
    "is_readable": false,
    "is_parent": false
  }
},
{
  "model": "compensation.page",
  "pk": "54b62f7a-cc7f-4ea4-b9a0-1dc639696566",
  "fields": {
    "filial": null,
    "created_at": "2025-04-16T00:47:30.502Z",
    "updated_at": "2025-04-16T00:47:30.503Z",
    "deleted_at": null,
    "user": [
      "+998972656500"
    ],
    "name": "leads",
    "is_editable": true,
    "is_readable": true,
    "is_parent": false
  }
},
{
  "model": "compensation.page",
  "pk": "556bbbf8-b6eb-4952-9df9-dc8078b18457",
  "fields": {
    "filial": null,
    "created_at": "2025-04-17T09:21:03.686Z",
    "updated_at": "2025-04-17T09:21:03.686Z",
    "deleted_at": null,
    "user": [
      "+998500752700"
    ],
    "name": "employees_archive",
    "is_editable": false,
    "is_readable": false,
    "is_parent": false
  }
},
{
  "model": "compensation.page",
  "pk": "56a93f3d-0676-448d-a692-fe7905c7ca1a",
  "fields": {
    "filial": null,
    "created_at": "2025-04-16T01:03:39.104Z",
    "updated_at": "2025-04-16T01:03:39.104Z",
    "deleted_at": null,
    "user": [
      "+998905850925"
    ],
    "name": "shop",
    "is_editable": false,
    "is_readable": false,
    "is_parent": false
  }
},
{
  "model": "compensation.page",
  "pk": "5728d628-6d75-4bdf-a7a4-1b24266f10a9",
  "fields": {
    "filial": null,
    "created_at": "2025-04-12T12:14:13.625Z",
    "updated_at": "2025-04-12T12:14:13.625Z",
    "deleted_at": null,
    "user": [
      "+998901234567"
    ],
    "name": "archived_leads",
    "is_editable": true,
    "is_readable": true,
    "is_parent": false
  }
},
{
  "model": "compensation.page",
  "pk": "58385412-4276-4a71-80da-ad6921816acd",
  "fields": {
    "filial": null,
    "created_at": "2025-04-21T12:50:47.569Z",
    "updated_at": "2025-04-21T12:50:47.570Z",
    "deleted_at": null,
    "user": [
      "+998947481206"
    ],
    "name": "new_leads",
    "is_editable": false,
    "is_readable": false,
    "is_parent": false
  }
},
{
  "model": "compensation.page",
  "pk": "58695490-a815-4250-8f21-8d35328545d4",
  "fields": {
    "filial": null,
    "created_at": "2025-04-17T09:21:03.270Z",
    "updated_at": "2025-04-17T09:21:03.271Z",
    "deleted_at": null,
    "user": [
      "+998500752700"
    ],
    "name": "results",
    "is_editable": true,
    "is_readable": true,
    "is_parent": false
  }
},
{
  "model": "compensation.page",
  "pk": "58fc7fde-a690-40b4-adfe-6d92fd4bb63c",
  "fields": {
    "filial": null,
    "created_at": "2025-04-21T12:50:47.429Z",
    "updated_at": "2025-04-21T12:50:47.430Z",
    "deleted_at": null,
    "user": [
      "+998947481206"
    ],
    "name": "monitoring",
    "is_editable": false,
    "is_readable": false,
    "is_parent": false
  }
},
{
  "model": "compensation.page",
  "pk": "5a3e67bd-1ab1-4e7a-8cf1-7a46a21f6992",
  "fields": {
    "filial": null,
    "created_at": "2025-04-22T01:48:58.273Z",
    "updated_at": "2025-04-22T01:48:58.274Z",
    "deleted_at": null,
    "user": [
      "+998909386500"
    ],
    "name": "orders",
    "is_editable": true,
    "is_readable": true,
    "is_parent": false
  }
},
{
  "model": "compensation.page",
  "pk": "5b3e1f5d-d871-4aa1-9c1d-011b98e4a851",
  "fields": {
    "filial": null,
    "created_at": "2025-04-17T09:15:44.630Z",
    "updated_at": "2025-04-17T09:15:44.630Z",
    "deleted_at": null,
    "user": [
      "+998995261923"
    ],
    "name": "tasks",
    "is_editable": true,
    "is_readable": true,
    "is_parent": false
  }
},
{
  "model": "compensation.page",
  "pk": "5ba4542a-c4ce-4c84-be1a-4ebfec29b010",
  "fields": {
    "filial": null,
    "created_at": "2025-04-22T07:44:07.808Z",
    "updated_at": "2025-04-22T07:44:07.808Z",
    "deleted_at": null,
    "user": [
      "+998901148900"
    ],
    "name": "students",
    "is_editable": true,
    "is_readable": true,
    "is_parent": false
  }
},
{
  "model": "compensation.page",
  "pk": "5bb1a0a5-e28a-4192-8aa7-871274081dd8",
  "fields": {
    "filial": null,
    "created_at": "2025-04-17T09:15:44.660Z",
    "updated_at": "2025-04-17T09:15:44.660Z",
    "deleted_at": null,
    "user": [
      "+998995261923"
    ],
    "name": "employees_archive",
    "is_editable": false,
    "is_readable": false,
    "is_parent": false
  }
},
{
  "model": "compensation.page",
  "pk": "5d3b8d9b-e13a-4399-aa2c-c100f32257c1",
  "fields": {
    "filial": null,
    "created_at": "2025-04-22T07:29:54.971Z",
    "updated_at": "2025-04-22T07:29:54.971Z",
    "deleted_at": null,
    "user": [
      "+998992721513"
    ],
    "name": "settings",
    "is_editable": false,
    "is_readable": false,
    "is_parent": false
  }
},
{
  "model": "compensation.page",
  "pk": "5f0f5e0c-8b35-49e2-abb6-44abe1bf10ef",
  "fields": {
    "filial": null,
    "created_at": "2025-04-16T00:47:31.005Z",
    "updated_at": "2025-04-16T00:47:31.006Z",
    "deleted_at": null,
    "user": [
      "+998972656500"
    ],
    "name": "new_students",
    "is_editable": true,
    "is_readable": true,
    "is_parent": false
  }
},
{
  "model": "compensation.page",
  "pk": "5fbd76f6-2a15-4d97-b535-c09a7c371d8d",
  "fields": {
    "filial": null,
    "created_at": "2025-04-16T00:47:31.445Z",
    "updated_at": "2025-04-16T00:47:31.445Z",
    "deleted_at": null,
    "user": [
      "+998972656500"
    ],
    "name": "rooms",
    "is_editable": true,
    "is_readable": true,
    "is_parent": false
  }
},
{
  "model": "compensation.page",
  "pk": "61481564-64e0-49b6-bbd5-4b32f9451eea",
  "fields": {
    "filial": null,
    "created_at": "2025-04-22T07:44:08.139Z",
    "updated_at": "2025-04-22T07:44:08.140Z",
    "deleted_at": null,
    "user": [
      "+998901148900"
    ],
    "name": "control",
    "is_editable": false,
    "is_readable": false,
    "is_parent": false
  }
},
{
  "model": "compensation.page",
  "pk": "620cd34c-ab3c-47b8-9cf2-152877b6adf7",
  "fields": {
    "filial": null,
    "created_at": "2025-04-22T01:48:58.074Z",
    "updated_at": "2025-04-22T01:48:58.074Z",
    "deleted_at": null,
    "user": [
      "+998909386500"
    ],
    "name": "admin_report",
    "is_editable": true,
    "is_readable": true,
    "is_parent": false
  }
},
{
  "model": "compensation.page",
  "pk": "62ee5c5d-5db3-4abe-8468-1b21f4b004d0",
  "fields": {
    "filial": null,
    "created_at": "2025-04-12T12:14:13.772Z",
    "updated_at": "2025-04-12T12:14:13.772Z",
    "deleted_at": null,
    "user": [
      "+998901234567"
    ],
    "name": "results",
    "is_editable": true,
    "is_readable": true,
    "is_parent": false
  }
},
{
  "model": "compensation.page",
  "pk": "6501a2b5-2800-4730-8692-d96758918954",
  "fields": {
    "filial": null,
    "created_at": "2025-04-21T12:50:47.581Z",
    "updated_at": "2025-04-21T12:50:47.581Z",
    "deleted_at": null,
    "user": [
      "+998947481206"
    ],
    "name": "students",
    "is_editable": false,
    "is_readable": false,
    "is_parent": false
  }
},
{
  "model": "compensation.page",
  "pk": "65bdb509-a0e0-4d01-b5e9-88a90ab2b959",
  "fields": {
    "filial": null,
    "created_at": "2025-04-22T07:44:07.824Z",
    "updated_at": "2025-04-22T07:44:07.824Z",
    "deleted_at": null,
    "user": [
      "+998901148900"
    ],
    "name": "new_students",
    "is_editable": true,
    "is_readable": true,
    "is_parent": false
  }
},
{
  "model": "compensation.page",
  "pk": "6843f005-9b62-43a4-a80f-3414adc8344f",
  "fields": {
    "filial": null,
    "created_at": "2025-04-17T09:21:02.948Z",
    "updated_at": "2025-04-17T09:21:02.948Z",
    "deleted_at": null,
    "user": [
      "+998500752700"
    ],
    "name": "new_leads",
    "is_editable": false,
    "is_readable": false,
    "is_parent": false
  }
},
{
  "model": "compensation.page",
  "pk": "68cc18b3-7733-44b1-a882-232bf26ed068",
  "fields": {
    "filial": null,
    "created_at": "2025-04-17T09:15:44.483Z",
    "updated_at": "2025-04-17T09:15:44.484Z",
    "deleted_at": null,
    "user": [
      "+998995261923"
    ],
    "name": "edu_section",
    "is_editable": false,
    "is_readable": false,
    "is_parent": false
  }
},
{
  "model": "compensation.page",
  "pk": "691ec0b3-e664-4528-ab21-c348bf2b537f",
  "fields": {
    "filial": null,
    "created_at": "2025-04-22T01:48:59.041Z",
    "updated_at": "2025-04-22T01:48:59.041Z",
    "deleted_at": null,
    "user": [
      "+998909386500"
    ],
    "name": "cashiers",
    "is_editable": true,
    "is_readable": true,
    "is_parent": false
  }
},
{
  "model": "compensation.page",
  "pk": "698c23b4-ef07-4496-8e27-a723246eabdf",
  "fields": {
    "filial": null,
    "created_at": "2025-04-12T12:14:13.602Z",
    "updated_at": "2025-04-12T12:14:13.602Z",
    "deleted_at": null,
    "user": [
      "+998901234567"
    ],
    "name": "finance_report",
    "is_editable": true,
    "is_readable": true,
    "is_parent": false
  }
},
{
  "model": "compensation.page",
  "pk": "6a3103c6-1f72-49e2-9c35-1e605f52b6ed",
  "fields": {
    "filial": null,
    "created_at": "2025-04-22T07:44:07.649Z",
    "updated_at": "2025-04-22T07:44:07.650Z",
    "deleted_at": null,
    "user": [
      "+998901148900"
    ],
    "name": "admin_report",
    "is_editable": false,
    "is_readable": false,
    "is_parent": false
  }
},
{
  "model": "compensation.page",
  "pk": "6a617028-de25-49dc-a752-0788198619a2",
  "fields": {
    "filial": null,
    "created_at": "2025-04-16T00:47:31.598Z",
    "updated_at": "2025-04-16T00:47:31.598Z",
    "deleted_at": null,
    "user": [
      "+998972656500"
    ],
    "name": "employees_archive",
    "is_editable": true,
    "is_readable": true,
    "is_parent": false
  }
},
{
  "model": "compensation.page",
  "pk": "6ab3d7a4-5322-472f-86f7-34ca8a3b9550",
  "fields": {
    "filial": null,
    "created_at": "2025-04-22T07:44:08.179Z",
    "updated_at": "2025-04-22T07:44:08.179Z",
    "deleted_at": null,
    "user": [
      "+998901148900"
    ],
    "name": "shop",
    "is_editable": false,
    "is_readable": false,
    "is_parent": false
  }
},
{
  "model": "compensation.page",
  "pk": "6b59f4c1-cb8a-4e5e-bb27-a71fa27328a4",
  "fields": {
    "filial": null,
    "created_at": "2025-04-22T07:55:21.139Z",
    "updated_at": "2025-04-22T07:55:21.140Z",
    "deleted_at": null,
    "user": [
      "+998949533500"
    ],
    "name": "active_students",
    "is_editable": true,
    "is_readable": true,
    "is_parent": false
  }
},
{
  "model": "compensation.page",
  "pk": "6b63bb35-c8fb-4240-8bac-d5b77236a613",
  "fields": {
    "filial": null,
    "created_at": "2025-04-22T07:55:21.750Z",
    "updated_at": "2025-04-22T07:55:21.750Z",
    "deleted_at": null,
    "user": [
      "+998949533500"
    ],
    "name": "settings",
    "is_editable": false,
    "is_readable": false,
    "is_parent": false
  }
},
{
  "model": "compensation.page",
  "pk": "6daceac0-26a0-4d53-b919-ca160b98a4fe",
  "fields": {
    "filial": null,
    "created_at": "2025-04-16T00:47:30.861Z",
    "updated_at": "2025-04-16T00:47:30.862Z",
    "deleted_at": null,
    "user": [
      "+998972656500"
    ],
    "name": "monitoring",
    "is_editable": true,
    "is_readable": true,
    "is_parent": false
  }
},
{
  "model": "compensation.page",
  "pk": "6e31b0e5-3135-4059-b0bf-687b1a3b1e01",
  "fields": {
    "filial": null,
    "created_at": "2025-04-12T12:14:13.761Z",
    "updated_at": "2025-04-12T12:14:13.761Z",
    "deleted_at": null,
    "user": [
      "+998901234567"
    ],
    "name": "monitoring_page",
    "is_editable": true,
    "is_readable": true,
    "is_parent": false
  }
},
{
  "model": "compensation.page",
  "pk": "6e5bd6b7-cd85-46dc-9e51-56166c7c8816",
  "fields": {
    "filial": null,
    "created_at": "2025-04-21T12:50:47.526Z",
    "updated_at": "2025-04-21T12:50:47.527Z",
    "deleted_at": null,
    "user": [
      "+998947481206"
    ],
    "name": "leads",
    "is_editable": false,
    "is_readable": false,
    "is_parent": false
  }
},
{
  "model": "compensation.page",
  "pk": "707e3787-6ec4-4c15-a10e-5410bd381e48",
  "fields": {
    "filial": null,
    "created_at": "2025-04-22T07:55:21.489Z",
    "updated_at": "2025-04-22T07:55:21.490Z",
    "deleted_at": null,
    "user": [
      "+998949533500"
    ],
    "name": "employees",
    "is_editable": false,
    "is_readable": false,
    "is_parent": false
  }
},
{
  "model": "compensation.page",
  "pk": "70acaee4-dde4-46e2-bc28-21920c1bdeec",
  "fields": {
    "filial": null,
    "created_at": "2025-04-16T01:03:38.586Z",
    "updated_at": "2025-04-16T01:03:38.587Z",
    "deleted_at": null,
    "user": [
      "+998905850925"
    ],
    "name": "active_students",
    "is_editable": true,
    "is_readable": true,
    "is_parent": false
  }
},
{
  "model": "compensation.page",
  "pk": "71558ee0-d262-47e2-aacb-1cd065653536",
  "fields": {
    "filial": null,
    "created_at": "2025-04-16T01:03:38.657Z",
    "updated_at": "2025-04-16T01:03:38.657Z",
    "deleted_at": null,
    "user": [
      "+998905850925"
    ],
    "name": "groups",
    "is_editable": true,
    "is_readable": true,
    "is_parent": false
  }
},
{
  "model": "compensation.page",
  "pk": "71cf1971-13f1-4505-b93f-4cdf327982dd",
  "fields": {
    "filial": null,
    "created_at": "2025-04-16T00:47:31.644Z",
    "updated_at": "2025-04-16T00:47:31.644Z",
    "deleted_at": null,
    "user": [
      "+998972656500"
    ],
    "name": "monitoring_page",
    "is_editable": true,
    "is_readable": true,
    "is_parent": false
  }
},
{
  "model": "compensation.page",
  "pk": "7221cfb9-3c97-4364-a293-5d515a9e6485",
  "fields": {
    "filial": null,
    "created_at": "2025-04-21T12:50:47.793Z",
    "updated_at": "2025-04-21T12:50:47.793Z",
    "deleted_at": null,
    "user": [
      "+998947481206"
    ],
    "name": "schedule",
    "is_editable": false,
    "is_readable": true,
    "is_parent": false
  }
},
{
  "model": "compensation.page",
  "pk": "73388ec6-85aa-46a8-a050-c19b1ae73708",
  "fields": {
    "filial": null,
    "created_at": "2025-04-16T00:47:30.472Z",
    "updated_at": "2025-04-16T00:47:30.473Z",
    "deleted_at": null,
    "user": [
      "+998972656500"
    ],
    "name": "admin_report",
    "is_editable": true,
    "is_readable": true,
    "is_parent": false
  }
},
{
  "model": "compensation.page",
  "pk": "73758114-c6ec-4305-976e-8c7d43420e7f",
  "fields": {
    "filial": null,
    "created_at": "2025-04-17T09:15:43.882Z",
    "updated_at": "2025-04-17T09:15:43.882Z",
    "deleted_at": null,
    "user": [
      "+998995261923"
    ],
    "name": "monitoring",
    "is_editable": false,
    "is_readable": false,
    "is_parent": false
  }
},
{
  "model": "compensation.page",
  "pk": "74a05863-b5c1-405e-ad89-9de93360d77e",
  "fields": {
    "filial": null,
    "created_at": "2025-04-17T09:21:03.652Z",
    "updated_at": "2025-04-17T09:21:03.653Z",
    "deleted_at": null,
    "user": [
      "+998500752700"
    ],
    "name": "control",
    "is_editable": false,
    "is_readable": true,
    "is_parent": false
  }
},
{
  "model": "compensation.page",
  "pk": "7540bfd4-4b40-4e35-83f9-2954f7bb1afc",
  "fields": {
    "filial": null,
    "created_at": "2025-04-21T12:50:47.609Z",
    "updated_at": "2025-04-21T12:50:47.610Z",
    "deleted_at": null,
    "user": [
      "+998947481206"
    ],
    "name": "active_students",
    "is_editable": false,
    "is_readable": true,
    "is_parent": false
  }
},
{
  "model": "compensation.page",
  "pk": "757c4b13-4e9e-4fcb-aaf8-432e82f4ac36",
  "fields": {
    "filial": null,
    "created_at": "2025-04-16T01:03:38.622Z",
    "updated_at": "2025-04-16T01:03:38.622Z",
    "deleted_at": null,
    "user": [
      "+998905850925"
    ],
    "name": "all_students",
    "is_editable": true,
    "is_readable": true,
    "is_parent": false
  }
},
{
  "model": "compensation.page",
  "pk": "7964e74c-79b2-4ae7-b213-7b5be472b899",
  "fields": {
    "filial": null,
    "created_at": "2025-04-17T09:21:02.825Z",
    "updated_at": "2025-04-17T09:21:02.825Z",
    "deleted_at": null,
    "user": [
      "+998500752700"
    ],
    "name": "finance_report",
    "is_editable": false,
    "is_readable": false,
    "is_parent": false
  }
},
{
  "model": "compensation.page",
  "pk": "7991ec6f-07d8-46c9-9db3-96d6e0b3a01a",
  "fields": {
    "filial": null,
    "created_at": "2025-04-17T09:21:03.192Z",
    "updated_at": "2025-04-17T09:21:03.192Z",
    "deleted_at": null,
    "user": [
      "+998500752700"
    ],
    "name": "materials",
    "is_editable": false,
    "is_readable": true,
    "is_parent": false
  }
},
{
  "model": "compensation.page",
  "pk": "7a253abe-69f5-4873-b8f7-a1d33fc2a6f4",
  "fields": {
    "filial": null,
    "created_at": "2025-04-12T12:14:13.678Z",
    "updated_at": "2025-04-12T12:14:13.678Z",
    "deleted_at": null,
    "user": [
      "+998901234567"
    ],
    "name": "courses",
    "is_editable": true,
    "is_readable": true,
    "is_parent": false
  }
},
{
  "model": "compensation.page",
  "pk": "7c8eb8a7-00a0-4b64-b002-338d94d2cf03",
  "fields": {
    "filial": null,
    "created_at": "2025-04-22T01:48:58.143Z",
    "updated_at": "2025-04-22T01:48:58.143Z",
    "deleted_at": null,
    "user": [
      "+998909386500"
    ],
    "name": "monitoring",
    "is_editable": true,
    "is_readable": true,
    "is_parent": false
  }
},
{
  "model": "compensation.page",
  "pk": "7d89399e-db78-497e-9b3e-5483d016a79b",
  "fields": {
    "filial": null,
    "created_at": "2025-04-12T12:14:13.750Z",
    "updated_at": "2025-04-12T12:14:13.750Z",
    "deleted_at": null,
    "user": [
      "+998901234567"
    ],
    "name": "employees_archive",
    "is_editable": true,
    "is_readable": true,
    "is_parent": false
  }
},
{
  "model": "compensation.page",
  "pk": "7f4ea6c4-60f4-4b38-aa99-1942b28cd4da",
  "fields": {
    "filial": null,
    "created_at": "2025-04-16T01:03:38.840Z",
    "updated_at": "2025-04-16T01:03:38.840Z",
    "deleted_at": null,
    "user": [
      "+998905850925"
    ],
    "name": "employees_archive",
    "is_editable": true,
    "is_readable": true,
    "is_parent": false
  }
},
{
  "model": "compensation.page",
  "pk": "7ff5ff9d-0f88-44bc-9ca7-d312892126ed",
  "fields": {
    "filial": null,
    "created_at": "2025-04-22T07:44:07.657Z",
    "updated_at": "2025-04-22T07:44:07.658Z",
    "deleted_at": null,
    "user": [
      "+998901148900"
    ],
    "name": "edu_report",
    "is_editable": false,
    "is_readable": false,
    "is_parent": false
  }
},
{
  "model": "compensation.page",
  "pk": "8077d502-7008-4394-bbf6-364461132567",
  "fields": {
    "filial": null,
    "created_at": "2025-04-22T01:48:59.008Z",
    "updated_at": "2025-04-22T01:48:59.008Z",
    "deleted_at": null,
    "user": [
      "+998909386500"
    ],
    "name": "results",
    "is_editable": true,
    "is_readable": true,
    "is_parent": false
  }
},
{
  "model": "compensation.page",
  "pk": "812de792-4e66-4344-aab7-28100724c1cb",
  "fields": {
    "filial": null,
    "created_at": "2025-04-17T09:15:44.866Z",
    "updated_at": "2025-04-17T09:15:44.867Z",
    "deleted_at": null,
    "user": [
      "+998995261923"
    ],
    "name": "monitoring_page",
    "is_editable": false,
    "is_readable": false,
    "is_parent": false
  }
},
{
  "model": "compensation.page",
  "pk": "81a42f99-8aed-4a0f-89e5-00a64bba4c28",
  "fields": {
    "filial": null,
    "created_at": "2025-04-17T09:21:03.101Z",
    "updated_at": "2025-04-17T09:21:03.101Z",
    "deleted_at": null,
    "user": [
      "+998500752700"
    ],
    "name": "archived_students",
    "is_editable": false,
    "is_readable": true,
    "is_parent": false
  }
},
{
  "model": "compensation.page",
  "pk": "8205caea-0164-4113-afa7-5a4496d4e9c6",
  "fields": {
    "filial": null,
    "created_at": "2025-04-22T07:55:20.856Z",
    "updated_at": "2025-04-22T07:55:20.857Z",
    "deleted_at": null,
    "user": [
      "+998949533500"
    ],
    "name": "edu_report",
    "is_editable": false,
    "is_readable": false,
    "is_parent": false
  }
},
{
  "model": "compensation.page",
  "pk": "825d5bc1-2d4a-45c1-8b6c-74cf66dfede7",
  "fields": {
    "filial": null,
    "created_at": "2025-04-17T09:21:03.024Z",
    "updated_at": "2025-04-17T09:21:03.025Z",
    "deleted_at": null,
    "user": [
      "+998500752700"
    ],
    "name": "active_students",
    "is_editable": false,
    "is_readable": true,
    "is_parent": false
  }
},
{
  "model": "compensation.page",
  "pk": "83220323-c7b0-4e07-9a33-a378fbe459a9",
  "fields": {
    "filial": null,
    "created_at": "2025-04-22T07:29:54.788Z",
    "updated_at": "2025-04-22T07:29:54.789Z",
    "deleted_at": null,
    "user": [
      "+998992721513"
    ],
    "name": "cashiers",
    "is_editable": true,
    "is_readable": true,
    "is_parent": false
  }
},
{
  "model": "compensation.page",
  "pk": "8516adc1-5756-44b5-8925-5a0ac87061eb",
  "fields": {
    "filial": null,
    "created_at": "2025-04-17T09:21:02.738Z",
    "updated_at": "2025-04-17T09:21:02.739Z",
    "deleted_at": null,
    "user": [
      "+998500752700"
    ],
    "name": "reports",
    "is_editable": false,
    "is_readable": false,
    "is_parent": false
  }
},
{
  "model": "compensation.page",
  "pk": "86721e3c-9240-4a60-a76d-4070e13bb07e",
  "fields": {
    "filial": null,
    "created_at": "2025-04-22T07:44:07.764Z",
    "updated_at": "2025-04-22T07:44:07.764Z",
    "deleted_at": null,
    "user": [
      "+998901148900"
    ],
    "name": "finance_report",
    "is_editable": false,
    "is_readable": false,
    "is_parent": false
  }
},
{
  "model": "compensation.page",
  "pk": "86d738a1-01e0-4844-85b5-14a2714fce6c",
  "fields": {
    "filial": null,
    "created_at": "2025-04-21T12:50:47.063Z",
    "updated_at": "2025-04-21T12:50:47.063Z",
    "deleted_at": null,
    "user": [
      "+998947481206"
    ],
    "name": "reports",
    "is_editable": false,
    "is_readable": false,
    "is_parent": false
  }
},
{
  "model": "compensation.page",
  "pk": "86eb6b4f-4f25-45b1-95ae-c308a7668f51",
  "fields": {
    "filial": null,
    "created_at": "2025-04-22T07:55:21.343Z",
    "updated_at": "2025-04-22T07:55:21.343Z",
    "deleted_at": null,
    "user": [
      "+998949533500"
    ],
    "name": "schedule",
    "is_editable": false,
    "is_readable": true,
    "is_parent": false
  }
},
{
  "model": "compensation.page",
  "pk": "86f9082e-e46e-4184-ad70-2abde81f4021",
  "fields": {
    "filial": null,
    "created_at": "2025-04-17T09:15:44.516Z",
    "updated_at": "2025-04-17T09:15:44.516Z",
    "deleted_at": null,
    "user": [
      "+998995261923"
    ],
    "name": "schedule",
    "is_editable": false,
    "is_readable": false,
    "is_parent": false
  }
},
{
  "model": "compensation.page",
  "pk": "882f9bd2-87e6-44c4-b2d1-7bce4ec25778",
  "fields": {
    "filial": null,
    "created_at": "2025-04-22T07:29:54.928Z",
    "updated_at": "2025-04-22T07:29:54.928Z",
    "deleted_at": null,
    "user": [
      "+998992721513"
    ],
    "name": "employees_archive",
    "is_editable": false,
    "is_readable": false,
    "is_parent": false
  }
},
{
  "model": "compensation.page",
  "pk": "8897d629-9b2d-40d1-9c4b-06f64f8cbf0b",
  "fields": {
    "filial": null,
    "created_at": "2025-04-22T07:44:07.871Z",
    "updated_at": "2025-04-22T07:44:07.872Z",
    "deleted_at": null,
    "user": [
      "+998901148900"
    ],
    "name": "all_students",
    "is_editable": true,
    "is_readable": true,
    "is_parent": false
  }
},
{
  "model": "compensation.page",
  "pk": "8a7d35ae-2541-4c6d-bfd6-3f193e507dba",
  "fields": {
    "filial": null,
    "created_at": "2025-04-21T12:50:47.655Z",
    "updated_at": "2025-04-21T12:50:47.655Z",
    "deleted_at": null,
    "user": [
      "+998947481206"
    ],
    "name": "all_students",
    "is_editable": false,
    "is_readable": false,
    "is_parent": false
  }
},
{
  "model": "compensation.page",
  "pk": "8aac21e7-7efc-4509-92b6-23989ed73830",
  "fields": {
    "filial": null,
    "created_at": "2025-04-22T01:48:58.271Z",
    "updated_at": "2025-04-22T01:48:58.272Z",
    "deleted_at": null,
    "user": [
      "+998909386500"
    ],
    "name": "leads",
    "is_editable": true,
    "is_readable": true,
    "is_parent": false
  }
},
{
  "model": "compensation.page",
  "pk": "8c190a85-f59e-4178-878c-4e1b8fef18d0",
  "fields": {
    "filial": null,
    "created_at": "2025-04-12T12:14:13.741Z",
    "updated_at": "2025-04-12T12:14:13.742Z",
    "deleted_at": null,
    "user": [
      "+998901234567"
    ],
    "name": "employees_data",
    "is_editable": true,
    "is_readable": true,
    "is_parent": false
  }
},
{
  "model": "compensation.page",
  "pk": "8c4f8854-516d-4ded-8f1d-503cd3076fd3",
  "fields": {
    "filial": null,
    "created_at": "2025-04-16T01:03:38.495Z",
    "updated_at": "2025-04-16T01:03:38.495Z",
    "deleted_at": null,
    "user": [
      "+998905850925"
    ],
    "name": "new_students",
    "is_editable": true,
    "is_readable": true,
    "is_parent": false
  }
},
{
  "model": "compensation.page",
  "pk": "8d42c5b5-cc5d-4c32-a65a-106b5722d0cd",
  "fields": {
    "filial": null,
    "created_at": "2025-04-12T12:14:13.583Z",
    "updated_at": "2025-04-12T12:14:13.583Z",
    "deleted_at": null,
    "user": [
      "+998901234567"
    ],
    "name": "admin_report",
    "is_editable": true,
    "is_readable": true,
    "is_parent": false
  }
},
{
  "model": "compensation.page",
  "pk": "9190567d-93d4-4503-ac28-9722d379d434",
  "fields": {
    "filial": null,
    "created_at": "2025-04-17T09:21:03.681Z",
    "updated_at": "2025-04-17T09:21:03.681Z",
    "deleted_at": null,
    "user": [
      "+998500752700"
    ],
    "name": "employees",
    "is_editable": false,
    "is_readable": false,
    "is_parent": false
  }
},
{
  "model": "compensation.page",
  "pk": "930b4c80-a267-422c-81d3-2b25c3f9fa82",
  "fields": {
    "filial": null,
    "created_at": "2025-04-22T07:29:54.613Z",
    "updated_at": "2025-04-22T07:29:54.615Z",
    "deleted_at": null,
    "user": [
      "+998992721513"
    ],
    "name": "active_students",
    "is_editable": true,
    "is_readable": true,
    "is_parent": false
  }
},
{
  "model": "compensation.page",
  "pk": "96806f2e-4ccc-4582-9bdd-f9abecc9422e",
  "fields": {
    "filial": null,
    "created_at": "2025-04-21T12:50:47.749Z",
    "updated_at": "2025-04-21T12:50:47.749Z",
    "deleted_at": null,
    "user": [
      "+998947481206"
    ],
    "name": "materials",
    "is_editable": false,
    "is_readable": true,
    "is_parent": false
  }
},
{
  "model": "compensation.page",
  "pk": "96d1e710-8977-4458-a3b4-b824cc6f60d0",
  "fields": {
    "filial": null,
    "created_at": "2025-04-22T01:48:59.056Z",
    "updated_at": "2025-04-22T01:48:59.056Z",
    "deleted_at": null,
    "user": [
      "+998909386500"
    ],
    "name": "employees_data",
    "is_editable": true,
    "is_readable": true,
    "is_parent": false
  }
},
{
  "model": "compensation.page",
  "pk": "97a9c93c-8b2e-4924-8ace-4467a8073a05",
  "fields": {
    "filial": null,
    "created_at": "2025-04-16T01:03:38.180Z",
    "updated_at": "2025-04-16T01:03:38.180Z",
    "deleted_at": null,
    "user": [
      "+998905850925"
    ],
    "name": "admin_report",
    "is_editable": true,
    "is_readable": true,
    "is_parent": false
  }
},
{
  "model": "compensation.page",
  "pk": "97be0605-d5cd-4dc6-8372-68b0477b76ae",
  "fields": {
    "filial": null,
    "created_at": "2025-04-12T12:14:13.693Z",
    "updated_at": "2025-04-12T12:14:13.693Z",
    "deleted_at": null,
    "user": [
      "+998901234567"
    ],
    "name": "rooms",
    "is_editable": true,
    "is_readable": true,
    "is_parent": false
  }
},
{
  "model": "compensation.page",
  "pk": "97c1b8eb-1c1d-437d-89e9-4837bb9a6740",
  "fields": {
    "filial": null,
    "created_at": "2025-04-16T01:03:38.756Z",
    "updated_at": "2025-04-16T01:03:38.756Z",
    "deleted_at": null,
    "user": [
      "+998905850925"
    ],
    "name": "employees",
    "is_editable": true,
    "is_readable": true,
    "is_parent": false
  }
},
{
  "model": "compensation.page",
  "pk": "9919415e-958d-464b-952b-7159d786a5ff",
  "fields": {
    "filial": null,
    "created_at": "2025-04-22T01:48:58.928Z",
    "updated_at": "2025-04-22T01:48:58.928Z",
    "deleted_at": null,
    "user": [
      "+998909386500"
    ],
    "name": "schedule",
    "is_editable": true,
    "is_readable": true,
    "is_parent": false
  }
},
{
  "model": "compensation.page",
  "pk": "995c1398-4faf-4f25-b0e2-49ea7d7945c8",
  "fields": {
    "filial": null,
    "created_at": "2025-04-16T00:47:30.849Z",
    "updated_at": "2025-04-16T00:47:30.849Z",
    "deleted_at": null,
    "user": [
      "+998972656500"
    ],
    "name": "finance_report",
    "is_editable": true,
    "is_readable": true,
    "is_parent": false
  }
},
{
  "model": "compensation.page",
  "pk": "9a675737-f9ff-48d5-83af-ce8f138fccb8",
  "fields": {
    "filial": null,
    "created_at": "2025-04-12T12:14:13.631Z",
    "updated_at": "2025-04-12T12:14:13.631Z",
    "deleted_at": null,
    "user": [
      "+998901234567"
    ],
    "name": "students",
    "is_editable": true,
    "is_readable": true,
    "is_parent": false
  }
},
{
  "model": "compensation.page",
  "pk": "9a823319-25ab-4f44-bcee-187a1f2e572d",
  "fields": {
    "filial": null,
    "created_at": "2025-04-22T01:48:58.204Z",
    "updated_at": "2025-04-22T01:48:58.205Z",
    "deleted_at": null,
    "user": [
      "+998909386500"
    ],
    "name": "finance_report",
    "is_editable": true,
    "is_readable": true,
    "is_parent": false
  }
},
{
  "model": "compensation.page",
  "pk": "9a878b9a-770c-446c-95c0-0809d76e9b65",
  "fields": {
    "filial": null,
    "created_at": "2025-04-21T12:50:47.965Z",
    "updated_at": "2025-04-21T12:50:47.965Z",
    "deleted_at": null,
    "user": [
      "+998947481206"
    ],
    "name": "employees_data",
    "is_editable": false,
    "is_readable": false,
    "is_parent": false
  }
},
{
  "model": "compensation.page",
  "pk": "9ae60d2a-8074-4762-ab4b-cec3686bef17",
  "fields": {
    "filial": null,
    "created_at": "2025-04-22T07:44:07.644Z",
    "updated_at": "2025-04-22T07:44:07.644Z",
    "deleted_at": null,
    "user": [
      "+998901148900"
    ],
    "name": "reports",
    "is_editable": false,
    "is_readable": false,
    "is_parent": false
  }
},
{
  "model": "compensation.page",
  "pk": "9b4af497-9975-4b4e-882b-2d34d24e603b",
  "fields": {
    "filial": null,
    "created_at": "2025-04-22T01:48:59.355Z",
    "updated_at": "2025-04-22T01:48:59.356Z",
    "deleted_at": null,
    "user": [
      "+998909386500"
    ],
    "name": "settings",
    "is_editable": false,
    "is_readable": false,
    "is_parent": false
  }
},
{
  "model": "compensation.page",
  "pk": "9c23b2a1-e8b0-49dc-b430-8c1c30a8eee8",
  "fields": {
    "filial": null,
    "created_at": "2025-04-17T09:15:44.428Z",
    "updated_at": "2025-04-17T09:15:44.428Z",
    "deleted_at": null,
    "user": [
      "+998995261923"
    ],
    "name": "archived_students",
    "is_editable": false,
    "is_readable": true,
    "is_parent": false
  }
},
{
  "model": "compensation.page",
  "pk": "9c9543c8-008f-4321-abd6-68207d1cacc2",
  "fields": {
    "filial": null,
    "created_at": "2025-04-16T01:03:38.221Z",
    "updated_at": "2025-04-16T01:03:38.221Z",
    "deleted_at": null,
    "user": [
      "+998905850925"
    ],
    "name": "monitoring",
    "is_editable": true,
    "is_readable": true,
    "is_parent": false
  }
},
{
  "model": "compensation.page",
  "pk": "9d3fe2ad-b8c6-4dc0-bc8b-f518d9fb8c33",
  "fields": {
    "filial": null,
    "created_at": "2025-04-22T07:29:54.534Z",
    "updated_at": "2025-04-22T07:29:54.534Z",
    "deleted_at": null,
    "user": [
      "+998992721513"
    ],
    "name": "orders",
    "is_editable": false,
    "is_readable": false,
    "is_parent": false
  }
},
{
  "model": "compensation.page",
  "pk": "9d4209db-037e-4eb3-9cd3-d9bed4418ef5",
  "fields": {
    "filial": null,
    "created_at": "2025-04-22T07:29:54.333Z",
    "updated_at": "2025-04-22T07:29:54.333Z",
    "deleted_at": null,
    "user": [
      "+998992721513"
    ],
    "name": "reports",
    "is_editable": true,
    "is_readable": true,
    "is_parent": false
  }
},
{
  "model": "compensation.page",
  "pk": "9efb6952-c45b-4716-b03b-173dbbd51937",
  "fields": {
    "filial": null,
    "created_at": "2025-04-16T01:03:38.475Z",
    "updated_at": "2025-04-16T01:03:38.475Z",
    "deleted_at": null,
    "user": [
      "+998905850925"
    ],
    "name": "new_leads",
    "is_editable": true,
    "is_readable": true,
    "is_parent": false
  }
},
{
  "model": "compensation.page",
  "pk": "9f3f16ba-dee5-4d5c-a78b-5486dd3184cf",
  "fields": {
    "filial": null,
    "created_at": "2025-04-22T07:55:21.284Z",
    "updated_at": "2025-04-22T07:55:21.284Z",
    "deleted_at": null,
    "user": [
      "+998949533500"
    ],
    "name": "materials",
    "is_editable": false,
    "is_readable": false,
    "is_parent": false
  }
},
{
  "model": "compensation.page",
  "pk": "9f7c9881-0a4d-4a35-9074-d60579f28bd2",
  "fields": {
    "filial": null,
    "created_at": "2025-04-21T12:50:47.713Z",
    "updated_at": "2025-04-21T12:50:47.714Z",
    "deleted_at": null,
    "user": [
      "+998947481206"
    ],
    "name": "archived_students",
    "is_editable": false,
    "is_readable": true,
    "is_parent": false
  }
},
{
  "model": "compensation.page",
  "pk": "a03b14a1-d6a9-4fe1-85dc-95bcb2d4cc37",
  "fields": {
    "filial": null,
    "created_at": "2025-04-16T00:47:30.845Z",
    "updated_at": "2025-04-16T00:47:30.846Z",
    "deleted_at": null,
    "user": [
      "+998972656500"
    ],
    "name": "new_leads",
    "is_editable": true,
    "is_readable": true,
    "is_parent": false
  }
},
{
  "model": "compensation.page",
  "pk": "a101d1b7-3d9f-4751-8579-a1fa50202ae2",
  "fields": {
    "filial": null,
    "created_at": "2025-04-22T07:55:21.546Z",
    "updated_at": "2025-04-22T07:55:21.546Z",
    "deleted_at": null,
    "user": [
      "+998949533500"
    ],
    "name": "employees_archive",
    "is_editable": false,
    "is_readable": false,
    "is_parent": false
  }
},
{
  "model": "compensation.page",
  "pk": "a27e564b-b1ff-4596-8c81-350ff092f3f7",
  "fields": {
    "filial": null,
    "created_at": "2025-04-16T00:47:30.976Z",
    "updated_at": "2025-04-16T00:47:30.976Z",
    "deleted_at": null,
    "user": [
      "+998972656500"
    ],
    "name": "active_students",
    "is_editable": true,
    "is_readable": true,
    "is_parent": false
  }
},
{
  "model": "compensation.page",
  "pk": "a37caceb-2fbd-49db-bf25-1618dec78b7b",
  "fields": {
    "filial": null,
    "created_at": "2025-04-17T09:21:03.070Z",
    "updated_at": "2025-04-17T09:21:03.070Z",
    "deleted_at": null,
    "user": [
      "+998500752700"
    ],
    "name": "all_students",
    "is_editable": false,
    "is_readable": true,
    "is_parent": false
  }
},
{
  "model": "compensation.page",
  "pk": "a4457334-7e84-43ef-8580-dbc24c452454",
  "fields": {
    "filial": null,
    "created_at": "2025-04-22T07:44:07.886Z",
    "updated_at": "2025-04-22T07:44:07.886Z",
    "deleted_at": null,
    "user": [
      "+998901148900"
    ],
    "name": "archived_students",
    "is_editable": true,
    "is_readable": true,
    "is_parent": false
  }
},
{
  "model": "compensation.page",
  "pk": "a4ebc61b-2a47-4d7e-9cc0-eb25a17603c0",
  "fields": {
    "filial": null,
    "created_at": "2025-04-17T09:21:03.187Z",
    "updated_at": "2025-04-17T09:21:03.188Z",
    "deleted_at": null,
    "user": [
      "+998500752700"
    ],
    "name": "edu_section",
    "is_editable": false,
    "is_readable": true,
    "is_parent": false
  }
},
{
  "model": "compensation.page",
  "pk": "a536f6bb-585f-45a8-a41e-a5955ead7a6b",
  "fields": {
    "filial": null,
    "created_at": "2025-04-22T07:55:21.082Z",
    "updated_at": "2025-04-22T07:55:21.083Z",
    "deleted_at": null,
    "user": [
      "+998949533500"
    ],
    "name": "students",
    "is_editable": false,
    "is_readable": false,
    "is_parent": false
  }
},
{
  "model": "compensation.page",
  "pk": "a58c2e2e-5fd3-4060-a895-e22f9da3597c",
  "fields": {
    "filial": null,
    "created_at": "2025-04-22T07:44:07.910Z",
    "updated_at": "2025-04-22T07:44:07.910Z",
    "deleted_at": null,
    "user": [
      "+998901148900"
    ],
    "name": "edu_section",
    "is_editable": false,
    "is_readable": false,
    "is_parent": false
  }
},
{
  "model": "compensation.page",
  "pk": "a6e37ddf-e68a-4e40-ac24-9395699d80d0",
  "fields": {
    "filial": null,
    "created_at": "2025-04-16T01:03:38.617Z",
    "updated_at": "2025-04-16T01:03:38.617Z",
    "deleted_at": null,
    "user": [
      "+998905850925"
    ],
    "name": "materials",
    "is_editable": true,
    "is_readable": true,
    "is_parent": false
  }
},
{
  "model": "compensation.page",
  "pk": "a7a15b6a-1a28-4531-8ca8-a103ec116c67",
  "fields": {
    "filial": null,
    "created_at": "2025-04-16T00:47:31.571Z",
    "updated_at": "2025-04-16T00:47:31.571Z",
    "deleted_at": null,
    "user": [
      "+998972656500"
    ],
    "name": "employees",
    "is_editable": true,
    "is_readable": true,
    "is_parent": false
  }
},
{
  "model": "compensation.page",
  "pk": "a8b76484-8c6b-40e2-a69c-33b85339eb58",
  "fields": {
    "filial": null,
    "created_at": "2025-04-22T07:29:54.390Z",
    "updated_at": "2025-04-22T07:29:54.390Z",
    "deleted_at": null,
    "user": [
      "+998992721513"
    ],
    "name": "edu_report",
    "is_editable": true,
    "is_readable": true,
    "is_parent": false
  }
},
{
  "model": "compensation.page",
  "pk": "a8c1658c-fc40-49b3-9bb9-44c3501a2413",
  "fields": {
    "filial": null,
    "created_at": "2025-04-12T12:14:13.703Z",
    "updated_at": "2025-04-12T12:14:13.704Z",
    "deleted_at": null,
    "user": [
      "+998901234567"
    ],
    "name": "cashiers",
    "is_editable": true,
    "is_readable": true,
    "is_parent": false
  }
},
{
  "model": "compensation.page",
  "pk": "a97afc0f-f0b7-4493-acd1-0df168fde584",
  "fields": {
    "filial": null,
    "created_at": "2025-04-16T01:03:38.077Z",
    "updated_at": "2025-04-16T01:03:38.078Z",
    "deleted_at": null,
    "user": [
      "+998905850925"
    ],
    "name": "reports",
    "is_editable": true,
    "is_readable": true,
    "is_parent": false
  }
},
{
  "model": "compensation.page",
  "pk": "a99e5a26-cfce-42fb-b4f8-dab4c5b2655a",
  "fields": {
    "filial": null,
    "created_at": "2025-04-22T07:44:08.047Z",
    "updated_at": "2025-04-22T07:44:08.047Z",
    "deleted_at": null,
    "user": [
      "+998901148900"
    ],
    "name": "tasks",
    "is_editable": false,
    "is_readable": true,
    "is_parent": false
  }
},
{
  "model": "compensation.page",
  "pk": "a9de06dd-4a53-4731-be9a-b2459bd13bd6",
  "fields": {
    "filial": null,
    "created_at": "2025-04-16T00:47:30.468Z",
    "updated_at": "2025-04-16T00:47:30.468Z",
    "deleted_at": null,
    "user": [
      "+998972656500"
    ],
    "name": "edu_report",
    "is_editable": true,
    "is_readable": true,
    "is_parent": false
  }
},
{
  "model": "compensation.page",
  "pk": "ab203659-9b58-4e7b-bba1-7fd59f7815a6",
  "fields": {
    "filial": null,
    "created_at": "2025-04-22T07:29:54.450Z",
    "updated_at": "2025-04-22T07:29:54.450Z",
    "deleted_at": null,
    "user": [
      "+998992721513"
    ],
    "name": "monitoring",
    "is_editable": true,
    "is_readable": true,
    "is_parent": false
  }
},
{
  "model": "compensation.page",
  "pk": "ab3c9bc8-7328-4c44-b574-4b92b951c0e6",
  "fields": {
    "filial": null,
    "created_at": "2025-04-17T09:15:43.565Z",
    "updated_at": "2025-04-17T09:15:43.565Z",
    "deleted_at": null,
    "user": [
      "+998995261923"
    ],
    "name": "reports",
    "is_editable": false,
    "is_readable": false,
    "is_parent": false
  }
},
{
  "model": "compensation.page",
  "pk": "aba8314f-9684-4013-aac6-2cf4da096b94",
  "fields": {
    "filial": null,
    "created_at": "2025-04-12T12:14:13.673Z",
    "updated_at": "2025-04-12T12:14:13.673Z",
    "deleted_at": null,
    "user": [
      "+998901234567"
    ],
    "name": "levels",
    "is_editable": true,
    "is_readable": true,
    "is_parent": false
  }
},
{
  "model": "compensation.page",
  "pk": "abeafb53-824e-411f-b27a-fceb052b1dd5",
  "fields": {
    "filial": null,
    "created_at": "2025-04-16T01:03:38.716Z",
    "updated_at": "2025-04-16T01:03:38.716Z",
    "deleted_at": null,
    "user": [
      "+998905850925"
    ],
    "name": "schedule",
    "is_editable": true,
    "is_readable": true,
    "is_parent": false
  }
},
{
  "model": "compensation.page",
  "pk": "ac95af1a-de25-4353-b215-cd1120a08657",
  "fields": {
    "filial": null,
    "created_at": "2025-04-22T07:29:54.858Z",
    "updated_at": "2025-04-22T07:29:54.858Z",
    "deleted_at": null,
    "user": [
      "+998992721513"
    ],
    "name": "employees",
    "is_editable": false,
    "is_readable": false,
    "is_parent": false
  }
},
{
  "model": "compensation.page",
  "pk": "ae65661f-f581-4c5e-acea-a3acef97a884",
  "fields": {
    "filial": null,
    "created_at": "2025-04-22T01:48:59.050Z",
    "updated_at": "2025-04-22T01:48:59.050Z",
    "deleted_at": null,
    "user": [
      "+998909386500"
    ],
    "name": "tasks",
    "is_editable": true,
    "is_readable": true,
    "is_parent": false
  }
},
{
  "model": "compensation.page",
  "pk": "af7ac6da-c318-4edc-a029-76f0193c6101",
  "fields": {
    "filial": null,
    "created_at": "2025-04-17T09:15:44.577Z",
    "updated_at": "2025-04-17T09:15:44.577Z",
    "deleted_at": null,
    "user": [
      "+998995261923"
    ],
    "name": "results",
    "is_editable": true,
    "is_readable": true,
    "is_parent": false
  }
},
{
  "model": "compensation.page",
  "pk": "b095343f-55da-4e4d-a8f2-37ac2c715704",
  "fields": {
    "filial": null,
    "created_at": "2025-04-16T01:03:38.836Z",
    "updated_at": "2025-04-16T01:03:38.836Z",
    "deleted_at": null,
    "user": [
      "+998905850925"
    ],
    "name": "employees_data",
    "is_editable": true,
    "is_readable": true,
    "is_parent": false
  }
},
{
  "model": "compensation.page",
  "pk": "b2175437-1ba8-4368-9353-db546beb4208",
  "fields": {
    "filial": null,
    "created_at": "2025-04-12T12:14:13.619Z",
    "updated_at": "2025-04-12T12:14:13.619Z",
    "deleted_at": null,
    "user": [
      "+998901234567"
    ],
    "name": "orders",
    "is_editable": true,
    "is_readable": true,
    "is_parent": false
  }
},
{
  "model": "compensation.page",
  "pk": "b3978f10-379a-4fa0-97ca-986d32a9b931",
  "fields": {
    "filial": null,
    "created_at": "2025-04-21T12:50:48.006Z",
    "updated_at": "2025-04-21T12:50:48.007Z",
    "deleted_at": null,
    "user": [
      "+998947481206"
    ],
    "name": "monitoring_page",
    "is_editable": false,
    "is_readable": false,
    "is_parent": false
  }
},
{
  "model": "compensation.page",
  "pk": "b5eef2d8-9087-4bb5-b2c5-2cc9b803d3c9",
  "fields": {
    "filial": null,
    "created_at": "2025-04-22T07:29:54.654Z",
    "updated_at": "2025-04-22T07:29:54.654Z",
    "deleted_at": null,
    "user": [
      "+998992721513"
    ],
    "name": "archived_students",
    "is_editable": true,
    "is_readable": true,
    "is_parent": false
  }
},
{
  "model": "compensation.page",
  "pk": "b6b56130-2d42-4fed-b24a-4255261cff62",
  "fields": {
    "filial": null,
    "created_at": "2025-04-22T07:44:08.066Z",
    "updated_at": "2025-04-22T07:44:08.067Z",
    "deleted_at": null,
    "user": [
      "+998901148900"
    ],
    "name": "employees",
    "is_editable": false,
    "is_readable": false,
    "is_parent": false
  }
},
{
  "model": "compensation.page",
  "pk": "b6bd396f-f02f-451e-8083-adad0e383789",
  "fields": {
    "filial": null,
    "created_at": "2025-04-22T07:55:21.791Z",
    "updated_at": "2025-04-22T07:55:21.791Z",
    "deleted_at": null,
    "user": [
      "+998949533500"
    ],
    "name": "shop",
    "is_editable": false,
    "is_readable": false,
    "is_parent": false
  }
},
{
  "model": "compensation.page",
  "pk": "b6e30cf9-f2f9-4c01-841d-794365c8d218",
  "fields": {
    "filial": null,
    "created_at": "2025-04-17T09:15:44.223Z",
    "updated_at": "2025-04-17T09:15:44.223Z",
    "deleted_at": null,
    "user": [
      "+998995261923"
    ],
    "name": "new_students",
    "is_editable": false,
    "is_readable": true,
    "is_parent": false
  }
},
{
  "model": "compensation.page",
  "pk": "b6f591c7-3ba2-4631-a5b9-6cc218a5b738",
  "fields": {
    "filial": null,
    "created_at": "2025-04-12T12:14:13.635Z",
    "updated_at": "2025-04-12T12:14:13.636Z",
    "deleted_at": null,
    "user": [
      "+998901234567"
    ],
    "name": "new_students",
    "is_editable": true,
    "is_readable": true,
    "is_parent": false
  }
},
{
  "model": "compensation.page",
  "pk": "b7b07576-bd47-4ecf-b4b8-4eae27fcbf62",
  "fields": {
    "filial": null,
    "created_at": "2025-04-22T07:29:54.458Z",
    "updated_at": "2025-04-22T07:29:54.458Z",
    "deleted_at": null,
    "user": [
      "+998992721513"
    ],
    "name": "finance_report",
    "is_editable": true,
    "is_readable": true,
    "is_parent": false
  }
},
{
  "model": "compensation.page",
  "pk": "b92bc28e-7860-4164-9ea9-cdea2a30318b",
  "fields": {
    "filial": null,
    "created_at": "2025-04-22T07:55:21.073Z",
    "updated_at": "2025-04-22T07:55:21.073Z",
    "deleted_at": null,
    "user": [
      "+998949533500"
    ],
    "name": "leads",
    "is_editable": false,
    "is_readable": false,
    "is_parent": false
  }
},
{
  "model": "compensation.page",
  "pk": "bb1efc9a-dbb5-4dee-8500-48253fd1107c",
  "fields": {
    "filial": null,
    "created_at": "2025-04-21T12:50:47.880Z",
    "updated_at": "2025-04-21T12:50:47.880Z",
    "deleted_at": null,
    "user": [
      "+998947481206"
    ],
    "name": "cashiers",
    "is_editable": false,
    "is_readable": false,
    "is_parent": false
  }
},
{
  "model": "compensation.page",
  "pk": "bb209043-8691-4813-bccc-6c53d669085e",
  "fields": {
    "filial": null,
    "created_at": "2025-04-16T00:47:31.410Z",
    "updated_at": "2025-04-16T00:47:31.410Z",
    "deleted_at": null,
    "user": [
      "+998972656500"
    ],
    "name": "groups",
    "is_editable": true,
    "is_readable": true,
    "is_parent": false
  }
},
{
  "model": "compensation.page",
  "pk": "bb26407b-4df6-4e7f-a05a-0965aa160a88",
  "fields": {
    "filial": null,
    "created_at": "2025-04-21T12:50:48.061Z",
    "updated_at": "2025-04-21T12:50:48.061Z",
    "deleted_at": null,
    "user": [
      "+998947481206"
    ],
    "name": "settings",
    "is_editable": false,
    "is_readable": false,
    "is_parent": false
  }
},
{
  "model": "compensation.page",
  "pk": "bc448052-8b18-4a17-b9df-b1570c975383",
  "fields": {
    "filial": null,
    "created_at": "2025-04-22T07:44:08.120Z",
    "updated_at": "2025-04-22T07:44:08.120Z",
    "deleted_at": null,
    "user": [
      "+998901148900"
    ],
    "name": "employees_archive",
    "is_editable": false,
    "is_readable": false,
    "is_parent": false
  }
},
{
  "model": "compensation.page",
  "pk": "bcc2e8ff-3b7f-47ad-a917-7860a79d43cd",
  "fields": {
    "filial": null,
    "created_at": "2025-04-17T09:21:03.265Z",
    "updated_at": "2025-04-17T09:21:03.265Z",
    "deleted_at": null,
    "user": [
      "+998500752700"
    ],
    "name": "schedule",
    "is_editable": false,
    "is_readable": true,
    "is_parent": false
  }
},
{
  "model": "compensation.page",
  "pk": "bfc6304a-cb59-4828-8498-3c0c7cd30825",
  "fields": {
    "filial": null,
    "created_at": "2025-04-22T07:55:21.190Z",
    "updated_at": "2025-04-22T07:55:21.190Z",
    "deleted_at": null,
    "user": [
      "+998949533500"
    ],
    "name": "all_students",
    "is_editable": false,
    "is_readable": false,
    "is_parent": false
  }
},
{
  "model": "compensation.page",
  "pk": "c045929c-a03b-4298-80e7-738b97cbd2d4",
  "fields": {
    "filial": null,
    "created_at": "2025-04-22T01:48:59.318Z",
    "updated_at": "2025-04-22T01:48:59.319Z",
    "deleted_at": null,
    "user": [
      "+998909386500"
    ],
    "name": "control",
    "is_editable": true,
    "is_readable": true,
    "is_parent": false
  }
},
{
  "model": "compensation.page",
  "pk": "c1c95441-adf8-4077-b2c6-ce9ffde1bbbe",
  "fields": {
    "filial": null,
    "created_at": "2025-04-16T00:47:31.162Z",
    "updated_at": "2025-04-16T00:47:31.162Z",
    "deleted_at": null,
    "user": [
      "+998972656500"
    ],
    "name": "materials",
    "is_editable": true,
    "is_readable": true,
    "is_parent": false
  }
},
{
  "model": "compensation.page",
  "pk": "c21386dd-2759-4212-90bc-524dfaa3e616",
  "fields": {
    "filial": null,
    "created_at": "2025-04-21T12:50:47.937Z",
    "updated_at": "2025-04-21T12:50:47.937Z",
    "deleted_at": null,
    "user": [
      "+998947481206"
    ],
    "name": "employees_archive",
    "is_editable": false,
    "is_readable": false,
    "is_parent": false
  }
},
{
  "model": "compensation.page",
  "pk": "c25216b3-08de-429a-b1c1-20a891ad459f",
  "fields": {
    "filial": null,
    "created_at": "2025-04-12T12:14:13.614Z",
    "updated_at": "2025-04-12T12:14:13.614Z",
    "deleted_at": null,
    "user": [
      "+998901234567"
    ],
    "name": "new_leads",
    "is_editable": true,
    "is_readable": true,
    "is_parent": false
  }
},
{
  "model": "compensation.page",
  "pk": "c3b174b1-f1e1-473c-8ae0-bdd0e9ee2a7f",
  "fields": {
    "filial": null,
    "created_at": "2025-04-22T07:29:54.586Z",
    "updated_at": "2025-04-22T07:29:54.586Z",
    "deleted_at": null,
    "user": [
      "+998992721513"
    ],
    "name": "new_students",
    "is_editable": true,
    "is_readable": true,
    "is_parent": false
  }
},
{
  "model": "compensation.page",
  "pk": "c3c15492-6324-4484-9eae-de16bbf5d527",
  "fields": {
    "filial": null,
    "created_at": "2025-04-21T12:50:47.997Z",
    "updated_at": "2025-04-21T12:50:47.997Z",
    "deleted_at": null,
    "user": [
      "+998947481206"
    ],
    "name": "control",
    "is_editable": false,
    "is_readable": false,
    "is_parent": false
  }
},
{
  "model": "compensation.page",
  "pk": "c8c9591f-f433-4e9c-8de3-6ae282bc5430",
  "fields": {
    "filial": null,
    "created_at": "2025-04-22T07:55:21.272Z",
    "updated_at": "2025-04-22T07:55:21.272Z",
    "deleted_at": null,
    "user": [
      "+998949533500"
    ],
    "name": "groups",
    "is_editable": false,
    "is_readable": true,
    "is_parent": false
  }
},
{
  "model": "compensation.page",
  "pk": "c924ce42-5021-493f-b2af-80d735613dc1",
  "fields": {
    "filial": null,
    "created_at": "2025-04-17T09:15:44.641Z",
    "updated_at": "2025-04-17T09:15:44.641Z",
    "deleted_at": null,
    "user": [
      "+998995261923"
    ],
    "name": "employees",
    "is_editable": false,
    "is_readable": false,
    "is_parent": false
  }
},
{
  "model": "compensation.page",
  "pk": "ca81cdf5-45ab-465e-b876-6d3a1d46f640",
  "fields": {
    "filial": null,
    "created_at": "2025-04-16T00:47:31.460Z",
    "updated_at": "2025-04-16T00:47:31.461Z",
    "deleted_at": null,
    "user": [
      "+998972656500"
    ],
    "name": "cashiers",
    "is_editable": true,
    "is_readable": true,
    "is_parent": false
  }
},
{
  "model": "compensation.page",
  "pk": "cbf4cbb0-9bd3-464f-90ab-2acc3f282770",
  "fields": {
    "filial": null,
    "created_at": "2025-04-17T09:15:43.907Z",
    "updated_at": "2025-04-17T09:15:43.907Z",
    "deleted_at": null,
    "user": [
      "+998995261923"
    ],
    "name": "finance_report",
    "is_editable": false,
    "is_readable": false,
    "is_parent": false
  }
},
{
  "model": "compensation.page",
  "pk": "cc212655-0df0-4c3e-b9ab-c1fc1afbd55b",
  "fields": {
    "filial": null,
    "created_at": "2025-04-22T07:29:54.599Z",
    "updated_at": "2025-04-22T07:29:54.599Z",
    "deleted_at": null,
    "user": [
      "+998992721513"
    ],
    "name": "students",
    "is_editable": true,
    "is_readable": true,
    "is_parent": false
  }
},
{
  "model": "compensation.page",
  "pk": "cc46b350-1b33-4cea-9ad4-ff6044dabae9",
  "fields": {
    "filial": null,
    "created_at": "2025-04-17T09:21:02.784Z",
    "updated_at": "2025-04-17T09:21:02.784Z",
    "deleted_at": null,
    "user": [
      "+998500752700"
    ],
    "name": "leads",
    "is_editable": false,
    "is_readable": false,
    "is_parent": false
  }
},
{
  "model": "compensation.page",
  "pk": "cc8a6bc7-8d22-4df5-8b5b-48f374b87b88",
  "fields": {
    "filial": null,
    "created_at": "2025-04-22T07:44:07.779Z",
    "updated_at": "2025-04-22T07:44:07.779Z",
    "deleted_at": null,
    "user": [
      "+998901148900"
    ],
    "name": "orders",
    "is_editable": true,
    "is_readable": true,
    "is_parent": false
  }
},
{
  "model": "compensation.page",
  "pk": "ccfe2728-8b44-450f-9145-3354e95a8966",
  "fields": {
    "filial": null,
    "created_at": "2025-04-17T09:21:03.317Z",
    "updated_at": "2025-04-17T09:21:03.317Z",
    "deleted_at": null,
    "user": [
      "+998500752700"
    ],
    "name": "cashiers",
    "is_editable": false,
    "is_readable": false,
    "is_parent": false
  }
},
{
  "model": "compensation.page",
  "pk": "cd65de91-886b-4b08-9437-6d49127167a2",
  "fields": {
    "filial": null,
    "created_at": "2025-04-12T12:14:13.652Z",
    "updated_at": "2025-04-12T12:14:13.652Z",
    "deleted_at": null,
    "user": [
      "+998901234567"
    ],
    "name": "all_students",
    "is_editable": true,
    "is_readable": true,
    "is_parent": false
  }
},
{
  "model": "compensation.page",
  "pk": "cd95f893-7ab6-474c-b455-7309785cadee",
  "fields": {
    "filial": null,
    "created_at": "2025-04-16T01:03:38.602Z",
    "updated_at": "2025-04-16T01:03:38.603Z",
    "deleted_at": null,
    "user": [
      "+998905850925"
    ],
    "name": "archived_students",
    "is_editable": true,
    "is_readable": true,
    "is_parent": false
  }
},
{
  "model": "compensation.page",
  "pk": "cf84f7b1-25bd-4c84-b2d5-1b7a69e7969d",
  "fields": {
    "filial": null,
    "created_at": "2025-04-22T01:48:58.207Z",
    "updated_at": "2025-04-22T01:48:58.207Z",
    "deleted_at": null,
    "user": [
      "+998909386500"
    ],
    "name": "new_leads",
    "is_editable": true,
    "is_readable": true,
    "is_parent": false
  }
},
{
  "model": "compensation.page",
  "pk": "d0cba177-d21b-47e2-ace3-66167f4d4d08",
  "fields": {
    "filial": null,
    "created_at": "2025-04-22T07:55:21.286Z",
    "updated_at": "2025-04-22T07:55:21.286Z",
    "deleted_at": null,
    "user": [
      "+998949533500"
    ],
    "name": "edu_section",
    "is_editable": false,
    "is_readable": false,
    "is_parent": false
  }
},
{
  "model": "compensation.page",
  "pk": "d24e3003-1992-4f41-89d9-b10455011a82",
  "fields": {
    "filial": null,
    "created_at": "2025-04-22T01:48:57.793Z",
    "updated_at": "2025-04-22T01:48:57.794Z",
    "deleted_at": null,
    "user": [
      "+998909386500"
    ],
    "name": "reports",
    "is_editable": true,
    "is_readable": true,
    "is_parent": false
  }
},
{
  "model": "compensation.page",
  "pk": "d4386778-1f9a-4523-aa51-7fa26a7d4086",
  "fields": {
    "filial": null,
    "created_at": "2025-04-22T01:48:59.366Z",
    "updated_at": "2025-04-22T01:48:59.366Z",
    "deleted_at": null,
    "user": [
      "+998909386500"
    ],
    "name": "shop",
    "is_editable": false,
    "is_readable": false,
    "is_parent": false
  }
},
{
  "model": "compensation.page",
  "pk": "d537e7b0-4e41-4ca3-a45a-146694bee8b3",
  "fields": {
    "filial": null,
    "created_at": "2025-04-16T01:03:38.218Z",
    "updated_at": "2025-04-16T01:03:38.218Z",
    "deleted_at": null,
    "user": [
      "+998905850925"
    ],
    "name": "edu_report",
    "is_editable": true,
    "is_readable": true,
    "is_parent": false
  }
},
{
  "model": "compensation.page",
  "pk": "d75c5d7d-45b2-4524-8581-9dc5cf849c0f",
  "fields": {
    "filial": null,
    "created_at": "2025-04-16T00:47:31.671Z",
    "updated_at": "2025-04-16T00:47:31.671Z",
    "deleted_at": null,
    "user": [
      "+998972656500"
    ],
    "name": "settings",
    "is_editable": true,
    "is_readable": true,
    "is_parent": false
  }
},
{
  "model": "compensation.page",
  "pk": "d8d12797-268e-4db8-86db-72dd5be6c3d5",
  "fields": {
    "filial": null,
    "created_at": "2025-04-12T12:14:13.682Z",
    "updated_at": "2025-04-12T12:14:13.683Z",
    "deleted_at": null,
    "user": [
      "+998901234567"
    ],
    "name": "themes",
    "is_editable": true,
    "is_readable": true,
    "is_parent": false
  }
},
{
  "model": "compensation.page",
  "pk": "d927fe10-b374-4980-8ff4-b359be591a68",
  "fields": {
    "filial": null,
    "created_at": "2025-04-16T01:03:38.240Z",
    "updated_at": "2025-04-16T01:03:38.240Z",
    "deleted_at": null,
    "user": [
      "+998905850925"
    ],
    "name": "finance_report",
    "is_editable": true,
    "is_readable": true,
    "is_parent": false
  }
},
{
  "model": "compensation.page",
  "pk": "d996e45a-88e7-48d1-939a-02b47a75a3c1",
  "fields": {
    "filial": null,
    "created_at": "2025-04-22T07:29:54.963Z",
    "updated_at": "2025-04-22T07:29:54.964Z",
    "deleted_at": null,
    "user": [
      "+998992721513"
    ],
    "name": "control",
    "is_editable": true,
    "is_readable": true,
    "is_parent": false
  }
},
{
  "model": "compensation.page",
  "pk": "d9c7f994-a5ad-4f97-b50b-87e876360a01",
  "fields": {
    "filial": null,
    "created_at": "2025-04-17T09:21:03.078Z",
    "updated_at": "2025-04-17T09:21:03.078Z",
    "deleted_at": null,
    "user": [
      "+998500752700"
    ],
    "name": "new_students",
    "is_editable": false,
    "is_readable": true,
    "is_parent": false
  }
},
{
  "model": "compensation.page",
  "pk": "d9cca859-915b-4687-b0ad-377114a2c380",
  "fields": {
    "filial": null,
    "created_at": "2025-04-17T09:15:44.582Z",
    "updated_at": "2025-04-17T09:15:44.583Z",
    "deleted_at": null,
    "user": [
      "+998995261923"
    ],
    "name": "cashiers",
    "is_editable": false,
    "is_readable": false,
    "is_parent": false
  }
},
{
  "model": "compensation.page",
  "pk": "d9d3d762-bcf6-4334-b99e-0e879a5ab903",
  "fields": {
    "filial": null,
    "created_at": "2025-04-22T07:29:54.702Z",
    "updated_at": "2025-04-22T07:29:54.702Z",
    "deleted_at": null,
    "user": [
      "+998992721513"
    ],
    "name": "edu_section",
    "is_editable": false,
    "is_readable": false,
    "is_parent": false
  }
},
{
  "model": "compensation.page",
  "pk": "de3f7b23-d105-498b-b170-446d35d2fc55",
  "fields": {
    "filial": null,
    "created_at": "2025-04-22T01:48:58.915Z",
    "updated_at": "2025-04-22T01:48:58.915Z",
    "deleted_at": null,
    "user": [
      "+998909386500"
    ],
    "name": "groups",
    "is_editable": true,
    "is_readable": true,
    "is_parent": false
  }
},
{
  "model": "compensation.page",
  "pk": "dfb162fd-2e69-4df4-9b4f-b5c55bd0c611",
  "fields": {
    "filial": null,
    "created_at": "2025-04-22T07:29:54.760Z",
    "updated_at": "2025-04-22T07:29:54.761Z",
    "deleted_at": null,
    "user": [
      "+998992721513"
    ],
    "name": "rooms",
    "is_editable": false,
    "is_readable": false,
    "is_parent": false
  }
},
{
  "model": "compensation.page",
  "pk": "e0495fd1-0e1b-409f-affe-73e5551fc0d3",
  "fields": {
    "filial": null,
    "created_at": "2025-04-16T00:47:31.480Z",
    "updated_at": "2025-04-16T00:47:31.480Z",
    "deleted_at": null,
    "user": [
      "+998972656500"
    ],
    "name": "schedule",
    "is_editable": true,
    "is_readable": true,
    "is_parent": false
  }
},
{
  "model": "compensation.page",
  "pk": "e07687a6-e9d1-414f-b0e4-6b91f81c811a",
  "fields": {
    "filial": null,
    "created_at": "2025-04-17T09:15:43.969Z",
    "updated_at": "2025-04-17T09:15:43.970Z",
    "deleted_at": null,
    "user": [
      "+998995261923"
    ],
    "name": "new_leads",
    "is_editable": false,
    "is_readable": false,
    "is_parent": false
  }
},
{
  "model": "compensation.page",
  "pk": "e0ecc927-622a-42db-819f-2f5e72e09459",
  "fields": {
    "filial": null,
    "created_at": "2025-04-22T07:55:21.008Z",
    "updated_at": "2025-04-22T07:55:21.008Z",
    "deleted_at": null,
    "user": [
      "+998949533500"
    ],
    "name": "new_leads",
    "is_editable": false,
    "is_readable": false,
    "is_parent": false
  }
},
{
  "model": "compensation.page",
  "pk": "e0f14f20-a628-47c2-9866-0492395c5aab",
  "fields": {
    "filial": null,
    "created_at": "2025-04-21T12:50:48.089Z",
    "updated_at": "2025-04-21T12:50:48.090Z",
    "deleted_at": null,
    "user": [
      "+998947481206"
    ],
    "name": "shop",
    "is_editable": false,
    "is_readable": false,
    "is_parent": false
  }
},
{
  "model": "compensation.page",
  "pk": "e12e0ce8-26f2-47c0-8186-c69779b68979",
  "fields": {
    "filial": null,
    "created_at": "2025-04-16T00:47:30.368Z",
    "updated_at": "2025-04-16T00:47:30.369Z",
    "deleted_at": null,
    "user": [
      "+998972656500"
    ],
    "name": "reports",
    "is_editable": true,
    "is_readable": true,
    "is_parent": false
  }
},
{
  "model": "compensation.page",
  "pk": "e226f03e-d571-4c1e-b6c3-0472ab6d2ff5",
  "fields": {
    "filial": null,
    "created_at": "2025-04-22T07:29:54.846Z",
    "updated_at": "2025-04-22T07:29:54.846Z",
    "deleted_at": null,
    "user": [
      "+998992721513"
    ],
    "name": "tasks",
    "is_editable": false,
    "is_readable": false,
    "is_parent": false
  }
},
{
  "model": "compensation.page",
  "pk": "e27a0c2c-643c-40ef-a0ae-20f1fbe61bc4",
  "fields": {
    "filial": null,
    "created_at": "2025-04-16T00:47:31.525Z",
    "updated_at": "2025-04-16T00:47:31.526Z",
    "deleted_at": null,
    "user": [
      "+998972656500"
    ],
    "name": "tasks",
    "is_editable": true,
    "is_readable": true,
    "is_parent": false
  }
},
{
  "model": "compensation.page",
  "pk": "e28f2a81-adb4-471a-80db-b3ffddb27c00",
  "fields": {
    "filial": null,
    "created_at": "2025-04-22T07:29:54.490Z",
    "updated_at": "2025-04-22T07:29:54.491Z",
    "deleted_at": null,
    "user": [
      "+998992721513"
    ],
    "name": "leads",
    "is_editable": false,
    "is_readable": false,
    "is_parent": false
  }
},
{
  "model": "compensation.page",
  "pk": "e3a57fd7-9261-4ff3-ae66-23b886a8037f",
  "fields": {
    "filial": null,
    "created_at": "2025-04-22T01:48:58.894Z",
    "updated_at": "2025-04-22T01:48:58.894Z",
    "deleted_at": null,
    "user": [
      "+998909386500"
    ],
    "name": "rooms",
    "is_editable": true,
    "is_readable": true,
    "is_parent": false
  }
},
{
  "model": "compensation.page",
  "pk": "e4784ee9-b155-49ee-9f29-02367ff1fd54",
  "fields": {
    "filial": null,
    "created_at": "2025-04-22T07:55:21.523Z",
    "updated_at": "2025-04-22T07:55:21.524Z",
    "deleted_at": null,
    "user": [
      "+998949533500"
    ],
    "name": "employees_data",
    "is_editable": false,
    "is_readable": false,
    "is_parent": false
  }
},
{
  "model": "compensation.page",
  "pk": "e5d2b5c9-65ac-418e-8724-1cbef4c2ae2a",
  "fields": {
    "filial": null,
    "created_at": "2025-04-21T12:50:47.750Z",
    "updated_at": "2025-04-21T12:50:47.750Z",
    "deleted_at": null,
    "user": [
      "+998947481206"
    ],
    "name": "groups",
    "is_editable": false,
    "is_readable": true,
    "is_parent": false
  }
},
{
  "model": "compensation.page",
  "pk": "e832b626-7542-4ff1-91ca-3ee406c93581",
  "fields": {
    "filial": null,
    "created_at": "2025-04-22T07:55:20.847Z",
    "updated_at": "2025-04-22T07:55:20.847Z",
    "deleted_at": null,
    "user": [
      "+998949533500"
    ],
    "name": "finance_report",
    "is_editable": false,
    "is_readable": false,
    "is_parent": false
  }
},
{
  "model": "compensation.page",
  "pk": "e87a4bc3-2000-4cd8-b0cb-21d4907e628a",
  "fields": {
    "filial": null,
    "created_at": "2025-04-22T01:48:58.874Z",
    "updated_at": "2025-04-22T01:48:58.874Z",
    "deleted_at": null,
    "user": [
      "+998909386500"
    ],
    "name": "edu_section",
    "is_editable": true,
    "is_readable": true,
    "is_parent": false
  }
},
{
  "model": "compensation.page",
  "pk": "e9ad78da-f2c4-41b8-9e44-207862319c29",
  "fields": {
    "filial": null,
    "created_at": "2025-04-17T09:15:44.295Z",
    "updated_at": "2025-04-17T09:15:44.295Z",
    "deleted_at": null,
    "user": [
      "+998995261923"
    ],
    "name": "orders",
    "is_editable": false,
    "is_readable": false,
    "is_parent": false
  }
},
{
  "model": "compensation.page",
  "pk": "e9dd4f65-43a4-498e-9734-6151335c4f8c",
  "fields": {
    "filial": null,
    "created_at": "2025-04-12T12:14:13.730Z",
    "updated_at": "2025-04-12T12:14:13.730Z",
    "deleted_at": null,
    "user": [
      "+998901234567"
    ],
    "name": "tasks",
    "is_editable": true,
    "is_readable": true,
    "is_parent": false
  }
},
{
  "model": "compensation.page",
  "pk": "ea56210b-43af-46e1-83a8-653507ff59f5",
  "fields": {
    "filial": null,
    "created_at": "2025-04-16T00:47:31.103Z",
    "updated_at": "2025-04-16T00:47:31.103Z",
    "deleted_at": null,
    "user": [
      "+998972656500"
    ],
    "name": "archived_students",
    "is_editable": true,
    "is_readable": true,
    "is_parent": false
  }
},
{
  "model": "compensation.page",
  "pk": "ea83e1fa-8c2a-41e0-b769-e9191ec52653",
  "fields": {
    "filial": null,
    "created_at": "2025-04-17T09:15:44.891Z",
    "updated_at": "2025-04-17T09:15:44.891Z",
    "deleted_at": null,
    "user": [
      "+998995261923"
    ],
    "name": "settings",
    "is_editable": false,
    "is_readable": false,
    "is_parent": false
  }
},
{
  "model": "compensation.page",
  "pk": "eb504c47-b066-489d-97d2-03f4f1a8cf09",
  "fields": {
    "filial": null,
    "created_at": "2025-04-22T07:44:08.018Z",
    "updated_at": "2025-04-22T07:44:08.018Z",
    "deleted_at": null,
    "user": [
      "+998901148900"
    ],
    "name": "results",
    "is_editable": false,
    "is_readable": false,
    "is_parent": false
  }
},
{
  "model": "compensation.page",
  "pk": "ebd667f7-b59e-4a62-b538-13ba12468ee3",
  "fields": {
    "filial": null,
    "created_at": "2025-04-22T07:29:54.983Z",
    "updated_at": "2025-04-22T07:29:54.983Z",
    "deleted_at": null,
    "user": [
      "+998992721513"
    ],
    "name": "shop",
    "is_editable": false,
    "is_readable": false,
    "is_parent": false
  }
},
{
  "model": "compensation.page",
  "pk": "ec90944f-08da-4abd-956f-f7c4b88dc314",
  "fields": {
    "filial": null,
    "created_at": "2025-04-12T12:14:13.589Z",
    "updated_at": "2025-04-12T12:14:13.590Z",
    "deleted_at": null,
    "user": [
      "+998901234567"
    ],
    "name": "edu_report",
    "is_editable": true,
    "is_readable": true,
    "is_parent": false
  }
},
{
  "model": "compensation.page",
  "pk": "ee51d315-ba50-46f3-bf1e-5e14c45a53a4",
  "fields": {
    "filial": null,
    "created_at": "2025-04-16T00:47:30.897Z",
    "updated_at": "2025-04-16T00:47:30.898Z",
    "deleted_at": null,
    "user": [
      "+998972656500"
    ],
    "name": "students",
    "is_editable": true,
    "is_readable": true,
    "is_parent": false
  }
},
{
  "model": "compensation.page",
  "pk": "eeeeeed7-84ad-4014-9995-90c733aeea18",
  "fields": {
    "filial": null,
    "created_at": "2025-04-21T12:50:47.556Z",
    "updated_at": "2025-04-21T12:50:47.557Z",
    "deleted_at": null,
    "user": [
      "+998947481206"
    ],
    "name": "orders",
    "is_editable": false,
    "is_readable": true,
    "is_parent": false
  }
},
{
  "model": "compensation.page",
  "pk": "ef73b688-b693-4430-91be-9e23e5cb4844",
  "fields": {
    "filial": null,
    "created_at": "2025-04-12T12:14:13.641Z",
    "updated_at": "2025-04-12T12:14:13.641Z",
    "deleted_at": null,
    "user": [
      "+998901234567"
    ],
    "name": "active_students",
    "is_editable": true,
    "is_readable": true,
    "is_parent": false
  }
},
{
  "model": "compensation.page",
  "pk": "f10a5a35-21c0-4e41-970e-e45a3bd50006",
  "fields": {
    "filial": null,
    "created_at": "2025-04-22T07:55:21.065Z",
    "updated_at": "2025-04-22T07:55:21.065Z",
    "deleted_at": null,
    "user": [
      "+998949533500"
    ],
    "name": "orders",
    "is_editable": false,
    "is_readable": false,
    "is_parent": false
  }
},
{
  "model": "compensation.page",
  "pk": "f17838d3-9b94-4bc8-9826-8a31718d8cda",
  "fields": {
    "filial": null,
    "created_at": "2025-04-17T09:21:03.337Z",
    "updated_at": "2025-04-17T09:21:03.337Z",
    "deleted_at": null,
    "user": [
      "+998500752700"
    ],
    "name": "tasks",
    "is_editable": true,
    "is_readable": true,
    "is_parent": false
  }
},
{
  "model": "compensation.page",
  "pk": "f1a82d72-8963-468c-aecd-48d2bf3bec42",
  "fields": {
    "filial": null,
    "created_at": "2025-04-22T07:29:54.734Z",
    "updated_at": "2025-04-22T07:29:54.736Z",
    "deleted_at": null,
    "user": [
      "+998992721513"
    ],
    "name": "groups",
    "is_editable": false,
    "is_readable": false,
    "is_parent": false
  }
},
{
  "model": "compensation.page",
  "pk": "f290803e-ed8f-4307-8dcf-3ae553884486",
  "fields": {
    "filial": null,
    "created_at": "2025-04-22T01:48:59.357Z",
    "updated_at": "2025-04-22T01:48:59.357Z",
    "deleted_at": null,
    "user": [
      "+998909386500"
    ],
    "name": "monitoring_page",
    "is_editable": true,
    "is_readable": true,
    "is_parent": false
  }
},
{
  "model": "compensation.page",
  "pk": "f382d9ea-31b6-4494-9f87-250592812cd1",
  "fields": {
    "filial": null,
    "created_at": "2025-04-12T12:14:13.756Z",
    "updated_at": "2025-04-12T12:14:13.756Z",
    "deleted_at": null,
    "user": [
      "+998901234567"
    ],
    "name": "control",
    "is_editable": true,
    "is_readable": true,
    "is_parent": false
  }
},
{
  "model": "compensation.page",
  "pk": "f3a0fc6b-8b44-4efe-afd9-5e4c97133e15",
  "fields": {
    "filial": null,
    "created_at": "2025-04-22T07:44:07.777Z",
    "updated_at": "2025-04-22T07:44:07.778Z",
    "deleted_at": null,
    "user": [
      "+998901148900"
    ],
    "name": "new_leads",
    "is_editable": true,
    "is_readable": true,
    "is_parent": false
  }
},
{
  "model": "compensation.page",
  "pk": "f404e3b1-db0f-43b8-9e92-830040d8cc72",
  "fields": {
    "filial": null,
    "created_at": "2025-04-17T09:15:44.477Z",
    "updated_at": "2025-04-17T09:15:44.477Z",
    "deleted_at": null,
    "user": [
      "+998995261923"
    ],
    "name": "groups",
    "is_editable": false,
    "is_readable": false,
    "is_parent": false
  }
},
{
  "model": "compensation.page",
  "pk": "f45d1387-d76e-4b7e-b108-91f5861f0c88",
  "fields": {
    "filial": null,
    "created_at": "2025-04-17T09:15:44.500Z",
    "updated_at": "2025-04-17T09:15:44.501Z",
    "deleted_at": null,
    "user": [
      "+998995261923"
    ],
    "name": "rooms",
    "is_editable": false,
    "is_readable": false,
    "is_parent": false
  }
},
{
  "model": "compensation.page",
  "pk": "f4742a1b-e084-4ef8-b042-c38fe6579fdf",
  "fields": {
    "filial": null,
    "created_at": "2025-04-22T07:55:20.811Z",
    "updated_at": "2025-04-22T07:55:20.812Z",
    "deleted_at": null,
    "user": [
      "+998949533500"
    ],
    "name": "admin_report",
    "is_editable": false,
    "is_readable": false,
    "is_parent": false
  }
},
{
  "model": "compensation.page",
  "pk": "f5b37f10-f75b-4204-91d2-81b679ee3158",
  "fields": {
    "filial": null,
    "created_at": "2025-04-21T12:50:47.668Z",
    "updated_at": "2025-04-21T12:50:47.668Z",
    "deleted_at": null,
    "user": [
      "+998947481206"
    ],
    "name": "new_students",
    "is_editable": false,
    "is_readable": true,
    "is_parent": false
  }
},
{
  "model": "compensation.page",
  "pk": "f6828802-955d-4435-9a60-bc6904945e82",
  "fields": {
    "filial": null,
    "created_at": "2025-04-17T09:21:03.707Z",
    "updated_at": "2025-04-17T09:21:03.708Z",
    "deleted_at": null,
    "user": [
      "+998500752700"
    ],
    "name": "employees_data",
    "is_editable": false,
    "is_readable": false,
    "is_parent": false
  }
},
{
  "model": "compensation.page",
  "pk": "f82d9f7c-da24-48c1-89b1-07abdfe62a94",
  "fields": {
    "filial": null,
    "created_at": "2025-04-21T12:50:47.951Z",
    "updated_at": "2025-04-21T12:50:47.951Z",
    "deleted_at": null,
    "user": [
      "+998947481206"
    ],
    "name": "employees",
    "is_editable": false,
    "is_readable": false,
    "is_parent": false
  }
},
{
  "model": "compensation.page",
  "pk": "fb5349ca-8d42-41cd-b97e-c4060221d15a",
  "fields": {
    "filial": null,
    "created_at": "2025-04-22T07:55:21.254Z",
    "updated_at": "2025-04-22T07:55:21.254Z",
    "deleted_at": null,
    "user": [
      "+998949533500"
    ],
    "name": "archived_students",
    "is_editable": false,
    "is_readable": false,
    "is_parent": false
  }
},
{
  "model": "compensation.page",
  "pk": "fba49d8c-4416-4cc4-9bcc-409e74dc02e8",
  "fields": {
    "filial": null,
    "created_at": "2025-04-17T09:15:44.883Z",
    "updated_at": "2025-04-17T09:15:44.884Z",
    "deleted_at": null,
    "user": [
      "+998995261923"
    ],
    "name": "shop",
    "is_editable": false,
    "is_readable": false,
    "is_parent": false
  }
},
{
  "model": "compensation.page",
  "pk": "ffadb900-2cf2-449d-b23f-98a5095ef4fe",
  "fields": {
    "filial": null,
    "created_at": "2025-04-16T01:03:39.105Z",
    "updated_at": "2025-04-16T01:03:39.105Z",
    "deleted_at": null,
    "user": [
      "+998905850925"
    ],
    "name": "cashiers",
    "is_editable": true,
    "is_readable": true,
    "is_parent": false
  }
},
{
  "model": "timetracker.employee_attendance",
  "pk": "a50b69c7-e164-4791-8f4f-08645411c9c6",
  "fields": {
    "filial": null,
    "created_at": "2025-04-14T10:29:37.128Z",
    "updated_at": "2025-04-14T10:29:37.130Z",
    "deleted_at": null,
    "user": [
      "+998901234567"
    ],
    "action": "Gone",
    "type": null,
    "date": "2025-04-13T19:00:00Z"
  }
},
{
  "model": "timetracker.employee_attendance",
  "pk": "c8e01b9b-4a30-47bc-af0f-2a497708754b",
  "fields": {
    "filial": null,
    "created_at": "2025-04-15T19:00:00.173Z",
    "updated_at": "2025-04-15T19:00:00.176Z",
    "deleted_at": null,
    "user": [
      "+998901234567"
    ],
    "action": "Gone",
    "type": null,
    "date": "2025-04-14T19:00:00Z"
  }
},
{
  "model": "notifications.notification",
  "pk": "13bf3e60-fd02-4a02-a977-229b8f053787",
  "fields": {
    "filial": null,
    "created_at": "2025-04-22T13:27:17.393Z",
    "updated_at": "2025-04-22T13:27:17.393Z",
    "deleted_at": null,
    "user": [
      "+998947481206"
    ],
    "comment": "I B K J - 14:00-16:00 guruhining yordamchi guruhi yaratildi !",
    "come_from": "I B K J - 14:00-16:00 - MONTHLY",
    "is_read": false,
    "has_read": false
  }
},
{
  "model": "notifications.notification",
  "pk": "243dee00-43da-4112-bb08-b9b00407c389",
  "fields": {
    "filial": null,
    "created_at": "2025-04-22T13:27:12.228Z",
    "updated_at": "2025-04-22T13:27:12.229Z",
    "deleted_at": null,
    "user": [
      "+998947481206"
    ],
    "comment": "I B K J - 14:00-16:00 guruhining yordamchi guruhi yaratildi !",
    "come_from": "I B K J - 14:00-16:00 - MONTHLY",
    "is_read": false,
    "has_read": false
  }
},
{
  "model": "notifications.notification",
  "pk": "35750581-2d7b-4c03-a0ad-67828aff2852",
  "fields": {
    "filial": null,
    "created_at": "2025-04-22T15:02:02.447Z",
    "updated_at": "2025-04-22T15:02:02.448Z",
    "deleted_at": null,
    "user": [
      "+998947481206"
    ],
    "comment": "I B K J -  16:00-18:00 guruhining yordamchi guruhi yaratildi!",
    "come_from": "I B K J -  16:00-18:00 - MONTHLY",
    "is_read": false,
    "has_read": false
  }
},
{
  "model": "notifications.notification",
  "pk": "38c1a092-d300-4eaf-bccf-0ced8fc146e9",
  "fields": {
    "filial": null,
    "created_at": "2025-04-22T15:02:08.675Z",
    "updated_at": "2025-04-22T15:02:08.676Z",
    "deleted_at": null,
    "user": [
      "+998947481206"
    ],
    "comment": "I B K J -  16:00-18:00 guruhining yordamchi guruhi yaratildi !",
    "come_from": "I B K J -  16:00-18:00 - MONTHLY",
    "is_read": false,
    "has_read": false
  }
},
{
  "model": "notifications.notification",
  "pk": "5882e8ee-da57-40b4-b374-cda2be1b2ce7",
  "fields": {
    "filial": null,
    "created_at": "2025-04-22T13:27:06.661Z",
    "updated_at": "2025-04-22T13:27:06.662Z",
    "deleted_at": null,
    "user": [
      "+998972656500"
    ],
    "comment": "Guruhlarning to'lov uslubi MONTHLY ga o'zgartirildi !",
    "come_from": "I B K J - 14:00-16:00 - MONTHLY",
    "is_read": false,
    "has_read": false
  }
},
{
  "model": "notifications.notification",
  "pk": "96e158c6-e6f0-460b-ba2b-aa0ae4778c7a",
  "fields": {
    "filial": null,
    "created_at": "2025-04-22T14:23:25.297Z",
    "updated_at": "2025-04-22T14:23:25.297Z",
    "deleted_at": null,
    "user": [
      "+998947481206"
    ],
    "comment": "I B K J - 18:00-20:00 guruhining yordamchi guruhi yaratildi!",
    "come_from": "I B K J - 18:00-20:00 - MONTHLY",
    "is_read": false,
    "has_read": false
  }
},
{
  "model": "notifications.notification",
  "pk": "9f1b7b96-14ec-4e13-b371-8824d317c5f1",
  "fields": {
    "filial": null,
    "created_at": "2025-04-22T13:27:06.665Z",
    "updated_at": "2025-04-22T13:27:06.665Z",
    "deleted_at": null,
    "user": [
      "+998901234567"
    ],
    "comment": "Guruhlarning to'lov uslubi MONTHLY ga o'zgartirildi !",
    "come_from": "I B K J - 14:00-16:00 - MONTHLY",
    "is_read": false,
    "has_read": false
  }
},
{
  "model": "notifications.notification",
  "pk": "c9cd044b-629a-425b-912e-22c4102801ab",
  "fields": {
    "filial": null,
    "created_at": "2025-04-22T13:28:46.404Z",
    "updated_at": "2025-04-22T13:28:46.405Z",
    "deleted_at": null,
    "user": [
      "+998947481206"
    ],
    "comment": "I B K J - 14:00-16:00 guruhining yordamchi guruhi yaratildi !",
    "come_from": "I B K J - 14:00-16:00 - MONTHLY",
    "is_read": false,
    "has_read": false
  }
},
{
  "model": "notifications.notification",
  "pk": "cca09bd6-154d-45fa-bec2-371f6abbb408",
  "fields": {
    "filial": null,
    "created_at": "2025-04-22T13:27:06.620Z",
    "updated_at": "2025-04-22T13:27:06.620Z",
    "deleted_at": null,
    "user": [
      "+998947481206"
    ],
    "comment": "I B K J - 14:00-16:00 guruhining yordamchi guruhi yaratildi!",
    "come_from": "I B K J - 14:00-16:00 - MONTHLY",
    "is_read": false,
    "has_read": false
  }
},
{
  "model": "notifications.notification",
  "pk": "ce9715c7-7d0a-4693-a8b1-a14d42328348",
  "fields": {
    "filial": null,
    "created_at": "2025-04-22T14:23:30.225Z",
    "updated_at": "2025-04-22T14:23:30.225Z",
    "deleted_at": null,
    "user": [
      "+998947481206"
    ],
    "comment": "I B K J - 18:00-20:00 guruhining yordamchi guruhi yaratildi !",
    "come_from": "I B K J - 18:00-20:00 - MONTHLY",
    "is_read": false,
    "has_read": false
  }
},
{
  "model": "notifications.notification",
  "pk": "dd647eda-4c5d-45b7-9087-c54609fa6d69",
  "fields": {
    "filial": null,
    "created_at": "2025-04-22T14:22:11.594Z",
    "updated_at": "2025-04-22T14:22:11.594Z",
    "deleted_at": null,
    "user": [
      "+998947481206"
    ],
    "comment": "I B K T 14:00-16:00 guruhining yordamchi guruhi yaratildi!",
    "come_from": "I B K T 14:00-16:00 - MONTHLY",
    "is_read": false,
    "has_read": false
  }
},
{
  "model": "notifications.notification",
  "pk": "e9c2ad9a-24df-4379-bca6-dc6706ff5438",
  "fields": {
    "filial": null,
    "created_at": "2025-04-22T14:22:19.281Z",
    "updated_at": "2025-04-22T14:22:19.281Z",
    "deleted_at": null,
    "user": [
      "+998947481206"
    ],
    "comment": "I B K T 14:00-16:00 guruhining yordamchi guruhi yaratildi !",
    "come_from": "I B K T 14:00-16:00 - MONTHLY",
    "is_read": false,
    "has_read": false
  }
},
{
  "model": "notifications.notification",
  "pk": "facb6fec-da97-451a-8509-11282106b4d8",
  "fields": {
    "filial": null,
    "created_at": "2025-04-22T13:27:06.657Z",
    "updated_at": "2025-04-22T13:27:06.658Z",
    "deleted_at": null,
    "user": [
      "+998992721513"
    ],
    "comment": "Guruhlarning to'lov uslubi MONTHLY ga o'zgartirildi !",
    "come_from": "I B K J - 14:00-16:00 - MONTHLY",
    "is_read": false,
    "has_read": false
  }
},
{
  "model": "new_lid.lid",
  "pk": "03668d21-75ab-4b33-9355-79d1a298f8e2",
  "fields": {
    "created_at": "2025-04-22T15:03:31.681Z",
    "updated_at": "2025-04-22T15:09:54.419Z",
    "deleted_at": null,
    "sender_id": null,
    "message_text": null,
    "photo": null,
    "first_name": "Shahnoza",
    "last_name": "Qalandarova",
    "middle_name": "a",
    "phone_number": "+998935618986",
    "date_of_birth": "2025-04-01",
    "extra_number": null,
    "education_lang": "UZB",
    "student_type": "student",
    "edu_class": "SCHOOL",
    "edu_level": "10",
    "subject": "c147b7fa-4eb5-4880-88e2-fb8e0f7d2328",
    "ball": 0,
    "filial": 1,
    "marketing_channel": "680797ce-57ed-44dd-8f9a-795ec2fd54ba",
    "lid_stage_type": "ORDERED_LID",
    "lid_stages": "YANGI_LEAD",
    "is_expired": false,
    "ordered_stages": "BIRINCHI_DARS_BELGILANGAN",
    "is_archived": false,
    "is_dubl": false,
    "is_frozen": false,
    "call_operator": null,
    "is_student": false,
    "service_manager": [
      "+998949533500"
    ],
    "sales_manager": [
      "+998901148900"
    ],
    "ordered_date": "2025-04-22T15:03:31.716Z",
    "student": null,
    "balance": "0.00",
    "file": []
  }
},
{
  "model": "new_lid.lid",
  "pk": "1e8176d6-9df9-4fa7-8c77-cf4d86abacbc",
  "fields": {
    "created_at": "2025-04-22T15:06:22.269Z",
    "updated_at": "2025-04-22T15:10:40.637Z",
    "deleted_at": null,
    "sender_id": null,
    "message_text": null,
    "photo": null,
    "first_name": "Zuhra",
    "last_name": "Musinboyeva",
    "middle_name": "a",
    "phone_number": "+998997077676",
    "date_of_birth": "2025-04-02",
    "extra_number": null,
    "education_lang": "UZB",
    "student_type": "student",
    "edu_class": "SCHOOL",
    "edu_level": "10",
    "subject": "c147b7fa-4eb5-4880-88e2-fb8e0f7d2328",
    "ball": 0,
    "filial": 1,
    "marketing_channel": "680797ce-57ed-44dd-8f9a-795ec2fd54ba",
    "lid_stage_type": "ORDERED_LID",
    "lid_stages": "YANGI_LEAD",
    "is_expired": false,
    "ordered_stages": "BIRINCHI_DARS_BELGILANGAN",
    "is_archived": false,
    "is_dubl": false,
    "is_frozen": false,
    "call_operator": null,
    "is_student": false,
    "service_manager": [
      "+998949533500"
    ],
    "sales_manager": [
      "+998901148900"
    ],
    "ordered_date": "2025-04-22T15:06:22.294Z",
    "student": null,
    "balance": "0.00",
    "file": []
  }
},
{
  "model": "new_lid.lid",
  "pk": "3785d02e-d5aa-434a-936f-aa4e42169ff4",
  "fields": {
    "created_at": "2025-04-22T14:29:55.690Z",
    "updated_at": "2025-04-22T14:52:21.748Z",
    "deleted_at": null,
    "sender_id": null,
    "message_text": null,
    "photo": null,
    "first_name": "Sunatillo",
    "last_name": "Nabiyev",
    "middle_name": "a",
    "phone_number": "+998908151511",
    "date_of_birth": "2025-04-01",
    "extra_number": null,
    "education_lang": "UZB",
    "student_type": "student",
    "edu_class": "SCHOOL",
    "edu_level": "10",
    "subject": "c147b7fa-4eb5-4880-88e2-fb8e0f7d2328",
    "ball": 0,
    "filial": 1,
    "marketing_channel": "680797ce-57ed-44dd-8f9a-795ec2fd54ba",
    "lid_stage_type": "ORDERED_LID",
    "lid_stages": "YANGI_LEAD",
    "is_expired": false,
    "ordered_stages": "BIRINCHI_DARS_BELGILANGAN",
    "is_archived": false,
    "is_dubl": false,
    "is_frozen": false,
    "call_operator": null,
    "is_student": false,
    "service_manager": [
      "+998949533500"
    ],
    "sales_manager": [
      "+998901148900"
    ],
    "ordered_date": "2025-04-22T14:29:55.713Z",
    "student": null,
    "balance": "0.00",
    "file": []
  }
},
{
  "model": "new_lid.lid",
  "pk": "3c671aa8-ec9f-4afb-a616-e7a8eca5da96",
  "fields": {
    "created_at": "2025-04-22T14:25:15.780Z",
    "updated_at": "2025-04-22T14:54:03.097Z",
    "deleted_at": null,
    "sender_id": null,
    "message_text": null,
    "photo": null,
    "first_name": "Dilnura",
    "last_name": "Jo`raqulova",
    "middle_name": "a",
    "phone_number": "+998936318281",
    "date_of_birth": "2025-04-01",
    "extra_number": null,
    "education_lang": "UZB",
    "student_type": "student",
    "edu_class": "SCHOOL",
    "edu_level": "10",
    "subject": "c147b7fa-4eb5-4880-88e2-fb8e0f7d2328",
    "ball": 0,
    "filial": 1,
    "marketing_channel": "680797ce-57ed-44dd-8f9a-795ec2fd54ba",
    "lid_stage_type": "ORDERED_LID",
    "lid_stages": "YANGI_LEAD",
    "is_expired": false,
    "ordered_stages": "BIRINCHI_DARS_BELGILANGAN",
    "is_archived": false,
    "is_dubl": false,
    "is_frozen": false,
    "call_operator": null,
    "is_student": false,
    "service_manager": [
      "+998949533500"
    ],
    "sales_manager": [
      "+998901148900"
    ],
    "ordered_date": "2025-04-22T14:25:15.792Z",
    "student": null,
    "balance": "0.00",
    "file": []
  }
},
{
  "model": "new_lid.lid",
  "pk": "52aa599f-2eb2-4528-bdc5-0383c08a58c1",
  "fields": {
    "created_at": "2025-04-22T15:07:32.762Z",
    "updated_at": "2025-04-22T15:10:47.067Z",
    "deleted_at": null,
    "sender_id": null,
    "message_text": null,
    "photo": null,
    "first_name": "Aziza",
    "last_name": "Umarjonova",
    "middle_name": "a",
    "phone_number": "+998977253632",
    "date_of_birth": "2025-04-01",
    "extra_number": null,
    "education_lang": "UZB",
    "student_type": "student",
    "edu_class": "SCHOOL",
    "edu_level": "10",
    "subject": "c147b7fa-4eb5-4880-88e2-fb8e0f7d2328",
    "ball": 0,
    "filial": 1,
    "marketing_channel": "680797ce-57ed-44dd-8f9a-795ec2fd54ba",
    "lid_stage_type": "ORDERED_LID",
    "lid_stages": "YANGI_LEAD",
    "is_expired": false,
    "ordered_stages": "BIRINCHI_DARS_BELGILANGAN",
    "is_archived": false,
    "is_dubl": false,
    "is_frozen": false,
    "call_operator": null,
    "is_student": false,
    "service_manager": [
      "+998949533500"
    ],
    "sales_manager": [
      "+998901148900"
    ],
    "ordered_date": "2025-04-22T15:07:32.783Z",
    "student": null,
    "balance": "0.00",
    "file": []
  }
},
{
  "model": "new_lid.lid",
  "pk": "5a241da2-50d7-4366-a62a-90b0f235ca94",
  "fields": {
    "created_at": "2025-04-22T14:56:52.527Z",
    "updated_at": "2025-04-22T15:00:22.602Z",
    "deleted_at": null,
    "sender_id": null,
    "message_text": null,
    "photo": null,
    "first_name": "Abduraxmon",
    "last_name": "Mametov",
    "middle_name": "a",
    "phone_number": "+998935031999",
    "date_of_birth": "2025-04-01",
    "extra_number": null,
    "education_lang": "UZB",
    "student_type": "student",
    "edu_class": "SCHOOL",
    "edu_level": "10",
    "subject": "c147b7fa-4eb5-4880-88e2-fb8e0f7d2328",
    "ball": 0,
    "filial": 1,
    "marketing_channel": "680797ce-57ed-44dd-8f9a-795ec2fd54ba",
    "lid_stage_type": "ORDERED_LID",
    "lid_stages": "YANGI_LEAD",
    "is_expired": false,
    "ordered_stages": "BIRINCHI_DARS_BELGILANGAN",
    "is_archived": false,
    "is_dubl": false,
    "is_frozen": false,
    "call_operator": null,
    "is_student": false,
    "service_manager": [
      "+998949533500"
    ],
    "sales_manager": [
      "+998901148900"
    ],
    "ordered_date": "2025-04-22T14:56:52.547Z",
    "student": null,
    "balance": "0.00",
    "file": []
  }
},
{
  "model": "new_lid.lid",
  "pk": "5b6bb083-17e2-4155-bb00-4fd54fba42c8",
  "fields": {
    "created_at": "2025-04-22T14:27:32.025Z",
    "updated_at": "2025-04-22T14:53:13.834Z",
    "deleted_at": null,
    "sender_id": null,
    "message_text": null,
    "photo": null,
    "first_name": "Mohichexra",
    "last_name": "Anvarova",
    "middle_name": "a",
    "phone_number": "+998503014556",
    "date_of_birth": "2025-04-01",
    "extra_number": null,
    "education_lang": "UZB",
    "student_type": "student",
    "edu_class": "SCHOOL",
    "edu_level": "10",
    "subject": "c147b7fa-4eb5-4880-88e2-fb8e0f7d2328",
    "ball": 0,
    "filial": 1,
    "marketing_channel": "680797ce-57ed-44dd-8f9a-795ec2fd54ba",
    "lid_stage_type": "ORDERED_LID",
    "lid_stages": "YANGI_LEAD",
    "is_expired": false,
    "ordered_stages": "BIRINCHI_DARS_BELGILANGAN",
    "is_archived": false,
    "is_dubl": false,
    "is_frozen": false,
    "call_operator": null,
    "is_student": false,
    "service_manager": [
      "+998949533500"
    ],
    "sales_manager": [
      "+998901148900"
    ],
    "ordered_date": "2025-04-22T14:27:32.049Z",
    "student": null,
    "balance": "0.00",
    "file": []
  }
},
{
  "model": "new_lid.lid",
  "pk": "5cf72319-d3db-4f85-be8d-579c3a455ea1",
  "fields": {
    "created_at": "2025-04-22T14:55:48.775Z",
    "updated_at": "2025-04-22T14:59:44.410Z",
    "deleted_at": null,
    "sender_id": null,
    "message_text": null,
    "photo": null,
    "first_name": "Muyassar",
    "last_name": "Mominova",
    "middle_name": "aa",
    "phone_number": "+998901207714",
    "date_of_birth": "2025-04-01",
    "extra_number": null,
    "education_lang": "UZB",
    "student_type": "student",
    "edu_class": "SCHOOL",
    "edu_level": "10",
    "subject": "c147b7fa-4eb5-4880-88e2-fb8e0f7d2328",
    "ball": 0,
    "filial": 1,
    "marketing_channel": "680797ce-57ed-44dd-8f9a-795ec2fd54ba",
    "lid_stage_type": "ORDERED_LID",
    "lid_stages": "YANGI_LEAD",
    "is_expired": false,
    "ordered_stages": "BIRINCHI_DARS_BELGILANGAN",
    "is_archived": false,
    "is_dubl": false,
    "is_frozen": false,
    "call_operator": null,
    "is_student": false,
    "service_manager": [
      "+998949533500"
    ],
    "sales_manager": [
      "+998901148900"
    ],
    "ordered_date": "2025-04-22T14:55:48.792Z",
    "student": null,
    "balance": "0.00",
    "file": []
  }
},
{
  "model": "new_lid.lid",
  "pk": "5e1cc0ab-71a9-4ac9-9f93-1a6eefad8e54",
  "fields": {
    "created_at": "2025-04-22T15:05:25.114Z",
    "updated_at": "2025-04-22T15:10:32.630Z",
    "deleted_at": null,
    "sender_id": null,
    "message_text": null,
    "photo": null,
    "first_name": "Dilnura",
    "last_name": "Ravilova",
    "middle_name": "a",
    "phone_number": "+998900343517",
    "date_of_birth": "2025-04-01",
    "extra_number": null,
    "education_lang": "UZB",
    "student_type": "student",
    "edu_class": "SCHOOL",
    "edu_level": "10",
    "subject": "c147b7fa-4eb5-4880-88e2-fb8e0f7d2328",
    "ball": 0,
    "filial": 1,
    "marketing_channel": "680797ce-57ed-44dd-8f9a-795ec2fd54ba",
    "lid_stage_type": "ORDERED_LID",
    "lid_stages": "YANGI_LEAD",
    "is_expired": false,
    "ordered_stages": "BIRINCHI_DARS_BELGILANGAN",
    "is_archived": false,
    "is_dubl": false,
    "is_frozen": false,
    "call_operator": null,
    "is_student": false,
    "service_manager": [
      "+998949533500"
    ],
    "sales_manager": [
      "+998901148900"
    ],
    "ordered_date": "2025-04-22T15:05:25.135Z",
    "student": null,
    "balance": "0.00",
    "file": []
  }
},
{
  "model": "new_lid.lid",
  "pk": "5e5cc539-164d-4541-a7df-635b0d46efba",
  "fields": {
    "created_at": "2025-04-22T15:03:57.616Z",
    "updated_at": "2025-04-22T15:10:08.609Z",
    "deleted_at": null,
    "sender_id": null,
    "message_text": null,
    "photo": null,
    "first_name": "Abdusalom",
    "last_name": "Shermuhammedov",
    "middle_name": "a",
    "phone_number": "+998973337250",
    "date_of_birth": "2025-04-01",
    "extra_number": null,
    "education_lang": "UZB",
    "student_type": "student",
    "edu_class": "SCHOOL",
    "edu_level": "10",
    "subject": "c147b7fa-4eb5-4880-88e2-fb8e0f7d2328",
    "ball": 0,
    "filial": 1,
    "marketing_channel": "680797ce-57ed-44dd-8f9a-795ec2fd54ba",
    "lid_stage_type": "ORDERED_LID",
    "lid_stages": "YANGI_LEAD",
    "is_expired": false,
    "ordered_stages": "BIRINCHI_DARS_BELGILANGAN",
    "is_archived": false,
    "is_dubl": false,
    "is_frozen": false,
    "call_operator": null,
    "is_student": false,
    "service_manager": [
      "+998949533500"
    ],
    "sales_manager": [
      "+998901148900"
    ],
    "ordered_date": "2025-04-22T15:03:57.637Z",
    "student": null,
    "balance": "0.00",
    "file": []
  }
},
{
  "model": "new_lid.lid",
  "pk": "6700a663-93f5-48d8-8f94-d5ea10d8c00f",
  "fields": {
    "created_at": "2025-04-22T14:30:38.023Z",
    "updated_at": "2025-04-22T14:51:53.779Z",
    "deleted_at": null,
    "sender_id": null,
    "message_text": null,
    "photo": null,
    "first_name": "Munisa",
    "last_name": "Sadullayeva",
    "middle_name": "",
    "phone_number": "+998903295090",
    "date_of_birth": "2025-04-01",
    "extra_number": null,
    "education_lang": "UZB",
    "student_type": "student",
    "edu_class": "SCHOOL",
    "edu_level": "10",
    "subject": "c147b7fa-4eb5-4880-88e2-fb8e0f7d2328",
    "ball": 0,
    "filial": 1,
    "marketing_channel": "680797ce-57ed-44dd-8f9a-795ec2fd54ba",
    "lid_stage_type": "ORDERED_LID",
    "lid_stages": "YANGI_LEAD",
    "is_expired": false,
    "ordered_stages": "BIRINCHI_DARS_BELGILANGAN",
    "is_archived": false,
    "is_dubl": false,
    "is_frozen": false,
    "call_operator": null,
    "is_student": false,
    "service_manager": [
      "+998949533500"
    ],
    "sales_manager": [
      "+998901148900"
    ],
    "ordered_date": "2025-04-22T14:30:38.046Z",
    "student": null,
    "balance": "0.00",
    "file": []
  }
},
{
  "model": "new_lid.lid",
  "pk": "6e15c9c1-7d46-4d58-87c9-fa56cc66652e",
  "fields": {
    "created_at": "2025-04-22T14:31:23.273Z",
    "updated_at": "2025-04-22T14:51:23.715Z",
    "deleted_at": null,
    "sender_id": null,
    "message_text": null,
    "photo": null,
    "first_name": "Sora",
    "last_name": "Baxromova",
    "middle_name": "a",
    "phone_number": "+998998174559",
    "date_of_birth": "2025-04-01",
    "extra_number": null,
    "education_lang": "UZB",
    "student_type": "student",
    "edu_class": "SCHOOL",
    "edu_level": "10",
    "subject": "c147b7fa-4eb5-4880-88e2-fb8e0f7d2328",
    "ball": 0,
    "filial": 1,
    "marketing_channel": "680797ce-57ed-44dd-8f9a-795ec2fd54ba",
    "lid_stage_type": "ORDERED_LID",
    "lid_stages": "YANGI_LEAD",
    "is_expired": false,
    "ordered_stages": "BIRINCHI_DARS_BELGILANGAN",
    "is_archived": false,
    "is_dubl": false,
    "is_frozen": false,
    "call_operator": null,
    "is_student": false,
    "service_manager": [
      "+998949533500"
    ],
    "sales_manager": [
      "+998901148900"
    ],
    "ordered_date": "2025-04-22T14:31:23.294Z",
    "student": null,
    "balance": "0.00",
    "file": []
  }
},
{
  "model": "new_lid.lid",
  "pk": "737a70c4-866d-4e33-8857-cdb47bced096",
  "fields": {
    "created_at": "2025-04-22T14:28:02.065Z",
    "updated_at": "2025-04-22T14:53:00.816Z",
    "deleted_at": null,
    "sender_id": null,
    "message_text": null,
    "photo": null,
    "first_name": "Sadoqat",
    "last_name": "Abdumalikova",
    "middle_name": "a",
    "phone_number": "+998946585677",
    "date_of_birth": "2025-04-01",
    "extra_number": null,
    "education_lang": "UZB",
    "student_type": "student",
    "edu_class": "SCHOOL",
    "edu_level": "10",
    "subject": null,
    "ball": 0,
    "filial": 1,
    "marketing_channel": "680797ce-57ed-44dd-8f9a-795ec2fd54ba",
    "lid_stage_type": "ORDERED_LID",
    "lid_stages": "YANGI_LEAD",
    "is_expired": false,
    "ordered_stages": "BIRINCHI_DARS_BELGILANGAN",
    "is_archived": false,
    "is_dubl": false,
    "is_frozen": false,
    "call_operator": null,
    "is_student": false,
    "service_manager": [
      "+998949533500"
    ],
    "sales_manager": [
      "+998901148900"
    ],
    "ordered_date": "2025-04-22T14:28:02.090Z",
    "student": null,
    "balance": "0.00",
    "file": []
  }
},
{
  "model": "new_lid.lid",
  "pk": "73caa115-b212-4f4e-8496-1f7ac9e791ba",
  "fields": {
    "created_at": "2025-04-22T15:03:05.670Z",
    "updated_at": "2025-04-22T15:09:46.994Z",
    "deleted_at": null,
    "sender_id": null,
    "message_text": null,
    "photo": null,
    "first_name": "Ilhom",
    "last_name": "Ergashev",
    "middle_name": "a",
    "phone_number": "+998930378447",
    "date_of_birth": "2025-04-01",
    "extra_number": null,
    "education_lang": "UZB",
    "student_type": "student",
    "edu_class": "SCHOOL",
    "edu_level": "10",
    "subject": "c147b7fa-4eb5-4880-88e2-fb8e0f7d2328",
    "ball": 0,
    "filial": 1,
    "marketing_channel": "680797ce-57ed-44dd-8f9a-795ec2fd54ba",
    "lid_stage_type": "ORDERED_LID",
    "lid_stages": "YANGI_LEAD",
    "is_expired": false,
    "ordered_stages": "BIRINCHI_DARS_BELGILANGAN",
    "is_archived": false,
    "is_dubl": false,
    "is_frozen": false,
    "call_operator": null,
    "is_student": false,
    "service_manager": [
      "+998949533500"
    ],
    "sales_manager": [
      "+998901148900"
    ],
    "ordered_date": "2025-04-22T15:03:05.699Z",
    "student": null,
    "balance": "0.00",
    "file": []
  }
},
{
  "model": "new_lid.lid",
  "pk": "74c8cc86-4941-42a0-887f-90acfa898c00",
  "fields": {
    "created_at": "2025-04-22T14:25:49.417Z",
    "updated_at": "2025-04-22T14:53:50.765Z",
    "deleted_at": null,
    "sender_id": null,
    "message_text": null,
    "photo": null,
    "first_name": "Nilufar",
    "last_name": "Teshayeva",
    "middle_name": "a",
    "phone_number": "+998908128290",
    "date_of_birth": "2025-04-01",
    "extra_number": null,
    "education_lang": "UZB",
    "student_type": "student",
    "edu_class": "SCHOOL",
    "edu_level": "10",
    "subject": "c147b7fa-4eb5-4880-88e2-fb8e0f7d2328",
    "ball": 0,
    "filial": 1,
    "marketing_channel": "680797ce-57ed-44dd-8f9a-795ec2fd54ba",
    "lid_stage_type": "ORDERED_LID",
    "lid_stages": "YANGI_LEAD",
    "is_expired": false,
    "ordered_stages": "BIRINCHI_DARS_BELGILANGAN",
    "is_archived": false,
    "is_dubl": false,
    "is_frozen": false,
    "call_operator": null,
    "is_student": false,
    "service_manager": [
      "+998949533500"
    ],
    "sales_manager": [
      "+998901148900"
    ],
    "ordered_date": "2025-04-22T14:25:49.436Z",
    "student": null,
    "balance": "0.00",
    "file": []
  }
},
{
  "model": "new_lid.lid",
  "pk": "8d364a33-f2f2-4957-b4a5-9d2acb74b1da",
  "fields": {
    "created_at": "2025-04-22T15:11:58.761Z",
    "updated_at": "2025-04-22T15:12:39.857Z",
    "deleted_at": null,
    "sender_id": null,
    "message_text": null,
    "photo": null,
    "first_name": "Sevara opa",
    "last_name": "Otajonova",
    "middle_name": "a",
    "phone_number": "+998931753615",
    "date_of_birth": "2025-04-01",
    "extra_number": null,
    "education_lang": "UZB",
    "student_type": "student",
    "edu_class": "SCHOOL",
    "edu_level": "10",
    "subject": "c147b7fa-4eb5-4880-88e2-fb8e0f7d2328",
    "ball": 0,
    "filial": 1,
    "marketing_channel": "680797ce-57ed-44dd-8f9a-795ec2fd54ba",
    "lid_stage_type": "ORDERED_LID",
    "lid_stages": "YANGI_LEAD",
    "is_expired": false,
    "ordered_stages": "BIRINCHI_DARS_BELGILANGAN",
    "is_archived": false,
    "is_dubl": false,
    "is_frozen": false,
    "call_operator": null,
    "is_student": false,
    "service_manager": [
      "+998949533500"
    ],
    "sales_manager": [
      "+998901148900"
    ],
    "ordered_date": "2025-04-22T15:11:58.780Z",
    "student": null,
    "balance": "0.00",
    "file": []
  }
},
{
  "model": "new_lid.lid",
  "pk": "9002a218-93f9-4bdd-833c-b9d06bc04402",
  "fields": {
    "created_at": "2025-04-22T14:26:21.874Z",
    "updated_at": "2025-04-22T14:53:39.963Z",
    "deleted_at": null,
    "sender_id": null,
    "message_text": null,
    "photo": null,
    "first_name": "Shaxnoza",
    "last_name": "Tursunboyeva",
    "middle_name": "a",
    "phone_number": "+998909919773",
    "date_of_birth": "2025-04-01",
    "extra_number": null,
    "education_lang": "UZB",
    "student_type": "student",
    "edu_class": "SCHOOL",
    "edu_level": "10",
    "subject": "c147b7fa-4eb5-4880-88e2-fb8e0f7d2328",
    "ball": 0,
    "filial": 1,
    "marketing_channel": "680797ce-57ed-44dd-8f9a-795ec2fd54ba",
    "lid_stage_type": "ORDERED_LID",
    "lid_stages": "YANGI_LEAD",
    "is_expired": false,
    "ordered_stages": "BIRINCHI_DARS_BELGILANGAN",
    "is_archived": false,
    "is_dubl": false,
    "is_frozen": false,
    "call_operator": null,
    "is_student": false,
    "service_manager": [
      "+998949533500"
    ],
    "sales_manager": [
      "+998901148900"
    ],
    "ordered_date": "2025-04-22T14:26:21.892Z",
    "student": null,
    "balance": "0.00",
    "file": []
  }
},
{
  "model": "new_lid.lid",
  "pk": "90de3b43-8993-4131-81bc-da3b2c8e4e5b",
  "fields": {
    "created_at": "2025-04-22T14:56:20.701Z",
    "updated_at": "2025-04-22T15:00:30.907Z",
    "deleted_at": null,
    "sender_id": null,
    "message_text": null,
    "photo": null,
    "first_name": "Muzaffarbek",
    "last_name": "Ramazonov",
    "middle_name": "a",
    "phone_number": "+998943243456",
    "date_of_birth": "2025-04-01",
    "extra_number": null,
    "education_lang": "UZB",
    "student_type": "student",
    "edu_class": "SCHOOL",
    "edu_level": "10",
    "subject": "c147b7fa-4eb5-4880-88e2-fb8e0f7d2328",
    "ball": 0,
    "filial": 1,
    "marketing_channel": "680797ce-57ed-44dd-8f9a-795ec2fd54ba",
    "lid_stage_type": "ORDERED_LID",
    "lid_stages": "YANGI_LEAD",
    "is_expired": false,
    "ordered_stages": "BIRINCHI_DARS_BELGILANGAN",
    "is_archived": false,
    "is_dubl": false,
    "is_frozen": false,
    "call_operator": null,
    "is_student": false,
    "service_manager": [
      "+998949533500"
    ],
    "sales_manager": [
      "+998901148900"
    ],
    "ordered_date": "2025-04-22T14:56:20.719Z",
    "student": null,
    "balance": "0.00",
    "file": []
  }
},
{
  "model": "new_lid.lid",
  "pk": "939436ab-14b3-47fc-a18d-9e02a124a421",
  "fields": {
    "created_at": "2025-04-22T14:26:57.975Z",
    "updated_at": "2025-04-22T14:53:28.750Z",
    "deleted_at": null,
    "sender_id": null,
    "message_text": null,
    "photo": null,
    "first_name": "Rozigul",
    "last_name": "Yeseneva",
    "middle_name": "a",
    "phone_number": "+998770193045",
    "date_of_birth": "2025-04-01",
    "extra_number": null,
    "education_lang": "UZB",
    "student_type": "student",
    "edu_class": "SCHOOL",
    "edu_level": "10",
    "subject": "c147b7fa-4eb5-4880-88e2-fb8e0f7d2328",
    "ball": 0,
    "filial": 1,
    "marketing_channel": "680797ce-57ed-44dd-8f9a-795ec2fd54ba",
    "lid_stage_type": "ORDERED_LID",
    "lid_stages": "YANGI_LEAD",
    "is_expired": false,
    "ordered_stages": "BIRINCHI_DARS_BELGILANGAN",
    "is_archived": false,
    "is_dubl": false,
    "is_frozen": false,
    "call_operator": null,
    "is_student": false,
    "service_manager": [
      "+998949533500"
    ],
    "sales_manager": [
      "+998901148900"
    ],
    "ordered_date": "2025-04-22T14:26:58.001Z",
    "student": null,
    "balance": "0.00",
    "file": []
  }
},
{
  "model": "new_lid.lid",
  "pk": "d0050f1c-d786-40c1-b59e-83a070b16c89",
  "fields": {
    "created_at": "2025-04-22T14:57:49.810Z",
    "updated_at": "2025-04-22T15:00:13.296Z",
    "deleted_at": null,
    "sender_id": null,
    "message_text": null,
    "photo": null,
    "first_name": "Mohinur",
    "last_name": "Musayeva",
    "middle_name": "a",
    "phone_number": "+998909316616",
    "date_of_birth": "2025-04-01",
    "extra_number": null,
    "education_lang": "UZB",
    "student_type": "student",
    "edu_class": "SCHOOL",
    "edu_level": "10",
    "subject": "c147b7fa-4eb5-4880-88e2-fb8e0f7d2328",
    "ball": 0,
    "filial": 1,
    "marketing_channel": "680797ce-57ed-44dd-8f9a-795ec2fd54ba",
    "lid_stage_type": "ORDERED_LID",
    "lid_stages": "YANGI_LEAD",
    "is_expired": false,
    "ordered_stages": "BIRINCHI_DARS_BELGILANGAN",
    "is_archived": false,
    "is_dubl": false,
    "is_frozen": false,
    "call_operator": null,
    "is_student": false,
    "service_manager": [
      "+998949533500"
    ],
    "sales_manager": [
      "+998901148900"
    ],
    "ordered_date": "2025-04-22T14:57:49.826Z",
    "student": null,
    "balance": "0.00",
    "file": []
  }
},
{
  "model": "new_lid.lid",
  "pk": "d6d6ad01-c81f-4af0-9420-480de2e6cc21",
  "fields": {
    "created_at": "2025-04-22T15:11:28.514Z",
    "updated_at": "2025-04-22T15:12:43.375Z",
    "deleted_at": null,
    "sender_id": null,
    "message_text": null,
    "photo": null,
    "first_name": "Kumush",
    "last_name": "Mehmonqulova",
    "middle_name": "a",
    "phone_number": "+998948027377",
    "date_of_birth": "2025-04-01",
    "extra_number": null,
    "education_lang": "UZB",
    "student_type": "student",
    "edu_class": "SCHOOL",
    "edu_level": "10",
    "subject": "c147b7fa-4eb5-4880-88e2-fb8e0f7d2328",
    "ball": 0,
    "filial": 1,
    "marketing_channel": "680797ce-57ed-44dd-8f9a-795ec2fd54ba",
    "lid_stage_type": "ORDERED_LID",
    "lid_stages": "YANGI_LEAD",
    "is_expired": false,
    "ordered_stages": "BIRINCHI_DARS_BELGILANGAN",
    "is_archived": false,
    "is_dubl": false,
    "is_frozen": false,
    "call_operator": null,
    "is_student": false,
    "service_manager": [
      "+998949533500"
    ],
    "sales_manager": [
      "+998901148900"
    ],
    "ordered_date": "2025-04-22T15:11:28.536Z",
    "student": null,
    "balance": "0.00",
    "file": []
  }
},
{
  "model": "new_lid.lid",
  "pk": "d6e9d047-e097-418a-8e24-569b1b0d65e3",
  "fields": {
    "created_at": "2025-04-22T15:04:48.063Z",
    "updated_at": "2025-04-22T15:10:24.763Z",
    "deleted_at": null,
    "sender_id": null,
    "message_text": null,
    "photo": null,
    "first_name": "Abduraxmon",
    "last_name": "Baxtiyorov",
    "middle_name": "a",
    "phone_number": "+998993038159",
    "date_of_birth": "2025-04-01",
    "extra_number": null,
    "education_lang": "UZB",
    "student_type": "student",
    "edu_class": "SCHOOL",
    "edu_level": "10",
    "subject": "c147b7fa-4eb5-4880-88e2-fb8e0f7d2328",
    "ball": 0,
    "filial": 1,
    "marketing_channel": "680797ce-57ed-44dd-8f9a-795ec2fd54ba",
    "lid_stage_type": "ORDERED_LID",
    "lid_stages": "YANGI_LEAD",
    "is_expired": false,
    "ordered_stages": "BIRINCHI_DARS_BELGILANGAN",
    "is_archived": false,
    "is_dubl": false,
    "is_frozen": false,
    "call_operator": null,
    "is_student": false,
    "service_manager": [
      "+998949533500"
    ],
    "sales_manager": [
      "+998901148900"
    ],
    "ordered_date": "2025-04-22T15:04:48.095Z",
    "student": null,
    "balance": "0.00",
    "file": []
  }
},
{
  "model": "new_lid.lid",
  "pk": "ecaa602d-cc91-40e4-805d-5145780f2d1f",
  "fields": {
    "created_at": "2025-04-22T15:04:23.511Z",
    "updated_at": "2025-04-22T15:10:16.221Z",
    "deleted_at": null,
    "sender_id": null,
    "message_text": null,
    "photo": null,
    "first_name": "Dilrabo",
    "last_name": "To`rayeva",
    "middle_name": "a",
    "phone_number": "+998912399545",
    "date_of_birth": "2025-04-01",
    "extra_number": null,
    "education_lang": "UZB",
    "student_type": "student",
    "edu_class": "SCHOOL",
    "edu_level": "10",
    "subject": "c147b7fa-4eb5-4880-88e2-fb8e0f7d2328",
    "ball": 0,
    "filial": 1,
    "marketing_channel": "680797ce-57ed-44dd-8f9a-795ec2fd54ba",
    "lid_stage_type": "ORDERED_LID",
    "lid_stages": "YANGI_LEAD",
    "is_expired": false,
    "ordered_stages": "BIRINCHI_DARS_BELGILANGAN",
    "is_archived": false,
    "is_dubl": false,
    "is_frozen": false,
    "call_operator": null,
    "is_student": false,
    "service_manager": [
      "+998949533500"
    ],
    "sales_manager": [
      "+998901148900"
    ],
    "ordered_date": "2025-04-22T15:04:23.535Z",
    "student": null,
    "balance": "0.00",
    "file": []
  }
},
{
  "model": "new_lid.lid",
  "pk": "efeed4b9-e50a-48d3-bbbc-aa083b9f64c9",
  "fields": {
    "created_at": "2025-04-22T14:55:09.602Z",
    "updated_at": "2025-04-22T15:00:38.483Z",
    "deleted_at": null,
    "sender_id": null,
    "message_text": null,
    "photo": null,
    "first_name": "Nasiba",
    "last_name": "Murodxojayeva",
    "middle_name": "aa",
    "phone_number": "+998917705655",
    "date_of_birth": "2025-04-01",
    "extra_number": null,
    "education_lang": "UZB",
    "student_type": "student",
    "edu_class": "SCHOOL",
    "edu_level": "10",
    "subject": "c147b7fa-4eb5-4880-88e2-fb8e0f7d2328",
    "ball": 0,
    "filial": 1,
    "marketing_channel": "680797ce-57ed-44dd-8f9a-795ec2fd54ba",
    "lid_stage_type": "ORDERED_LID",
    "lid_stages": "YANGI_LEAD",
    "is_expired": false,
    "ordered_stages": "BIRINCHI_DARS_BELGILANGAN",
    "is_archived": false,
    "is_dubl": false,
    "is_frozen": false,
    "call_operator": null,
    "is_student": false,
    "service_manager": [
      "+998949533500"
    ],
    "sales_manager": [
      "+998901148900"
    ],
    "ordered_date": "2025-04-22T14:55:09.623Z",
    "student": null,
    "balance": "0.00",
    "file": []
  }
},
{
  "model": "new_lid.lid",
  "pk": "f4f1839e-d32b-44d1-8eda-855c6d68fb63",
  "fields": {
    "created_at": "2025-04-22T14:28:34.057Z",
    "updated_at": "2025-04-22T14:52:37.263Z",
    "deleted_at": null,
    "sender_id": null,
    "message_text": null,
    "photo": null,
    "first_name": "Muslima",
    "last_name": "Nabiyeva",
    "middle_name": "a",
    "phone_number": "+998908151511",
    "date_of_birth": "2025-04-01",
    "extra_number": null,
    "education_lang": "UZB",
    "student_type": "student",
    "edu_class": "SCHOOL",
    "edu_level": "10",
    "subject": "c147b7fa-4eb5-4880-88e2-fb8e0f7d2328",
    "ball": 0,
    "filial": 1,
    "marketing_channel": "680797ce-57ed-44dd-8f9a-795ec2fd54ba",
    "lid_stage_type": "ORDERED_LID",
    "lid_stages": "YANGI_LEAD",
    "is_expired": false,
    "ordered_stages": "BIRINCHI_DARS_BELGILANGAN",
    "is_archived": false,
    "is_dubl": false,
    "is_frozen": false,
    "call_operator": null,
    "is_student": false,
    "service_manager": [
      "+998949533500"
    ],
    "sales_manager": [
      "+998901148900"
    ],
    "ordered_date": "2025-04-22T14:28:34.074Z",
    "student": null,
    "balance": "0.00",
    "file": []
  }
},
{
  "model": "student.fistlesson_data",
  "pk": "0430f04e-32c4-4ada-9abe-5e97af750281",
  "fields": {
    "filial": null,
    "created_at": "2025-04-22T14:38:46.788Z",
    "updated_at": "2025-04-22T14:38:46.788Z",
    "deleted_at": null,
    "teacher": null,
    "group": null,
    "lesson_date": null,
    "level": null,
    "lid": "6700a663-93f5-48d8-8f94-d5ea10d8c00f"
  }
},
{
  "model": "student.fistlesson_data",
  "pk": "0da6abef-1390-4ef9-a6d3-eb791b2be9ed",
  "fields": {
    "filial": null,
    "created_at": "2025-04-22T14:59:44.381Z",
    "updated_at": "2025-04-22T14:59:44.382Z",
    "deleted_at": null,
    "teacher": [
      "+998500752700"
    ],
    "group": "a0a5e2bf-0c3d-48c5-8931-876e7b26507d",
    "lesson_date": "2025-04-22T19:00:00Z",
    "level": null,
    "lid": "5cf72319-d3db-4f85-be8d-579c3a455ea1"
  }
},
{
  "model": "student.fistlesson_data",
  "pk": "1a2a08d8-08b4-40eb-94bb-585665fe3256",
  "fields": {
    "filial": null,
    "created_at": "2025-04-22T14:39:32.231Z",
    "updated_at": "2025-04-22T14:39:32.231Z",
    "deleted_at": null,
    "teacher": null,
    "group": null,
    "lesson_date": null,
    "level": null,
    "lid": "939436ab-14b3-47fc-a18d-9e02a124a421"
  }
},
{
  "model": "student.fistlesson_data",
  "pk": "4d4c0905-e44c-438f-8f20-3747efe3ae91",
  "fields": {
    "filial": null,
    "created_at": "2025-04-22T15:00:38.449Z",
    "updated_at": "2025-04-22T15:00:38.450Z",
    "deleted_at": null,
    "teacher": [
      "+998500752700"
    ],
    "group": "a0a5e2bf-0c3d-48c5-8931-876e7b26507d",
    "lesson_date": "2025-04-22T19:00:00Z",
    "level": null,
    "lid": "efeed4b9-e50a-48d3-bbbc-aa083b9f64c9"
  }
},
{
  "model": "student.fistlesson_data",
  "pk": "4e068bda-eb78-46f9-9271-13ab5dc23228",
  "fields": {
    "filial": null,
    "created_at": "2025-04-22T15:10:16.176Z",
    "updated_at": "2025-04-22T15:10:16.176Z",
    "deleted_at": null,
    "teacher": [
      "+998500752700"
    ],
    "group": "b00d4949-14d5-41a3-b800-64ba7c60f613",
    "lesson_date": "2025-04-23T19:00:00Z",
    "level": null,
    "lid": "ecaa602d-cc91-40e4-805d-5145780f2d1f"
  }
},
{
  "model": "student.fistlesson_data",
  "pk": "5dad6faf-2157-454c-a0bd-9c15af95bf4a",
  "fields": {
    "filial": null,
    "created_at": "2025-04-22T15:00:13.263Z",
    "updated_at": "2025-04-22T15:00:13.264Z",
    "deleted_at": null,
    "teacher": [
      "+998500752700"
    ],
    "group": "a0a5e2bf-0c3d-48c5-8931-876e7b26507d",
    "lesson_date": "2025-04-22T19:00:00Z",
    "level": null,
    "lid": "d0050f1c-d786-40c1-b59e-83a070b16c89"
  }
},
{
  "model": "student.fistlesson_data",
  "pk": "5ec21bdd-4c60-43e5-9fce-df73835ed680",
  "fields": {
    "filial": null,
    "created_at": "2025-04-22T14:39:05.636Z",
    "updated_at": "2025-04-22T14:39:05.637Z",
    "deleted_at": null,
    "teacher": null,
    "group": null,
    "lesson_date": null,
    "level": null,
    "lid": "f4f1839e-d32b-44d1-8eda-855c6d68fb63"
  }
},
{
  "model": "student.fistlesson_data",
  "pk": "620dd3bb-171e-4752-8f6b-327223d9cfcd",
  "fields": {
    "filial": null,
    "created_at": "2025-04-22T15:09:46.972Z",
    "updated_at": "2025-04-22T15:09:46.973Z",
    "deleted_at": null,
    "teacher": [
      "+998500752700"
    ],
    "group": "b00d4949-14d5-41a3-b800-64ba7c60f613",
    "lesson_date": "2025-04-23T19:00:00Z",
    "level": null,
    "lid": "73caa115-b212-4f4e-8496-1f7ac9e791ba"
  }
},
{
  "model": "student.fistlesson_data",
  "pk": "68a11938-f196-4c0f-ac7a-18bccea191e1",
  "fields": {
    "filial": null,
    "created_at": "2025-04-22T15:09:54.392Z",
    "updated_at": "2025-04-22T15:09:54.393Z",
    "deleted_at": null,
    "teacher": [
      "+998500752700"
    ],
    "group": "b00d4949-14d5-41a3-b800-64ba7c60f613",
    "lesson_date": "2025-04-23T19:00:00Z",
    "level": null,
    "lid": "03668d21-75ab-4b33-9355-79d1a298f8e2"
  }
},
{
  "model": "student.fistlesson_data",
  "pk": "692975c9-6872-48bd-bb18-2abc517e0bfb",
  "fields": {
    "filial": null,
    "created_at": "2025-04-22T14:39:55.222Z",
    "updated_at": "2025-04-22T14:39:55.222Z",
    "deleted_at": null,
    "teacher": null,
    "group": null,
    "lesson_date": null,
    "level": null,
    "lid": "3c671aa8-ec9f-4afb-a616-e7a8eca5da96"
  }
},
{
  "model": "student.fistlesson_data",
  "pk": "7d8821fe-19dd-4997-9544-5acc67a33459",
  "fields": {
    "filial": null,
    "created_at": "2025-04-22T15:10:24.710Z",
    "updated_at": "2025-04-22T15:10:24.710Z",
    "deleted_at": null,
    "teacher": [
      "+998500752700"
    ],
    "group": "b00d4949-14d5-41a3-b800-64ba7c60f613",
    "lesson_date": "2025-04-23T19:00:00Z",
    "level": null,
    "lid": "d6e9d047-e097-418a-8e24-569b1b0d65e3"
  }
},
{
  "model": "student.fistlesson_data",
  "pk": "8080366f-c103-4f4f-bdf4-52247cf4757a",
  "fields": {
    "filial": null,
    "created_at": "2025-04-22T14:39:16.308Z",
    "updated_at": "2025-04-22T14:39:16.309Z",
    "deleted_at": null,
    "teacher": null,
    "group": null,
    "lesson_date": null,
    "level": null,
    "lid": "737a70c4-866d-4e33-8857-cdb47bced096"
  }
},
{
  "model": "student.fistlesson_data",
  "pk": "8c8b37f0-d99b-4910-9e60-6b9932ecee71",
  "fields": {
    "filial": null,
    "created_at": "2025-04-22T15:10:40.570Z",
    "updated_at": "2025-04-22T15:10:40.570Z",
    "deleted_at": null,
    "teacher": [
      "+998500752700"
    ],
    "group": "b00d4949-14d5-41a3-b800-64ba7c60f613",
    "lesson_date": "2025-04-23T19:00:00Z",
    "level": null,
    "lid": "1e8176d6-9df9-4fa7-8c77-cf4d86abacbc"
  }
},
{
  "model": "student.fistlesson_data",
  "pk": "8d764de5-5f1f-4fb5-8293-03bc249ea839",
  "fields": {
    "filial": null,
    "created_at": "2025-04-22T15:10:01.460Z",
    "updated_at": "2025-04-22T15:10:08.639Z",
    "deleted_at": null,
    "teacher": [
      "+998500752700"
    ],
    "group": "b00d4949-14d5-41a3-b800-64ba7c60f613",
    "lesson_date": "2025-04-23T19:00:00Z",
    "level": null,
    "lid": "5e5cc539-164d-4541-a7df-635b0d46efba"
  }
},
{
  "model": "student.fistlesson_data",
  "pk": "955db2c3-161a-48b8-86c2-0d711979e26d",
  "fields": {
    "filial": null,
    "created_at": "2025-04-22T15:12:32.931Z",
    "updated_at": "2025-04-22T15:12:32.932Z",
    "deleted_at": null,
    "teacher": [
      "+998500752700"
    ],
    "group": "4b95b374-64ac-4780-8903-6c27a96f2fd0",
    "lesson_date": "2025-04-23T19:00:00Z",
    "level": null,
    "lid": "8d364a33-f2f2-4957-b4a5-9d2acb74b1da"
  }
},
{
  "model": "student.fistlesson_data",
  "pk": "a01893c7-fce8-4014-aafc-22514cbcec2d",
  "fields": {
    "filial": null,
    "created_at": "2025-04-22T14:38:55.059Z",
    "updated_at": "2025-04-22T14:38:55.060Z",
    "deleted_at": null,
    "teacher": null,
    "group": null,
    "lesson_date": null,
    "level": null,
    "lid": "3785d02e-d5aa-434a-936f-aa4e42169ff4"
  }
},
{
  "model": "student.fistlesson_data",
  "pk": "b69d173d-e8e8-4231-bc05-3ba332f617b5",
  "fields": {
    "filial": null,
    "created_at": "2025-04-22T15:10:47.053Z",
    "updated_at": "2025-04-22T15:10:47.053Z",
    "deleted_at": null,
    "teacher": [
      "+998500752700"
    ],
    "group": "b00d4949-14d5-41a3-b800-64ba7c60f613",
    "lesson_date": "2025-04-23T19:00:00Z",
    "level": null,
    "lid": "52aa599f-2eb2-4528-bdc5-0383c08a58c1"
  }
},
{
  "model": "student.fistlesson_data",
  "pk": "bb7f4828-a33a-4f1f-93f1-f7e0b3676675",
  "fields": {
    "filial": null,
    "created_at": "2025-04-22T14:37:35.825Z",
    "updated_at": "2025-04-22T14:51:07.698Z",
    "deleted_at": null,
    "teacher": [
      "+998500752700"
    ],
    "group": "b63cbf33-e0d5-4641-b7a6-caa09262ca35",
    "lesson_date": "2025-04-23T19:00:00Z",
    "level": null,
    "lid": "6e15c9c1-7d46-4d58-87c9-fa56cc66652e"
  }
},
{
  "model": "student.fistlesson_data",
  "pk": "cbeee818-3f4d-428c-bdc5-0887c626a492",
  "fields": {
    "filial": null,
    "created_at": "2025-04-22T15:12:19.009Z",
    "updated_at": "2025-04-22T15:12:19.010Z",
    "deleted_at": null,
    "teacher": [
      "+998500752700"
    ],
    "group": "4b95b374-64ac-4780-8903-6c27a96f2fd0",
    "lesson_date": "2025-04-23T19:00:00Z",
    "level": null,
    "lid": "d6d6ad01-c81f-4af0-9420-480de2e6cc21"
  }
},
{
  "model": "student.fistlesson_data",
  "pk": "d6da7ceb-eadb-4eca-be77-6d86e38fb983",
  "fields": {
    "filial": null,
    "created_at": "2025-04-22T14:39:48.624Z",
    "updated_at": "2025-04-22T14:39:48.625Z",
    "deleted_at": null,
    "teacher": null,
    "group": null,
    "lesson_date": null,
    "level": null,
    "lid": "74c8cc86-4941-42a0-887f-90acfa898c00"
  }
},
{
  "model": "student.fistlesson_data",
  "pk": "dce845db-f12e-430c-93d8-8478b0e4953a",
  "fields": {
    "filial": null,
    "created_at": "2025-04-22T15:00:22.549Z",
    "updated_at": "2025-04-22T15:00:22.550Z",
    "deleted_at": null,
    "teacher": [
      "+998500752700"
    ],
    "group": "a0a5e2bf-0c3d-48c5-8931-876e7b26507d",
    "lesson_date": "2025-04-22T19:00:00Z",
    "level": null,
    "lid": "5a241da2-50d7-4366-a62a-90b0f235ca94"
  }
},
{
  "model": "student.fistlesson_data",
  "pk": "ed253e21-c7d4-4d27-9a41-cb338eb1aba9",
  "fields": {
    "filial": null,
    "created_at": "2025-04-22T15:00:30.883Z",
    "updated_at": "2025-04-22T15:00:30.884Z",
    "deleted_at": null,
    "teacher": [
      "+998500752700"
    ],
    "group": "a0a5e2bf-0c3d-48c5-8931-876e7b26507d",
    "lesson_date": "2025-04-22T19:00:00Z",
    "level": null,
    "lid": "90de3b43-8993-4131-81bc-da3b2c8e4e5b"
  }
},
{
  "model": "student.fistlesson_data",
  "pk": "f2ecf7d5-116b-4d62-9d0c-5cbf51d8ec1a",
  "fields": {
    "filial": null,
    "created_at": "2025-04-22T14:39:23.194Z",
    "updated_at": "2025-04-22T14:39:23.194Z",
    "deleted_at": null,
    "teacher": null,
    "group": null,
    "lesson_date": null,
    "level": null,
    "lid": "5b6bb083-17e2-4155-bb00-4fd54fba42c8"
  }
},
{
  "model": "student.fistlesson_data",
  "pk": "f4f22ecc-5163-4fda-b415-20928265b068",
  "fields": {
    "filial": null,
    "created_at": "2025-04-22T14:39:41.057Z",
    "updated_at": "2025-04-22T14:39:41.057Z",
    "deleted_at": null,
    "teacher": null,
    "group": null,
    "lesson_date": null,
    "level": null,
    "lid": "9002a218-93f9-4bdd-833c-b9d06bc04402"
  }
},
{
  "model": "student.fistlesson_data",
  "pk": "f9c84a76-e98a-43b9-af0e-1a661ed929c7",
  "fields": {
    "filial": null,
    "created_at": "2025-04-22T15:10:32.572Z",
    "updated_at": "2025-04-22T15:10:32.573Z",
    "deleted_at": null,
    "teacher": [
      "+998500752700"
    ],
    "group": "b00d4949-14d5-41a3-b800-64ba7c60f613",
    "lesson_date": "2025-04-23T19:00:00Z",
    "level": null,
    "lid": "5e1cc0ab-71a9-4ac9-9f93-1a6eefad8e54"
  }
},
{
  "model": "groups.group",
  "pk": "4b95b374-64ac-4780-8903-6c27a96f2fd0",
  "fields": {
    "filial": 1,
    "created_at": "2025-04-22T14:23:25.284Z",
    "updated_at": "2025-04-22T14:23:30.219Z",
    "deleted_at": null,
    "name": "I B K J - 18:00-20:00",
    "course": "c1cacd4b-428e-4a7e-89a8-5974af999cbc",
    "level": null,
    "teacher": [
      "+998500752700"
    ],
    "secondary_teacher": [
      "+998947481206"
    ],
    "status": "ACTIVE",
    "room_number": "6ea808e2-9e2c-41f9-9db9-502757ee6345",
    "price_type": "MONTHLY",
    "price": 600000.0,
    "is_secondary": true,
    "started_at": "18:00:00",
    "ended_at": "20:00:00",
    "start_date": "2025-04-21T19:00:00Z",
    "finish_date": "2025-10-21T19:00:00Z",
    "comment": null,
    "scheduled_day_type": [
      "edb44089-b569-4103-80c7-b89e2f074b00",
      "e1e098f4-6f0a-47b9-ac8c-29e5aba7f6ae",
      "133195de-b1b1-4ffe-a92d-8d421a70b288"
    ]
  }
},
{
  "model": "groups.group",
  "pk": "a0a5e2bf-0c3d-48c5-8931-876e7b26507d",
  "fields": {
    "filial": 1,
    "created_at": "2025-04-22T14:22:11.568Z",
    "updated_at": "2025-04-22T14:22:19.275Z",
    "deleted_at": null,
    "name": "I B K T 14:00-16:00",
    "course": "c1cacd4b-428e-4a7e-89a8-5974af999cbc",
    "level": null,
    "teacher": [
      "+998500752700"
    ],
    "secondary_teacher": [
      "+998947481206"
    ],
    "status": "ACTIVE",
    "room_number": "b1f73ebb-662d-462a-b9c0-16179dc657f5",
    "price_type": "MONTHLY",
    "price": 600000.0,
    "is_secondary": true,
    "started_at": "14:00:00",
    "ended_at": "16:00:00",
    "start_date": "2025-04-21T19:00:00Z",
    "finish_date": "2025-11-21T19:00:00Z",
    "comment": null,
    "scheduled_day_type": [
      "b6e2e0f4-e643-47a6-9fc3-6f04dc694f4f",
      "349d9370-d88f-40d2-9ec4-a103873da563",
      "480d47e1-2ada-499a-b527-46d2a1104f05"
    ]
  }
},
{
  "model": "groups.group",
  "pk": "b00d4949-14d5-41a3-b800-64ba7c60f613",
  "fields": {
    "filial": 1,
    "created_at": "2025-04-22T15:02:02.420Z",
    "updated_at": "2025-04-22T15:02:08.669Z",
    "deleted_at": null,
    "name": "I B K J -  16:00-18:00",
    "course": "c1cacd4b-428e-4a7e-89a8-5974af999cbc",
    "level": null,
    "teacher": [
      "+998500752700"
    ],
    "secondary_teacher": [
      "+998947481206"
    ],
    "status": "ACTIVE",
    "room_number": "b1f73ebb-662d-462a-b9c0-16179dc657f5",
    "price_type": "MONTHLY",
    "price": 600000.0,
    "is_secondary": true,
    "started_at": "16:00:00",
    "ended_at": "18:00:00",
    "start_date": "2025-04-21T19:00:00Z",
    "finish_date": "2025-11-21T19:00:00Z",
    "comment": null,
    "scheduled_day_type": [
      "edb44089-b569-4103-80c7-b89e2f074b00",
      "e1e098f4-6f0a-47b9-ac8c-29e5aba7f6ae",
      "133195de-b1b1-4ffe-a92d-8d421a70b288"
    ]
  }
},
{
  "model": "groups.group",
  "pk": "b63cbf33-e0d5-4641-b7a6-caa09262ca35",
  "fields": {
    "filial": 1,
    "created_at": "2025-04-22T13:27:06.599Z",
    "updated_at": "2025-04-22T13:28:46.392Z",
    "deleted_at": null,
    "name": "I B K J - 14:00-16:00",
    "course": "c1cacd4b-428e-4a7e-89a8-5974af999cbc",
    "level": null,
    "teacher": [
      "+998500752700"
    ],
    "secondary_teacher": [
      "+998947481206"
    ],
    "status": "ACTIVE",
    "room_number": "6ea808e2-9e2c-41f9-9db9-502757ee6345",
    "price_type": "MONTHLY",
    "price": 600000.0,
    "is_secondary": true,
    "started_at": "14:00:00",
    "ended_at": "16:00:00",
    "start_date": "2025-04-21T19:00:00Z",
    "finish_date": "2025-11-21T19:00:00Z",
    "comment": null,
    "scheduled_day_type": [
      "edb44089-b569-4103-80c7-b89e2f074b00",
      "e1e098f4-6f0a-47b9-ac8c-29e5aba7f6ae",
      "133195de-b1b1-4ffe-a92d-8d421a70b288"
    ]
  }
},
{
  "model": "groups.secondarygroup",
  "pk": "02231219-36f0-47f8-80c4-cf8ab133e46a",
  "fields": {
    "filial": null,
    "created_at": "2025-04-22T13:28:46.397Z",
    "updated_at": "2025-04-22T13:28:46.397Z",
    "deleted_at": null,
    "name": "I B K J - 14:00-16:00 ning yordamchi guruhi",
    "group": "b63cbf33-e0d5-4641-b7a6-caa09262ca35",
    "teacher": [
      "+998947481206"
    ],
    "status": "PENDING",
    "started_at": "13:28:46.397",
    "ended_at": "13:28:46.397",
    "start_date": "2025-04-22T13:28:46.397Z",
    "finish_date": "2025-04-22T13:28:46.397Z",
    "comment": null,
    "scheduled_day_type": []
  }
},
{
  "model": "groups.secondarygroup",
  "pk": "41171742-f5fb-44d2-8e89-f646e8a0e24d",
  "fields": {
    "filial": 1,
    "created_at": "2025-04-22T15:02:02.431Z",
    "updated_at": "2025-04-22T15:02:02.440Z",
    "deleted_at": null,
    "name": "I B K J -  16:00-18:00 ning yordamchi guruhi",
    "group": "b00d4949-14d5-41a3-b800-64ba7c60f613",
    "teacher": [
      "+998947481206"
    ],
    "status": "PENDING",
    "started_at": "15:02:02.431",
    "ended_at": "15:02:02.431",
    "start_date": "2025-04-22T15:02:02.431Z",
    "finish_date": "2025-04-22T15:02:02.431Z",
    "comment": null,
    "scheduled_day_type": []
  }
},
{
  "model": "groups.secondarygroup",
  "pk": "68300e82-44fb-4b23-b663-1ee261af5abb",
  "fields": {
    "filial": 1,
    "created_at": "2025-04-22T14:22:11.575Z",
    "updated_at": "2025-04-22T14:22:11.582Z",
    "deleted_at": null,
    "name": "I B K T 14:00-16:00 ning yordamchi guruhi",
    "group": "a0a5e2bf-0c3d-48c5-8931-876e7b26507d",
    "teacher": [
      "+998947481206"
    ],
    "status": "PENDING",
    "started_at": "14:22:11.575",
    "ended_at": "14:22:11.575",
    "start_date": "2025-04-22T14:22:11.575Z",
    "finish_date": "2025-04-22T14:22:11.575Z",
    "comment": null,
    "scheduled_day_type": []
  }
},
{
  "model": "groups.secondarygroup",
  "pk": "74b19392-3228-40a4-bc57-a79e7b1737a8",
  "fields": {
    "filial": 1,
    "created_at": "2025-04-22T13:27:06.608Z",
    "updated_at": "2025-04-22T13:27:06.614Z",
    "deleted_at": null,
    "name": "I B K J - 14:00-16:00 ning yordamchi guruhi",
    "group": "b63cbf33-e0d5-4641-b7a6-caa09262ca35",
    "teacher": [
      "+998947481206"
    ],
    "status": "PENDING",
    "started_at": "13:27:06.608",
    "ended_at": "13:27:06.608",
    "start_date": "2025-04-22T13:27:06.608Z",
    "finish_date": "2025-04-22T13:27:06.608Z",
    "comment": null,
    "scheduled_day_type": []
  }
},
{
  "model": "groups.secondarygroup",
  "pk": "99223c94-d1c4-4fe5-85ba-0336ae4517d4",
  "fields": {
    "filial": null,
    "created_at": "2025-04-22T13:27:17.390Z",
    "updated_at": "2025-04-22T13:27:17.391Z",
    "deleted_at": null,
    "name": "I B K J - 14:00-16:00 ning yordamchi guruhi",
    "group": "b63cbf33-e0d5-4641-b7a6-caa09262ca35",
    "teacher": [
      "+998947481206"
    ],
    "status": "PENDING",
    "started_at": "13:27:17.390",
    "ended_at": "13:27:17.390",
    "start_date": "2025-04-22T13:27:17.390Z",
    "finish_date": "2025-04-22T13:27:17.390Z",
    "comment": null,
    "scheduled_day_type": []
  }
},
{
  "model": "groups.secondarygroup",
  "pk": "a7ae1661-e413-4dd7-8456-2dbc4b760666",
  "fields": {
    "filial": null,
    "created_at": "2025-04-22T13:27:12.225Z",
    "updated_at": "2025-04-22T13:27:12.225Z",
    "deleted_at": null,
    "name": "I B K J - 14:00-16:00 ning yordamchi guruhi",
    "group": "b63cbf33-e0d5-4641-b7a6-caa09262ca35",
    "teacher": [
      "+998947481206"
    ],
    "status": "PENDING",
    "started_at": "13:27:12.225",
    "ended_at": "13:27:12.225",
    "start_date": "2025-04-22T13:27:12.225Z",
    "finish_date": "2025-04-22T13:27:12.225Z",
    "comment": null,
    "scheduled_day_type": []
  }
},
{
  "model": "groups.secondarygroup",
  "pk": "b1ec0e18-23fd-438e-92bd-5cc4875aa9f8",
  "fields": {
    "filial": null,
    "created_at": "2025-04-22T15:02:08.672Z",
    "updated_at": "2025-04-22T15:02:08.673Z",
    "deleted_at": null,
    "name": "I B K J -  16:00-18:00 ning yordamchi guruhi",
    "group": "b00d4949-14d5-41a3-b800-64ba7c60f613",
    "teacher": [
      "+998947481206"
    ],
    "status": "PENDING",
    "started_at": "15:02:08.672",
    "ended_at": "15:02:08.672",
    "start_date": "2025-04-22T15:02:08.672Z",
    "finish_date": "2025-04-22T15:02:08.672Z",
    "comment": null,
    "scheduled_day_type": []
  }
},
{
  "model": "groups.secondarygroup",
  "pk": "bd479082-a3b9-4d54-b4a7-1751ce7c4dbb",
  "fields": {
    "filial": null,
    "created_at": "2025-04-22T14:22:19.278Z",
    "updated_at": "2025-04-22T14:22:19.278Z",
    "deleted_at": null,
    "name": "I B K T 14:00-16:00 ning yordamchi guruhi",
    "group": "a0a5e2bf-0c3d-48c5-8931-876e7b26507d",
    "teacher": [
      "+998947481206"
    ],
    "status": "PENDING",
    "started_at": "14:22:19.278",
    "ended_at": "14:22:19.278",
    "start_date": "2025-04-22T14:22:19.278Z",
    "finish_date": "2025-04-22T14:22:19.278Z",
    "comment": null,
    "scheduled_day_type": []
  }
},
{
  "model": "groups.secondarygroup",
  "pk": "c666c78c-da84-41a6-ac17-ef5375159a06",
  "fields": {
    "filial": 1,
    "created_at": "2025-04-22T14:23:25.289Z",
    "updated_at": "2025-04-22T14:23:25.294Z",
    "deleted_at": null,
    "name": "I B K J - 18:00-20:00 ning yordamchi guruhi",
    "group": "4b95b374-64ac-4780-8903-6c27a96f2fd0",
    "teacher": [
      "+998947481206"
    ],
    "status": "PENDING",
    "started_at": "14:23:25.289",
    "ended_at": "14:23:25.289",
    "start_date": "2025-04-22T14:23:25.289Z",
    "finish_date": "2025-04-22T14:23:25.289Z",
    "comment": null,
    "scheduled_day_type": []
  }
},
{
  "model": "groups.secondarygroup",
  "pk": "f0385f7b-5e68-41c5-abee-eaca7c4c1d09",
  "fields": {
    "filial": null,
    "created_at": "2025-04-22T14:23:30.222Z",
    "updated_at": "2025-04-22T14:23:30.223Z",
    "deleted_at": null,
    "name": "I B K J - 18:00-20:00 ning yordamchi guruhi",
    "group": "4b95b374-64ac-4780-8903-6c27a96f2fd0",
    "teacher": [
      "+998947481206"
    ],
    "status": "PENDING",
    "started_at": "14:23:30.222",
    "ended_at": "14:23:30.222",
    "start_date": "2025-04-22T14:23:30.222Z",
    "finish_date": "2025-04-22T14:23:30.222Z",
    "comment": null,
    "scheduled_day_type": []
  }
},
{
  "model": "lesson.firstllesson",
  "pk": "03bf7c69-d964-4c01-a873-781840e7e4f5",
  "fields": {
    "filial": 1,
    "created_at": "2025-04-22T14:51:53.730Z",
    "updated_at": "2025-04-22T14:51:53.730Z",
    "deleted_at": null,
    "lid": "6700a663-93f5-48d8-8f94-d5ea10d8c00f",
    "group": "b63cbf33-e0d5-4641-b7a6-caa09262ca35",
    "date": "2025-04-24",
    "time": "14:00:00",
    "comment": null,
    "creator": null
  }
},
{
  "model": "lesson.firstllesson",
  "pk": "15498344-78f3-40d0-9472-71d5e691fa9a",
  "fields": {
    "filial": 1,
    "created_at": "2025-04-22T14:53:50.742Z",
    "updated_at": "2025-04-22T14:53:50.742Z",
    "deleted_at": null,
    "lid": "74c8cc86-4941-42a0-887f-90acfa898c00",
    "group": "b63cbf33-e0d5-4641-b7a6-caa09262ca35",
    "date": "2025-04-24",
    "time": "14:00:00",
    "comment": null,
    "creator": null
  }
},
{
  "model": "lesson.firstllesson",
  "pk": "17237301-e32e-4f91-a9e0-4ab7118d660e",
  "fields": {
    "filial": 1,
    "created_at": "2025-04-22T14:52:21.721Z",
    "updated_at": "2025-04-22T14:52:21.722Z",
    "deleted_at": null,
    "lid": "3785d02e-d5aa-434a-936f-aa4e42169ff4",
    "group": "b63cbf33-e0d5-4641-b7a6-caa09262ca35",
    "date": "2025-04-24",
    "time": "14:00:00",
    "comment": null,
    "creator": null
  }
},
{
  "model": "lesson.firstllesson",
  "pk": "1fb60087-1857-489b-84bf-6a538209e821",
  "fields": {
    "filial": 1,
    "created_at": "2025-04-22T15:08:57.484Z",
    "updated_at": "2025-04-22T15:08:57.485Z",
    "deleted_at": null,
    "lid": "d6e9d047-e097-418a-8e24-569b1b0d65e3",
    "group": "b00d4949-14d5-41a3-b800-64ba7c60f613",
    "date": "2025-04-24",
    "time": "16:00:00",
    "comment": null,
    "creator": null
  }
},
{
  "model": "lesson.firstllesson",
  "pk": "21805a91-333d-4bda-b2b0-32504f19b9c1",
  "fields": {
    "filial": 1,
    "created_at": "2025-04-22T15:09:09.189Z",
    "updated_at": "2025-04-22T15:09:09.190Z",
    "deleted_at": null,
    "lid": "ecaa602d-cc91-40e4-805d-5145780f2d1f",
    "group": "b00d4949-14d5-41a3-b800-64ba7c60f613",
    "date": "2025-04-24",
    "time": "16:00:00",
    "comment": null,
    "creator": null
  }
},
{
  "model": "lesson.firstllesson",
  "pk": "316a0c5c-3e58-4ea9-aa9e-789b01ae89b2",
  "fields": {
    "filial": 1,
    "created_at": "2025-04-22T15:00:01.585Z",
    "updated_at": "2025-04-22T15:00:01.586Z",
    "deleted_at": null,
    "lid": "efeed4b9-e50a-48d3-bbbc-aa083b9f64c9",
    "group": "a0a5e2bf-0c3d-48c5-8931-876e7b26507d",
    "date": "2025-04-23",
    "time": "14:00:00",
    "comment": null,
    "creator": null
  }
},
{
  "model": "lesson.firstllesson",
  "pk": "31f3cc96-91d0-41e3-8e16-2a5b96d243ee",
  "fields": {
    "filial": 1,
    "created_at": "2025-04-22T15:08:16.415Z",
    "updated_at": "2025-04-22T15:08:16.416Z",
    "deleted_at": null,
    "lid": "52aa599f-2eb2-4528-bdc5-0383c08a58c1",
    "group": "b00d4949-14d5-41a3-b800-64ba7c60f613",
    "date": "2025-04-24",
    "time": "16:00:00",
    "comment": null,
    "creator": null
  }
},
{
  "model": "lesson.firstllesson",
  "pk": "34beb5e3-2cbb-440a-8b14-d1348c37e2cb",
  "fields": {
    "filial": 1,
    "created_at": "2025-04-22T14:53:00.757Z",
    "updated_at": "2025-04-22T14:53:00.757Z",
    "deleted_at": null,
    "lid": "737a70c4-866d-4e33-8857-cdb47bced096",
    "group": "b63cbf33-e0d5-4641-b7a6-caa09262ca35",
    "date": "2025-04-24",
    "time": "14:00:00",
    "comment": null,
    "creator": null
  }
},
{
  "model": "lesson.firstllesson",
  "pk": "3683f571-5d05-4c8b-ac21-9c5646038e2a",
  "fields": {
    "filial": 1,
    "created_at": "2025-04-22T14:53:39.938Z",
    "updated_at": "2025-04-22T14:53:39.939Z",
    "deleted_at": null,
    "lid": "9002a218-93f9-4bdd-833c-b9d06bc04402",
    "group": "b63cbf33-e0d5-4641-b7a6-caa09262ca35",
    "date": "2025-04-24",
    "time": "14:00:00",
    "comment": null,
    "creator": null
  }
},
{
  "model": "lesson.firstllesson",
  "pk": "37657fd1-5e26-4456-9942-ac27bee3d0ed",
  "fields": {
    "filial": 1,
    "created_at": "2025-04-22T14:59:29.780Z",
    "updated_at": "2025-04-22T14:59:29.780Z",
    "deleted_at": null,
    "lid": "5cf72319-d3db-4f85-be8d-579c3a455ea1",
    "group": "a0a5e2bf-0c3d-48c5-8931-876e7b26507d",
    "date": "2025-04-23",
    "time": "14:00:00",
    "comment": null,
    "creator": null
  }
},
{
  "model": "lesson.firstllesson",
  "pk": "3b82e0b3-ee90-4d9e-8ae6-5efc9a18a585",
  "fields": {
    "filial": 1,
    "created_at": "2025-04-22T15:08:01.318Z",
    "updated_at": "2025-04-22T15:08:01.318Z",
    "deleted_at": null,
    "lid": "73caa115-b212-4f4e-8496-1f7ac9e791ba",
    "group": "b00d4949-14d5-41a3-b800-64ba7c60f613",
    "date": "2025-04-24",
    "time": "16:00:00",
    "comment": null,
    "creator": null
  }
},
{
  "model": "lesson.firstllesson",
  "pk": "4716a1a7-e20e-450b-a205-f36cf289c873",
  "fields": {
    "filial": 1,
    "created_at": "2025-04-22T14:53:13.799Z",
    "updated_at": "2025-04-22T14:53:13.799Z",
    "deleted_at": null,
    "lid": "5b6bb083-17e2-4155-bb00-4fd54fba42c8",
    "group": "b63cbf33-e0d5-4641-b7a6-caa09262ca35",
    "date": "2025-04-24",
    "time": "14:00:00",
    "comment": null,
    "creator": null
  }
},
{
  "model": "lesson.firstllesson",
  "pk": "4e1b9758-3966-4031-bc75-24c68a8684f2",
  "fields": {
    "filial": 1,
    "created_at": "2025-04-22T14:59:13.750Z",
    "updated_at": "2025-04-22T14:59:13.751Z",
    "deleted_at": null,
    "lid": "90de3b43-8993-4131-81bc-da3b2c8e4e5b",
    "group": "a0a5e2bf-0c3d-48c5-8931-876e7b26507d",
    "date": "2025-04-23",
    "time": "14:00:00",
    "comment": null,
    "creator": null
  }
},
{
  "model": "lesson.firstllesson",
  "pk": "56e00eb9-10a6-4e92-9ad8-32e1034ad87b",
  "fields": {
    "filial": 1,
    "created_at": "2025-04-22T14:54:03.057Z",
    "updated_at": "2025-04-22T14:54:03.058Z",
    "deleted_at": null,
    "lid": "3c671aa8-ec9f-4afb-a616-e7a8eca5da96",
    "group": "b63cbf33-e0d5-4641-b7a6-caa09262ca35",
    "date": "2025-04-24",
    "time": "14:00:00",
    "comment": null,
    "creator": null
  }
},
{
  "model": "lesson.firstllesson",
  "pk": "570cb1d7-a802-4f32-961d-5974c82b5dae",
  "fields": {
    "filial": 1,
    "created_at": "2025-04-22T15:09:35.165Z",
    "updated_at": "2025-04-22T15:09:35.166Z",
    "deleted_at": null,
    "lid": "03668d21-75ab-4b33-9355-79d1a298f8e2",
    "group": "b00d4949-14d5-41a3-b800-64ba7c60f613",
    "date": "2025-04-24",
    "time": "16:00:00",
    "comment": null,
    "creator": null
  }
},
{
  "model": "lesson.firstllesson",
  "pk": "609d8249-a192-4c62-9444-2a43132c0da0",
  "fields": {
    "filial": 1,
    "created_at": "2025-04-22T15:09:21.665Z",
    "updated_at": "2025-04-22T15:09:21.666Z",
    "deleted_at": null,
    "lid": "5e5cc539-164d-4541-a7df-635b0d46efba",
    "group": "b00d4949-14d5-41a3-b800-64ba7c60f613",
    "date": "2025-04-24",
    "time": "16:00:00",
    "comment": null,
    "creator": null
  }
},
{
  "model": "lesson.firstllesson",
  "pk": "77073fa6-6e5c-4846-9933-e73d3b07096f",
  "fields": {
    "filial": 1,
    "created_at": "2025-04-22T14:58:28.878Z",
    "updated_at": "2025-04-22T14:58:28.879Z",
    "deleted_at": null,
    "lid": "d0050f1c-d786-40c1-b59e-83a070b16c89",
    "group": "a0a5e2bf-0c3d-48c5-8931-876e7b26507d",
    "date": "2025-04-23",
    "time": "14:00:00",
    "comment": null,
    "creator": null
  }
},
{
  "model": "lesson.firstllesson",
  "pk": "7889128f-57b1-44b4-902b-23de0ea1cbe1",
  "fields": {
    "filial": 1,
    "created_at": "2025-04-22T15:08:42.231Z",
    "updated_at": "2025-04-22T15:08:42.232Z",
    "deleted_at": null,
    "lid": "5e1cc0ab-71a9-4ac9-9f93-1a6eefad8e54",
    "group": "b00d4949-14d5-41a3-b800-64ba7c60f613",
    "date": "2025-04-24",
    "time": "16:00:00",
    "comment": null,
    "creator": null
  }
},
{
  "model": "lesson.firstllesson",
  "pk": "80fff671-1bb9-4a78-a442-76387e3b82df",
  "fields": {
    "filial": 1,
    "created_at": "2025-04-22T14:52:37.237Z",
    "updated_at": "2025-04-22T14:52:37.238Z",
    "deleted_at": null,
    "lid": "f4f1839e-d32b-44d1-8eda-855c6d68fb63",
    "group": "b63cbf33-e0d5-4641-b7a6-caa09262ca35",
    "date": "2025-04-24",
    "time": "14:00:00",
    "comment": null,
    "creator": null
  }
},
{
  "model": "lesson.firstllesson",
  "pk": "a642f7fd-45c3-48c0-9456-b3f8bbbbba1e",
  "fields": {
    "filial": 1,
    "created_at": "2025-04-22T14:53:28.729Z",
    "updated_at": "2025-04-22T14:53:28.730Z",
    "deleted_at": null,
    "lid": "939436ab-14b3-47fc-a18d-9e02a124a421",
    "group": "b63cbf33-e0d5-4641-b7a6-caa09262ca35",
    "date": "2025-04-24",
    "time": "14:00:00",
    "comment": null,
    "creator": null
  }
},
{
  "model": "lesson.firstllesson",
  "pk": "be9564e6-7575-4ddf-8a3c-c8263f94df04",
  "fields": {
    "filial": 1,
    "created_at": "2025-04-22T15:12:43.327Z",
    "updated_at": "2025-04-22T15:12:43.327Z",
    "deleted_at": null,
    "lid": "d6d6ad01-c81f-4af0-9420-480de2e6cc21",
    "group": "4b95b374-64ac-4780-8903-6c27a96f2fd0",
    "date": "2025-04-24",
    "time": "18:00:00",
    "comment": null,
    "creator": null
  }
},
{
  "model": "lesson.firstllesson",
  "pk": "c9ec7290-bb5b-4481-a681-cf74e33f5b52",
  "fields": {
    "filial": 1,
    "created_at": "2025-04-22T14:58:58.405Z",
    "updated_at": "2025-04-22T14:58:58.405Z",
    "deleted_at": null,
    "lid": "5a241da2-50d7-4366-a62a-90b0f235ca94",
    "group": "a0a5e2bf-0c3d-48c5-8931-876e7b26507d",
    "date": "2025-04-23",
    "time": "14:00:00",
    "comment": null,
    "creator": null
  }
},
{
  "model": "lesson.firstllesson",
  "pk": "ec73472e-4fcc-457c-a704-0466be508157",
  "fields": {
    "filial": 1,
    "created_at": "2025-04-22T14:51:23.691Z",
    "updated_at": "2025-04-22T14:51:23.692Z",
    "deleted_at": null,
    "lid": "6e15c9c1-7d46-4d58-87c9-fa56cc66652e",
    "group": "b63cbf33-e0d5-4641-b7a6-caa09262ca35",
    "date": "2025-04-24",
    "time": "14:00:00",
    "comment": null,
    "creator": null
  }
},
{
  "model": "lesson.firstllesson",
  "pk": "eee020d5-b997-4f03-ac0d-4b4dbdc194e0",
  "fields": {
    "filial": 1,
    "created_at": "2025-04-22T15:12:39.825Z",
    "updated_at": "2025-04-22T15:12:39.825Z",
    "deleted_at": null,
    "lid": "8d364a33-f2f2-4957-b4a5-9d2acb74b1da",
    "group": "4b95b374-64ac-4780-8903-6c27a96f2fd0",
    "date": "2025-04-24",
    "time": "18:00:00",
    "comment": null,
    "creator": null
  }
},
{
  "model": "lesson.firstllesson",
  "pk": "f2784e80-98bd-495a-9410-94e4d5a80085",
  "fields": {
    "filial": 1,
    "created_at": "2025-04-22T15:08:30.254Z",
    "updated_at": "2025-04-22T15:08:30.255Z",
    "deleted_at": null,
    "lid": "1e8176d6-9df9-4fa7-8c77-cf4d86abacbc",
    "group": "b00d4949-14d5-41a3-b800-64ba7c60f613",
    "date": "2025-04-24",
    "time": "16:00:00",
    "comment": null,
    "creator": null
  }
}
]
