[
    {
        "model": "account.customuser",
        "pk": "06652d35-2df3-4607-8b54-56035bba9ef1",
        "fields": {
            "password": "pbkdf2_sha256$870000$FitIElVXMNQroUO2gfr87I$tdRUFLDVhd0aCC7/G+zon2ZDfxM5++48RcAw+nd7Opc=",
            "last_login": null,
            "is_superuser": false,
            "email": "",
            "is_staff": false,
            "is_active": true,
            "date_joined": "2025-05-21T04:21:05.655Z",
            "second_user": null,
            "full_name": null,
            "first_name": "Sadriddin",
            "last_name": "Ravshanov",
            "phone": "+998900622206",
            "extra_number": null,
            "chat_id": null,
            "photo": null,
            "date_of_birth": null,
            "is_call_center": false,
            "role": "Student",
            "balance": "0.00",
            "salary": 0.0,
            "ball": 0.0,
            "monitoring": 0.0,
            "enter": null,
            "leave": null,
            "created_at": "2025-05-21T04:21:06.360Z",
            "updated_at": "2025-05-21T04:21:06.360Z",
            "is_archived": false,
            "groups": [],
            "user_permissions": [],
            "files": [],
            "filial": []
        }
    },
    {
        "model": "account.customuser",
        "pk": "0c634ef1-3f99-4acb-9d8d-61c3016ce15b",
        "fields": {
            "password": "pbkdf2_sha256$870000$kyu4NYb9N9qT4R2zYqR8ej$sgSPuZ7SO1Zc+WQat1UKvC2iAv1UfK5I381xQFLbBgk=",
            "last_login": null,
            "is_superuser": false,
            "email": "",
            "is_staff": false,
            "is_active": true,
            "date_joined": "2025-04-21T12:50:45.572Z",
            "second_user": null,
            "full_name": "Zulxumor Mustafoyeva",
            "first_name": "Zulxumor",
            "last_name": "Mustafoyeva",
            "phone": "+998947481206",
            "extra_number": "+998947123922",
            "chat_id": null,
            "photo": null,
            "date_of_birth": null,
            "is_call_center": false,
            "role": "ASSISTANT",
            "balance": "0.00",
            "salary": 1000000.0,
            "ball": 0.0,
            "monitoring": 0.0,
            "enter": "14:00:00",
            "leave": "20:00:00",
            "created_at": "2025-04-21T12:50:46.608Z",
            "updated_at": "2025-05-21T06:34:06.507Z",
            "is_archived": false,
            "groups": [],
            "user_permissions": [],
            "files": [],
            "filial": [
                1
            ]
        }
    },
    {
        "model": "account.customuser",
        "pk": "0d91d137-d528-4184-be38-fc89981d5074",
        "fields": {
            "password": "pbkdf2_sha256$870000$hnClbM52hMMlS9VmpVxy0u$XwcUdjJq3sS9A/ZqR0NOMdAviwIjON7lLf8AxJti60s=",
            "last_login": "2025-05-20T16:18:10.537Z",
            "is_superuser": true,
            "email": "",
            "is_staff": true,
            "is_active": true,
            "date_joined": "2025-04-12T12:13:21Z",
            "second_user": "4be6df76-7ec1-4856-a6df-cdcd828788a9",
            "full_name": "Admin Director",
            "first_name": "Admin",
            "last_name": "Director",
            "phone": "+998901234567",
            "extra_number": null,
            "chat_id": null,
            "photo": null,
            "date_of_birth": null,
            "is_call_center": false,
            "role": "DIRECTOR",
            "balance": "0.00",
            "salary": 0.0,
            "ball": 0.0,
            "monitoring": 0.0,
            "enter": "09:00:00",
            "leave": "18:00:00",
            "created_at": "2025-04-12T12:13:22.660Z",
            "updated_at": "2025-05-20T15:54:00.645Z",
            "is_archived": false,
            "groups": [],
            "user_permissions": [],
            "files": [],
            "filial": [
                1
            ]
        }
    },
    {
        "model": "account.customuser",
        "pk": "193d1b06-8a55-4554-85f4-6efea4beec0d",
        "fields": {
            "password": "pbkdf2_sha256$870000$4vStn2ivR9KUe8Ah2Z67dq$4GOIeQRqnA7kjpyvU7mojrdtRWmmHR6LEWY3DDELC88=",
            "last_login": null,
            "is_superuser": false,
            "email": "",
            "is_staff": false,
            "is_active": true,
            "date_joined": "2025-05-21T07:16:53.544Z",
            "second_user": null,
            "full_name": "Sdfds zxvxzfdffd",
            "first_name": "Sdfds",
            "last_name": "zxvxzfdffd",
            "phone": "+998908783959",
            "extra_number": "+998788888",
            "chat_id": null,
            "photo": "72e97ec3-fb91-4521-b586-0c5318e7c211",
            "date_of_birth": null,
            "is_call_center": false,
            "role": "CALL_OPERATOR",
            "balance": "0.00",
            "salary": 111.0,
            "ball": 0.0,
            "monitoring": 0.0,
            "enter": "12:22:00",
            "leave": "12:29:00",
            "created_at": "2025-05-21T07:16:54.237Z",
            "updated_at": "2025-05-21T07:30:06.055Z",
            "is_archived": false,
            "groups": [],
            "user_permissions": [],
            "files": [],
            "filial": [
                1
            ]
        }
    },
    {
        "model": "account.customuser",
        "pk": "1ec7447f-3a88-4302-ac64-74f1e371ba25",
        "fields": {
            "password": "pbkdf2_sha256$870000$tq15VzdalmYkINKpeiykI7$fYmNSk2V0+yZ0D5WZ0CvslnGN7yPtgylh37O30NNNWM=",
            "last_login": null,
            "is_superuser": false,
            "email": "",
            "is_staff": false,
            "is_active": true,
            "date_joined": "2025-04-17T09:15:41.354Z",
            "second_user": null,
            "full_name": "Sardor Raxmatov",
            "first_name": "Sardor",
            "last_name": "Raxmatov",
            "phone": "+998995261923",
            "extra_number": "+998999510166",
            "chat_id": null,
            "photo": null,
            "date_of_birth": null,
            "is_call_center": false,
            "role": "TEACHER",
            "balance": "0.00",
            "salary": 0.0,
            "ball": 0.0,
            "monitoring": 0.0,
            "enter": "08:00:00",
            "leave": "20:00:00",
            "created_at": "2025-04-17T09:15:42.846Z",
            "updated_at": "2025-04-18T13:48:48.646Z",
            "is_archived": false,
            "groups": [],
            "user_permissions": [],
            "files": [],
            "filial": [
                1
            ]
        }
    },
    {
        "model": "account.customuser",
        "pk": "1ef440ce-82b8-49d5-bf5d-c74604e64530",
        "fields": {
            "password": "pbkdf2_sha256$870000$uSkKX6UZn84lZNAfyna75r$97jyudWY62dzi2+tcqdlUwftCBGSakqKkNUgC8Z9qUo=",
            "last_login": null,
            "is_superuser": false,
            "email": "",
            "is_staff": false,
            "is_active": true,
            "date_joined": "2025-04-22T07:29:52.528Z",
            "second_user": null,
            "full_name": "Jasurbek To'rayev",
            "first_name": "Jasurbek",
            "last_name": "To'rayev",
            "phone": "+998992721513",
            "extra_number": "+998906782553",
            "chat_id": null,
            "photo": null,
            "date_of_birth": null,
            "is_call_center": false,
            "role": "ACCOUNTING",
            "balance": "0.00",
            "salary": 2000000.0,
            "ball": 0.0,
            "monitoring": 0.0,
            "enter": "08:00:00",
            "leave": "20:00:00",
            "created_at": "2025-04-22T07:29:53.419Z",
            "updated_at": "2025-04-22T07:29:53.433Z",
            "is_archived": false,
            "groups": [],
            "user_permissions": [],
            "files": [],
            "filial": [
                1
            ]
        }
    },
    {
        "model": "account.customuser",
        "pk": "2849e3e9-3d6c-47c4-b600-d7fe30d1ba6f",
        "fields": {
            "password": "pbkdf2_sha256$870000$4M1dKOOnavGnpkOADVztVw$auDkC6M4k1IAxeHXki5dR7k7/AHNUj0tmpc3CuQ+JdA=",
            "last_login": null,
            "is_superuser": false,
            "email": "",
            "is_staff": false,
            "is_active": true,
            "date_joined": "2025-05-21T05:19:57.140Z",
            "second_user": null,
            "full_name": null,
            "first_name": "Muzaffarbek",
            "last_name": "Ramazonov",
            "phone": "+998943243456",
            "extra_number": null,
            "chat_id": null,
            "photo": null,
            "date_of_birth": null,
            "is_call_center": false,
            "role": "Student",
            "balance": "0.00",
            "salary": 0.0,
            "ball": 0.0,
            "monitoring": 0.0,
            "enter": null,
            "leave": null,
            "created_at": "2025-05-21T05:20:00.888Z",
            "updated_at": "2025-05-21T05:20:00.888Z",
            "is_archived": false,
            "groups": [],
            "user_permissions": [],
            "files": [],
            "filial": []
        }
    },
    {
        "model": "account.customuser",
        "pk": "3983742b-6eba-4b74-9954-bb2ff79ab8df",
        "fields": {
            "password": "pbkdf2_sha256$870000$Ym1tnRghllwvlg3Vx4nMIG$gUfsZd5qoqbKWJNo3Wa8NLe8k8mhiAVd72ORoEi8IGE=",
            "last_login": null,
            "is_superuser": false,
            "email": "",
            "is_staff": false,
            "is_active": true,
            "date_joined": "2025-05-20T16:19:14.425Z",
            "second_user": null,
            "full_name": null,
            "first_name": "Zuhra",
            "last_name": "Musinboyeva",
            "phone": "+998997077676",
            "extra_number": null,
            "chat_id": null,
            "photo": null,
            "date_of_birth": null,
            "is_call_center": false,
            "role": "Student",
            "balance": "0.00",
            "salary": 0.0,
            "ball": 0.0,
            "monitoring": 0.0,
            "enter": null,
            "leave": null,
            "created_at": "2025-05-20T16:19:15.107Z",
            "updated_at": "2025-05-20T16:19:15.107Z",
            "is_archived": false,
            "groups": [],
            "user_permissions": [],
            "files": [],
            "filial": []
        }
    },
    {
        "model": "account.customuser",
        "pk": "5835588f-ec8d-4384-b185-5bd1b1b13f12",
        "fields": {
            "password": "pbkdf2_sha256$870000$EqJsbat2uYFbvBvaVqbbHo$YTbAHYEhqUBwcxiPAOtiycw8wRjTb3d9guSdqaVbiQE=",
            "last_login": null,
            "is_superuser": false,
            "email": "",
            "is_staff": false,
            "is_active": true,
            "date_joined": "2025-05-21T04:46:42.836Z",
            "second_user": null,
            "full_name": "Husniddin Obidov",
            "first_name": "Husniddin",
            "last_name": "Obidov",
            "phone": "+998935112926",
            "extra_number": null,
            "chat_id": null,
            "photo": null,
            "date_of_birth": null,
            "is_call_center": false,
            "role": "TEACHER",
            "balance": "0.00",
            "salary": 1.0,
            "ball": 0.0,
            "monitoring": 0.0,
            "enter": "09:00:00",
            "leave": "12:00:00",
            "created_at": "2025-05-21T04:46:43.535Z",
            "updated_at": "2025-05-21T04:56:35.822Z",
            "is_archived": false,
            "groups": [],
            "user_permissions": [],
            "files": [],
            "filial": [
                1
            ]
        }
    },
    {
        "model": "account.customuser",
        "pk": "59bc1408-3a4d-4200-ba53-dc7fe027dd88",
        "fields": {
            "password": "pbkdf2_sha256$870000$TcfETdPYfAvK4yfgDYC2kp$+zgb5eH41gkbVKyMhWCS/mpb2hhrbn/ifQsUNdEMTIw=",
            "last_login": null,
            "is_superuser": false,
            "email": "",
            "is_staff": false,
            "is_active": true,
            "date_joined": "2025-04-22T07:44:06.194Z",
            "second_user": null,
            "full_name": "Dilnura Normo'minova",
            "first_name": "Dilnura",
            "last_name": "Normo'minova",
            "phone": "+998901148900",
            "extra_number": "+998949533500",
            "chat_id": null,
            "photo": null,
            "date_of_birth": null,
            "is_call_center": true,
            "role": "ADMINISTRATOR",
            "balance": "10000.00",
            "salary": 1200000.0,
            "ball": 0.0,
            "monitoring": 0.0,
            "enter": "14:00:00",
            "leave": "20:00:00",
            "created_at": "2025-04-22T07:44:07.217Z",
            "updated_at": "2025-05-21T04:22:53.367Z",
            "is_archived": false,
            "groups": [],
            "user_permissions": [],
            "files": [],
            "filial": [
                1
            ]
        }
    },
    {
        "model": "account.customuser",
        "pk": "65e12b3e-9a0c-4813-929e-25b4b64443b7",
        "fields": {
            "password": "pbkdf2_sha256$870000$vufJdSxakhUpwPsXGAbFl9$8X4Waev/C7XJd/ZCHBHcpr7n/sc6mRI6Dgz238UU3+E=",
            "last_login": null,
            "is_superuser": false,
            "email": "",
            "is_staff": false,
            "is_active": true,
            "date_joined": "2025-05-21T05:19:57.117Z",
            "second_user": null,
            "full_name": null,
            "first_name": "Nasiba",
            "last_name": "Murodxojayeva",
            "phone": "+998917705655",
            "extra_number": null,
            "chat_id": null,
            "photo": null,
            "date_of_birth": null,
            "is_call_center": false,
            "role": "Student",
            "balance": "0.00",
            "salary": 0.0,
            "ball": 0.0,
            "monitoring": 0.0,
            "enter": null,
            "leave": null,
            "created_at": "2025-05-21T05:20:00.871Z",
            "updated_at": "2025-05-21T05:20:00.871Z",
            "is_archived": false,
            "groups": [],
            "user_permissions": [],
            "files": [],
            "filial": []
        }
    },
    {
        "model": "account.customuser",
        "pk": "687e21c0-5a7c-4a27-a603-2fdcc24c9788",
        "fields": {
            "password": "pbkdf2_sha256$870000$ITOJUE78Q1tBXAegTHWrut$7nb1L9m0TyLfy/ODybMKG4J/O4KVDVxAANwcx4GB1EQ=",
            "last_login": null,
            "is_superuser": false,
            "email": "",
            "is_staff": false,
            "is_active": true,
            "date_joined": "2025-05-21T05:19:57.112Z",
            "second_user": null,
            "full_name": null,
            "first_name": "Mohinur",
            "last_name": "Musayeva",
            "phone": "+998909316616",
            "extra_number": null,
            "chat_id": null,
            "photo": null,
            "date_of_birth": null,
            "is_call_center": false,
            "role": "Student",
            "balance": "0.00",
            "salary": 0.0,
            "ball": 0.0,
            "monitoring": 0.0,
            "enter": null,
            "leave": null,
            "created_at": "2025-05-21T05:20:00.886Z",
            "updated_at": "2025-05-21T05:20:00.886Z",
            "is_archived": false,
            "groups": [],
            "user_permissions": [],
            "files": [],
            "filial": []
        }
    },
    {
        "model": "account.customuser",
        "pk": "8f648e4e-beb1-4f59-990f-a04408c6a078",
        "fields": {
            "password": "pbkdf2_sha256$870000$jvLkuCoPUxwtiZM4JLnXM3$66DsBADR8KQnSua3OmdTNZmoSpG1WGu9BRqgkLlxci4=",
            "last_login": null,
            "is_superuser": false,
            "email": "",
            "is_staff": false,
            "is_active": true,
            "date_joined": "2025-05-21T04:16:49.276Z",
            "second_user": null,
            "full_name": "Call Operator",
            "first_name": "Call",
            "last_name": "Operator",
            "phone": "+998435452345",
            "extra_number": null,
            "chat_id": null,
            "photo": null,
            "date_of_birth": null,
            "is_call_center": false,
            "role": "CALL_OPERATOR",
            "balance": "0.00",
            "salary": 2000000.0,
            "ball": 0.0,
            "monitoring": 0.0,
            "enter": "12:00:00",
            "leave": "20:00:00",
            "created_at": "2025-05-21T04:16:50.003Z",
            "updated_at": "2025-05-21T04:17:40.951Z",
            "is_archived": false,
            "groups": [],
            "user_permissions": [],
            "files": [],
            "filial": [
                1
            ]
        }
    },
    {
        "model": "account.customuser",
        "pk": "9aec9e28-6e91-476d-81a9-4e212961e2b7",
        "fields": {
            "password": "pbkdf2_sha256$870000$FgKzT4vTeCoCfJEBJ8qxuq$6N6rMohO6wjVOggAr4iR2xAI90dhzpB9c/LE6LXcQ1Y=",
            "last_login": null,
            "is_superuser": false,
            "email": "",
            "is_staff": false,
            "is_active": true,
            "date_joined": "2025-05-21T05:19:57.121Z",
            "second_user": null,
            "full_name": null,
            "first_name": "Muyassar",
            "last_name": "Mominova",
            "phone": "+998901207714",
            "extra_number": null,
            "chat_id": null,
            "photo": null,
            "date_of_birth": null,
            "is_call_center": false,
            "role": "Student",
            "balance": "0.00",
            "salary": 0.0,
            "ball": 0.0,
            "monitoring": 0.0,
            "enter": null,
            "leave": null,
            "created_at": "2025-05-21T05:20:00.867Z",
            "updated_at": "2025-05-21T05:20:00.867Z",
            "is_archived": false,
            "groups": [],
            "user_permissions": [],
            "files": [],
            "filial": []
        }
    },
    {
        "model": "account.customuser",
        "pk": "aa7018a2-f0f6-4f4c-8463-935885435326",
        "fields": {
            "password": "pbkdf2_sha256$870000$ITuqiykUUl1mriQlyk7Vbh$Jr93uAVcFlHfaWY2KZH94Q4lQdh+ial3xcugGBi8DJw=",
            "last_login": null,
            "is_superuser": false,
            "email": "",
            "is_staff": false,
            "is_active": true,
            "date_joined": "2025-05-20T16:19:13.610Z",
            "second_user": null,
            "full_name": null,
            "first_name": "Dilnura",
            "last_name": "Ravilova",
            "phone": "+998900343517",
            "extra_number": null,
            "chat_id": null,
            "photo": null,
            "date_of_birth": null,
            "is_call_center": false,
            "role": "Student",
            "balance": "0.00",
            "salary": 0.0,
            "ball": 0.0,
            "monitoring": 0.0,
            "enter": null,
            "leave": null,
            "created_at": "2025-05-20T16:19:14.362Z",
            "updated_at": "2025-05-20T16:19:14.362Z",
            "is_archived": false,
            "groups": [],
            "user_permissions": [],
            "files": [],
            "filial": []
        }
    },
    {
        "model": "account.customuser",
        "pk": "b2f13499-7bca-467e-ae2f-abbec4c83974",
        "fields": {
            "password": "pbkdf2_sha256$870000$CCTBdyrAKull8ODhDaTEvJ$6C5vSnAASBPv8yD76bfvmi+y4wMl9IoOxaH/2a5aeDQ=",
            "last_login": null,
            "is_superuser": false,
            "email": "",
            "is_staff": false,
            "is_active": true,
            "date_joined": "2025-05-20T12:29:36.739Z",
            "second_user": null,
            "full_name": null,
            "first_name": "Nilufar",
            "last_name": "Teshayeva",
            "phone": "+998908128290",
            "extra_number": null,
            "chat_id": null,
            "photo": null,
            "date_of_birth": null,
            "is_call_center": false,
            "role": "Student",
            "balance": "0.00",
            "salary": 0.0,
            "ball": 0.0,
            "monitoring": 0.0,
            "enter": null,
            "leave": null,
            "created_at": "2025-05-20T12:29:37.466Z",
            "updated_at": "2025-05-20T12:29:37.466Z",
            "is_archived": false,
            "groups": [],
            "user_permissions": [],
            "files": [],
            "filial": []
        }
    },
    {
        "model": "account.customuser",
        "pk": "b4e679f8-aa06-4b39-b248-a2fc4b2fa93a",
        "fields": {
            "password": "pbkdf2_sha256$870000$ifNC32ldkBYEyMyuJk32I7$f/SslwJmkUGfXgd428ashg8pR2PVcB068eGpJw4ZVg4=",
            "last_login": null,
            "is_superuser": false,
            "email": "",
            "is_staff": false,
            "is_active": true,
            "date_joined": "2025-04-22T07:55:19.219Z",
            "second_user": null,
            "full_name": "Dilnura Normo'minova",
            "first_name": "Dilnura",
            "last_name": "Normo'minova",
            "phone": "+998949533500",
            "extra_number": "+998901148900",
            "chat_id": null,
            "photo": null,
            "date_of_birth": null,
            "is_call_center": false,
            "role": "SERVICE_MANAGER",
            "balance": "20000.00",
            "salary": 1200000.0,
            "ball": 0.0,
            "monitoring": 0.0,
            "enter": "14:00:00",
            "leave": "20:00:00",
            "created_at": "2025-04-22T07:55:20.146Z",
            "updated_at": "2025-05-21T04:22:53.362Z",
            "is_archived": false,
            "groups": [],
            "user_permissions": [],
            "files": [],
            "filial": [
                1
            ]
        }
    },
    {
        "model": "account.customuser",
        "pk": "c19f7b09-32cb-4465-93dc-0129155db565",
        "fields": {
            "password": "pbkdf2_sha256$870000$kxDOVE5qa6H9x326Hru5tt$oOD/iBWRNlCDo6U/d2qquDQx3qehFsTZC7eZElbOh0A=",
            "last_login": null,
            "is_superuser": false,
            "email": "",
            "is_staff": false,
            "is_active": true,
            "date_joined": "2025-04-16T01:03:36.532Z",
            "second_user": null,
            "full_name": "Madinabonu Mamarasulova",
            "first_name": "Madinabonu",
            "last_name": "Mamarasulova",
            "phone": "+998905850925",
            "extra_number": "+998905850925",
            "chat_id": null,
            "photo": null,
            "date_of_birth": null,
            "is_call_center": false,
            "role": "TEACHER",
            "balance": "0.00",
            "salary": 0.0,
            "ball": 0.0,
            "monitoring": 0.0,
            "enter": "08:00:00",
            "leave": "12:00:00",
            "created_at": "2025-04-16T01:03:37.593Z",
            "updated_at": "2025-05-21T08:18:44.313Z",
            "is_archived": false,
            "groups": [],
            "user_permissions": [],
            "files": [],
            "filial": [
                1
            ]
        }
    },
    {
        "model": "account.customuser",
        "pk": "c887011c-36e8-4b76-85b3-c9169be20c61",
        "fields": {
            "password": "pbkdf2_sha256$870000$ykWmZipN455NJOzdwAf0kS$gvFx094AZpoUyKNHKo6iYQODDgC3PZa9iHvZhbZFYng=",
            "last_login": null,
            "is_superuser": false,
            "email": "",
            "is_staff": false,
            "is_active": true,
            "date_joined": "2025-05-21T05:19:57.122Z",
            "second_user": null,
            "full_name": null,
            "first_name": "Abduraxmon",
            "last_name": "Mametov",
            "phone": "+998935031999",
            "extra_number": null,
            "chat_id": null,
            "photo": null,
            "date_of_birth": null,
            "is_call_center": false,
            "role": "Student",
            "balance": "0.00",
            "salary": 0.0,
            "ball": 0.0,
            "monitoring": 0.0,
            "enter": null,
            "leave": null,
            "created_at": "2025-05-21T05:20:00.947Z",
            "updated_at": "2025-05-21T05:20:00.947Z",
            "is_archived": false,
            "groups": [],
            "user_permissions": [],
            "files": [],
            "filial": []
        }
    },
    {
        "model": "account.customuser",
        "pk": "e4d10a84-4c8a-4016-9d23-d84b064722f9",
        "fields": {
            "password": "pbkdf2_sha256$870000$wYntcIwOxw34l2Ken6cNDs$RHE5Jh9sP7ZB/ME/iruk/wGpEMSJF0rr5k6Q+uvmYnE=",
            "last_login": null,
            "is_superuser": false,
            "email": "",
            "is_staff": false,
            "is_active": true,
            "date_joined": "2025-04-16T00:47:28.955Z",
            "second_user": null,
            "full_name": "Sarvar Roziqov",
            "first_name": "Sarvar",
            "last_name": "Roziqov",
            "phone": "+998972656500",
            "extra_number": "+998901148900",
            "chat_id": null,
            "photo": null,
            "date_of_birth": null,
            "is_call_center": false,
            "role": "DIRECTOR",
            "balance": "0.00",
            "salary": 1.0,
            "ball": 0.0,
            "monitoring": 0.0,
            "enter": "08:00:00",
            "leave": "20:00:00",
            "created_at": "2025-04-16T00:47:29.960Z",
            "updated_at": "2025-04-16T00:47:29.999Z",
            "is_archived": false,
            "groups": [],
            "user_permissions": [],
            "files": [],
            "filial": [
                1
            ]
        }
    },
    {
        "model": "account.customuser",
        "pk": "e59b292a-3389-4a04-8813-6dee001d87b6",
        "fields": {
            "password": "pbkdf2_sha256$870000$3B7NyfdxyoSN8Hqa5tXwdQ$eS77SlSCsWqrIOyw5d44tmA5qyFvX21qIu1mvEu8xZE=",
            "last_login": null,
            "is_superuser": false,
            "email": "",
            "is_staff": false,
            "is_active": true,
            "date_joined": "2025-04-22T01:48:56.285Z",
            "second_user": null,
            "full_name": "Baxtiyor Berdiyev",
            "first_name": "Baxtiyor",
            "last_name": "Berdiyev",
            "phone": "+998909386500",
            "extra_number": "+998900072006",
            "chat_id": null,
            "photo": null,
            "date_of_birth": null,
            "is_call_center": false,
            "role": "TEACHER",
            "balance": "0.00",
            "salary": 0.0,
            "ball": 0.0,
            "monitoring": 0.0,
            "enter": "14:00:00",
            "leave": "20:00:00",
            "created_at": "2025-04-22T01:48:57.343Z",
            "updated_at": "2025-04-22T01:48:57.362Z",
            "is_archived": false,
            "groups": [],
            "user_permissions": [],
            "files": [],
            "filial": [
                1
            ]
        }
    },
    {
        "model": "account.customuser",
        "pk": "ec5e034a-c60d-4f88-803f-47449f59cfd3",
        "fields": {
            "password": "pbkdf2_sha256$870000$F9PjpYfqjvAs0QoYNdoOcS$035xGJ07DhUzczmw0GTZzH/ADlSe0USQT5yiLa73xvM=",
            "last_login": null,
            "is_superuser": false,
            "email": "",
            "is_staff": false,
            "is_active": true,
            "date_joined": "2025-05-21T07:02:19.973Z",
            "second_user": null,
            "full_name": "Zafar Obidov",
            "first_name": "Zafar",
            "last_name": "Obidov",
            "phone": "+998935112233",
            "extra_number": null,
            "chat_id": null,
            "photo": null,
            "date_of_birth": null,
            "is_call_center": false,
            "role": "CALL_OPERATOR",
            "balance": "0.00",
            "salary": 1000.0,
            "ball": 0.0,
            "monitoring": 0.0,
            "enter": "09:00:00",
            "leave": "17:00:00",
            "created_at": "2025-05-21T07:02:20.665Z",
            "updated_at": "2025-05-21T07:02:20.678Z",
            "is_archived": false,
            "groups": [],
            "user_permissions": [],
            "files": [],
            "filial": [
                1
            ]
        }
    },
    {
        "model": "account.customuser",
        "pk": "efc9909a-e992-4e64-8e00-632a3b0f833b",
        "fields": {
            "password": "pbkdf2_sha256$870000$V1G2131WEtCNKsbPt054Hq$XYjsN6hEFoUFm0vOSOqN4PAMvCvMxyzXzsgUIlVHdZs=",
            "last_login": null,
            "is_superuser": false,
            "email": "",
            "is_staff": false,
            "is_active": true,
            "date_joined": "2025-05-21T05:11:21.482Z",
            "second_user": null,
            "full_name": "ysalsd asfds",
            "first_name": "ysalsd",
            "last_name": "asfds",
            "phone": "+998909000000",
            "extra_number": null,
            "chat_id": null,
            "photo": null,
            "date_of_birth": null,
            "is_call_center": false,
            "role": "CALL_OPERATOR",
            "balance": "0.00",
            "salary": 1.0,
            "ball": 0.0,
            "monitoring": 0.0,
            "enter": "10:00:00",
            "leave": "12:00:00",
            "created_at": "2025-05-21T05:11:22.160Z",
            "updated_at": "2025-05-21T05:11:22.167Z",
            "is_archived": false,
            "groups": [],
            "user_permissions": [],
            "files": [],
            "filial": [
                1
            ]
        }
    },
    {
        "model": "account.customuser",
        "pk": "fe91cfcf-378d-44a5-9a26-1afc17288585",
        "fields": {
            "password": "pbkdf2_sha256$870000$fazv9D4uiaujJEwWYZm2Zp$3f6LA2XnBk1uKg/D3PbKzT7Ct83tfaA45QAZtG7jprc=",
            "last_login": null,
            "is_superuser": false,
            "email": "",
            "is_staff": false,
            "is_active": true,
            "date_joined": "2025-04-17T09:21:00.812Z",
            "second_user": null,
            "full_name": "Iskandar Botiraliyev",
            "first_name": "Iskandar",
            "last_name": "Botiraliyev",
            "phone": "+998500752700",
            "extra_number": "+998908226033",
            "chat_id": null,
            "photo": null,
            "date_of_birth": null,
            "is_call_center": false,
            "role": "TEACHER",
            "balance": "0.00",
            "salary": 0.0,
            "ball": 0.0,
            "monitoring": 0.0,
            "enter": "14:00:00",
            "leave": "20:00:00",
            "created_at": "2025-04-17T09:21:02.326Z",
            "updated_at": "2025-05-20T12:25:38.718Z",
            "is_archived": false,
            "groups": [],
            "user_permissions": [],
            "files": [],
            "filial": [
                1
            ]
        }
    },
    {
        "model": "finance.casher",
        "pk": "b2a528da-590b-4655-8b3b-3f381e888678",
        "fields": {
            "filial": 1,
            "created_at": "2025-05-21T04:22:23.016Z",
            "updated_at": "2025-05-21T04:22:23.017Z",
            "deleted_at": null,
            "name": "Kassa 1",
            "user": "1ef440ce-82b8-49d5-bf5d-c74604e64530",
            "role": "ACCOUNTANT"
        }
    },
    {
        "model": "finance.kind",
        "pk": "63e7e18a-2882-40dd-9a3e-a918905e26dd",
        "fields": {
            "filial": null,
            "created_at": "2025-04-12T12:14:13.914Z",
            "updated_at": "2025-04-12T12:14:13.914Z",
            "deleted_at": null,
            "action": "EXPENSE",
            "name": "Voucher",
            "color": "#3498DB"
        }
    },
    {
        "model": "finance.kind",
        "pk": "8088b094-337a-4d39-abb8-346dc2803ff4",
        "fields": {
            "filial": null,
            "created_at": "2025-04-12T12:14:13.961Z",
            "updated_at": "2025-04-12T12:14:13.961Z",
            "deleted_at": null,
            "action": "INCOME",
            "name": "CASHIER_ACCEPTANCE",
            "color": "#E63946"
        }
    },
    {
        "model": "finance.kind",
        "pk": "8c6462e8-35b2-4da3-85db-f1607c030006",
        "fields": {
            "filial": null,
            "created_at": "2025-04-12T12:14:13.919Z",
            "updated_at": "2025-04-12T12:14:13.919Z",
            "deleted_at": null,
            "action": "EXPENSE",
            "name": "Bonus",
            "color": "#33FF57"
        }
    },
    {
        "model": "finance.kind",
        "pk": "a4c69d92-5681-4e0a-ac6d-579c985e02ee",
        "fields": {
            "filial": null,
            "created_at": "2025-04-12T12:14:13.948Z",
            "updated_at": "2025-04-12T12:14:13.949Z",
            "deleted_at": null,
            "action": "EXPENSE",
            "name": "Money back",
            "color": "#9B5DE5"
        }
    },
    {
        "model": "finance.kind",
        "pk": "b158a844-5fea-4d7b-a1d3-b5f3d50fcd94",
        "fields": {
            "filial": null,
            "created_at": "2025-04-12T12:14:13.944Z",
            "updated_at": "2025-04-12T12:14:13.944Z",
            "deleted_at": null,
            "action": "INCOME",
            "name": "Lesson payment",
            "color": "#F4A261"
        }
    },
    {
        "model": "finance.kind",
        "pk": "d538abb3-77a5-411a-a457-7d72adf239bc",
        "fields": {
            "filial": null,
            "created_at": "2025-04-12T12:14:13.954Z",
            "updated_at": "2025-04-12T12:14:13.954Z",
            "deleted_at": null,
            "action": "EXPENSE",
            "name": "CASHIER_HANDOVER",
            "color": "#00C9A7"
        }
    },
    {
        "model": "finance.kind",
        "pk": "d6ab3be7-e1b3-460e-b56f-d6382eda1510",
        "fields": {
            "filial": null,
            "created_at": "2025-04-12T12:14:13.937Z",
            "updated_at": "2025-04-12T12:14:13.938Z",
            "deleted_at": null,
            "action": "INCOME",
            "name": "Course payment",
            "color": "#3357FF"
        }
    },
    {
        "model": "finance.kind",
        "pk": "f32a3565-1444-4171-a19b-bd2f0327125c",
        "fields": {
            "filial": null,
            "created_at": "2025-04-12T12:14:13.907Z",
            "updated_at": "2025-04-12T12:14:13.908Z",
            "deleted_at": null,
            "action": "EXPENSE",
            "name": "Salary",
            "color": "#FF5733"
        }
    },
    {
        "model": "finance.finance",
        "pk": "8999032a-0545-4146-aa0c-9b1281cf118e",
        "fields": {
            "filial": 1,
            "created_at": "2025-05-21T04:22:53.346Z",
            "updated_at": "2025-05-21T04:22:53.347Z",
            "deleted_at": null,
            "casher": "b2a528da-590b-4655-8b3b-3f381e888678",
            "action": "INCOME",
            "amount": 1000000.0,
            "kind": "d6ab3be7-e1b3-460e-b56f-d6382eda1510",
            "payment_method": "Click",
            "attendance": null,
            "student": "167655a3-08ef-4b4c-b2e7-23ffe0a2d9ad",
            "lid": null,
            "stuff": null,
            "creator": "0d91d137-d528-4184-be38-fc89981d5074",
            "comment": "",
            "is_first": false,
            "is_given": false
        }
    },
    {
        "model": "finance.kpifinance",
        "pk": "7abf9a79-765a-4d79-b403-dffaa1d488ac",
        "fields": {
            "filial": null,
            "created_at": "2025-05-21T04:17:40.949Z",
            "updated_at": "2025-05-21T04:17:40.949Z",
            "deleted_at": null,
            "user": "8f648e4e-beb1-4f59-990f-a04408c6a078",
            "lid": "bcc7a32d-472f-4e2a-aede-5825d0705145",
            "student": null,
            "reason": "Sadriddin Ravshanov ning buyurtma sifatida yaratilganligi uchun bonus !",
            "amount": 0.0,
            "type": "INCOME"
        }
    },
    {
        "model": "finance.kpifinance",
        "pk": "a9dbe027-d37b-4d00-9260-943db9443088",
        "fields": {
            "filial": null,
            "created_at": "2025-05-21T04:22:53.356Z",
            "updated_at": "2025-05-21T04:22:53.356Z",
            "deleted_at": null,
            "user": "b4e679f8-aa06-4b39-b248-a2fc4b2fa93a",
            "lid": null,
            "student": "167655a3-08ef-4b4c-b2e7-23ffe0a2d9ad",
            "reason": "Hizmat ko'rsatgan Sadriddin Ravshanov o'quvchi uchun bonus ",
            "amount": 10000.0,
            "type": "INCOME"
        }
    },
    {
        "model": "finance.kpifinance",
        "pk": "d68d693a-7f64-4128-af57-35942dfe87e4",
        "fields": {
            "filial": null,
            "created_at": "2025-05-21T04:22:53.366Z",
            "updated_at": "2025-05-21T04:22:53.367Z",
            "deleted_at": null,
            "user": "59bc1408-3a4d-4200-ba53-dc7fe027dd88",
            "lid": null,
            "student": "167655a3-08ef-4b4c-b2e7-23ffe0a2d9ad",
            "reason": "Sadriddin Ravshanov ning active o'quvchiga o'tganligi uchun bonus ",
            "amount": 10000.0,
            "type": "INCOME"
        }
    },
    {
        "model": "finance.kpifinance",
        "pk": "f63e7a6a-e95e-42c5-9171-f19e16c81ffd",
        "fields": {
            "filial": null,
            "created_at": "2025-05-21T04:22:53.361Z",
            "updated_at": "2025-05-21T04:22:53.361Z",
            "deleted_at": null,
            "user": "b4e679f8-aa06-4b39-b248-a2fc4b2fa93a",
            "lid": null,
            "student": "167655a3-08ef-4b4c-b2e7-23ffe0a2d9ad",
            "reason": "Hizmat ko'rsatgan Sadriddin Ravshanov o'quvchi uchun bonus ",
            "amount": 10000.0,
            "type": "INCOME"
        }
    },
    {
        "model": "compensation.compensation",
        "pk": "2704320e-a744-4f81-8301-0495575fc1e2",
        "fields": {
            "filial": null,
            "created_at": "2025-04-22T07:29:54.288Z",
            "updated_at": "2025-04-22T07:29:54.290Z",
            "deleted_at": null,
            "name": "Jami qarzdor o'quvchilar sonining 70% dan 80.1% gacha bo'lgan qismi (Jarima)",
            "user": "1ef440ce-82b8-49d5-bf5d-c74604e64530",
            "amount": "500000.00"
        }
    },
    {
        "model": "compensation.compensation",
        "pk": "36a8050a-ae07-4d84-be1c-c853c63fdfeb",
        "fields": {
            "filial": null,
            "created_at": "2025-04-22T07:55:20.663Z",
            "updated_at": "2025-04-22T07:55:20.663Z",
            "deleted_at": null,
            "name": "Agar o’quvchi ketib qolsa jarima yoziladi (Jarima)",
            "user": "b4e679f8-aa06-4b39-b248-a2fc4b2fa93a",
            "amount": "15000.00"
        }
    },
    {
        "model": "compensation.compensation",
        "pk": "98b71c18-e63c-4b8b-9bb1-39b7611f5600",
        "fields": {
            "filial": null,
            "created_at": "2025-04-22T07:29:54.239Z",
            "updated_at": "2025-04-22T07:29:54.239Z",
            "deleted_at": null,
            "name": "Jami qarzdor o'quvchilar sonining 70% dan kichik bo'lgan qismi (Jarima)",
            "user": "1ef440ce-82b8-49d5-bf5d-c74604e64530",
            "amount": "1000000.00"
        }
    },
    {
        "model": "compensation.compensation",
        "pk": "e548ae30-f0e0-4015-a1f9-67b137091e41",
        "fields": {
            "filial": null,
            "created_at": "2025-04-22T07:29:54.237Z",
            "updated_at": "2025-04-22T07:29:54.238Z",
            "deleted_at": null,
            "name": "Jami qarzdor o'quvchilar sonining 80.1% dan 85% gacha bo'lgan qismi (Jarima)",
            "user": "1ef440ce-82b8-49d5-bf5d-c74604e64530",
            "amount": "300000.00"
        }
    },
    {
        "model": "compensation.bonus",
        "pk": "08006259-e6c6-46dd-bffe-68fb32c158e3",
        "fields": {
            "filial": null,
            "created_at": "2025-04-17T09:15:43.248Z",
            "updated_at": "2025-04-17T09:15:43.249Z",
            "deleted_at": null,
            "name": "O’quvchi to’lagan summadan foiz beriladi",
            "user": "1ec7447f-3a88-4302-ac64-74f1e371ba25",
            "amount": "30.00"
        }
    },
    {
        "model": "compensation.bonus",
        "pk": "203ca45e-bf73-428b-8198-fcb1c6c1da44",
        "fields": {
            "filial": null,
            "created_at": "2025-04-22T07:29:53.954Z",
            "updated_at": "2025-04-22T07:29:53.954Z",
            "deleted_at": null,
            "name": "Jami yangi va aktiv o'quvchi o'quvchilarning 98% dan 99.9% gacha bo'lgan qismi uchun bonus",
            "user": "1ef440ce-82b8-49d5-bf5d-c74604e64530",
            "amount": "1000000.00"
        }
    },
    {
        "model": "compensation.bonus",
        "pk": "32c3ddc0-3a73-417d-b3f3-64a54e4ed209",
        "fields": {
            "filial": null,
            "created_at": "2025-04-16T01:03:37.974Z",
            "updated_at": "2025-04-21T17:19:12.889Z",
            "deleted_at": null,
            "name": "O’quvchi to’lagan summadan foiz beriladi",
            "user": "c19f7b09-32cb-4465-93dc-0129155db565",
            "amount": "30.00"
        }
    },
    {
        "model": "compensation.bonus",
        "pk": "334ecbd9-9cae-4077-bcd9-20e2b4232352",
        "fields": {
            "filial": null,
            "created_at": "2025-05-21T05:11:22.381Z",
            "updated_at": "2025-05-21T05:11:22.381Z",
            "deleted_at": null,
            "name": "Markazga kelgan o‘quvchi uchun bonus",
            "user": "efc9909a-e992-4e64-8e00-632a3b0f833b",
            "amount": "10.00"
        }
    },
    {
        "model": "compensation.bonus",
        "pk": "33fce398-d000-4993-85c8-73455c50862b",
        "fields": {
            "filial": null,
            "created_at": "2025-05-21T07:16:54.439Z",
            "updated_at": "2025-05-21T07:30:06.240Z",
            "deleted_at": null,
            "name": "Markazga kelgan o‘quvchi uchun bonus",
            "user": "193d1b06-8a55-4554-85f4-6efea4beec0d",
            "amount": "1.00"
        }
    },
    {
        "model": "compensation.bonus",
        "pk": "3c300ee3-7d1d-48c8-845a-61b807389730",
        "fields": {
            "filial": null,
            "created_at": "2025-04-22T07:29:53.888Z",
            "updated_at": "2025-04-22T07:29:53.889Z",
            "deleted_at": null,
            "name": "Jami yangi va aktiv o'quvchi o'quvchilarning 93% dan 94.9% gacha bo'lgan qismi uchun bonus",
            "user": "1ef440ce-82b8-49d5-bf5d-c74604e64530",
            "amount": "0.00"
        }
    },
    {
        "model": "compensation.bonus",
        "pk": "4ae3384c-fed3-4cfc-94ec-884a87a7e122",
        "fields": {
            "filial": null,
            "created_at": "2025-04-22T07:44:07.368Z",
            "updated_at": "2025-04-22T07:44:07.368Z",
            "deleted_at": null,
            "name": "Markazga kelgan o‘quvchi uchun bonus",
            "user": "59bc1408-3a4d-4200-ba53-dc7fe027dd88",
            "amount": "5000.00"
        }
    },
    {
        "model": "compensation.bonus",
        "pk": "4df62de1-3208-4227-80ff-eae88e7350a2",
        "fields": {
            "filial": null,
            "created_at": "2025-04-22T07:44:07.614Z",
            "updated_at": "2025-04-22T07:44:07.615Z",
            "deleted_at": null,
            "name": "Sinov darsiga kelgani uchun bonus",
            "user": "59bc1408-3a4d-4200-ba53-dc7fe027dd88",
            "amount": "5000.00"
        }
    },
    {
        "model": "compensation.bonus",
        "pk": "53f33d47-bdb1-4b05-ab38-0c7df8a0472a",
        "fields": {
            "filial": null,
            "created_at": "2025-05-21T07:02:21.153Z",
            "updated_at": "2025-05-21T07:02:21.153Z",
            "deleted_at": null,
            "name": "Markazga kelgan o‘quvchi uchun bonus",
            "user": "ec5e034a-c60d-4f88-803f-47449f59cfd3",
            "amount": "0.00"
        }
    },
    {
        "model": "compensation.bonus",
        "pk": "590b1ee5-6fea-4636-bc52-bc8960d85132",
        "fields": {
            "filial": null,
            "created_at": "2025-05-21T04:16:50.258Z",
            "updated_at": "2025-05-21T04:16:50.259Z",
            "deleted_at": null,
            "name": "Markazga kelgan o‘quvchi uchun bonus",
            "user": "8f648e4e-beb1-4f59-990f-a04408c6a078",
            "amount": "1000.00"
        }
    },
    {
        "model": "compensation.bonus",
        "pk": "5c5ab05c-8fae-47c7-8ad3-7a5d7d521fe4",
        "fields": {
            "filial": null,
            "created_at": "2025-04-22T07:55:20.415Z",
            "updated_at": "2025-04-22T07:55:20.415Z",
            "deleted_at": null,
            "name": "Hizmat ko’rsatgan har bir Aktiv o'quvchi uchun bonus",
            "user": "b4e679f8-aa06-4b39-b248-a2fc4b2fa93a",
            "amount": "10000.00"
        }
    },
    {
        "model": "compensation.bonus",
        "pk": "61f55315-66db-4f96-871a-88caad2a305e",
        "fields": {
            "filial": null,
            "created_at": "2025-04-22T07:29:54.172Z",
            "updated_at": "2025-04-22T07:29:54.173Z",
            "deleted_at": null,
            "name": "Jami yangi va aktiv o'quvchi o'quvchilarning 100% gacha bo'lgan qismi uchun bonus",
            "user": "1ef440ce-82b8-49d5-bf5d-c74604e64530",
            "amount": "1500000.00"
        }
    },
    {
        "model": "compensation.bonus",
        "pk": "91205cc4-a89d-4b0e-bcb2-9f717ffb6988",
        "fields": {
            "filial": null,
            "created_at": "2025-04-22T01:48:57.678Z",
            "updated_at": "2025-04-22T01:48:57.678Z",
            "deleted_at": null,
            "name": "O’quvchi to’lagan summadan foiz beriladi",
            "user": "e59b292a-3389-4a04-8813-6dee001d87b6",
            "amount": "30.00"
        }
    },
    {
        "model": "compensation.bonus",
        "pk": "a3b09a33-354d-4fdd-acea-aa1235a26e11",
        "fields": {
            "filial": null,
            "created_at": "2025-04-22T07:44:07.616Z",
            "updated_at": "2025-04-22T07:44:07.616Z",
            "deleted_at": null,
            "name": "Aktiv o'quvchiga aylangan yangi o’quvchi uchun bonus",
            "user": "59bc1408-3a4d-4200-ba53-dc7fe027dd88",
            "amount": "10000.00"
        }
    },
    {
        "model": "compensation.bonus",
        "pk": "a6ad7cf5-1c5f-4605-994d-bb7feb78a82d",
        "fields": {
            "filial": null,
            "created_at": "2025-04-16T00:47:30.289Z",
            "updated_at": "2025-04-16T00:47:30.290Z",
            "deleted_at": null,
            "name": "Aktiv o'quvchi soniga bonus",
            "user": "e4d10a84-4c8a-4016-9d23-d84b064722f9",
            "amount": "1.00"
        }
    },
    {
        "model": "compensation.bonus",
        "pk": "a8c289f9-96a2-4609-895c-e1ebecd9723a",
        "fields": {
            "filial": null,
            "created_at": "2025-04-21T12:50:46.944Z",
            "updated_at": "2025-04-21T12:50:46.944Z",
            "deleted_at": null,
            "name": "Bir oyda 10 marta kelgan har bir oquvchi uchun bonus",
            "user": "0c634ef1-3f99-4acb-9d8d-61c3016ce15b",
            "amount": "10000.00"
        }
    },
    {
        "model": "compensation.bonus",
        "pk": "c1d4ca6c-8ad1-4601-88a5-d49194c13d9f",
        "fields": {
            "filial": null,
            "created_at": "2025-04-17T09:21:02.574Z",
            "updated_at": "2025-04-21T13:24:49.782Z",
            "deleted_at": null,
            "name": "O’quvchi to’lagan summadan foiz beriladi",
            "user": "fe91cfcf-378d-44a5-9a26-1afc17288585",
            "amount": "30.00"
        }
    },
    {
        "model": "compensation.bonus",
        "pk": "d8922347-ec75-4559-96a6-fe693289c8cc",
        "fields": {
            "filial": null,
            "created_at": "2025-05-21T04:46:43.999Z",
            "updated_at": "2025-05-21T04:51:19.326Z",
            "deleted_at": null,
            "name": "O’quvchi to’lagan summadan foiz beriladi",
            "user": "5835588f-ec8d-4384-b185-5bd1b1b13f12",
            "amount": "1.00"
        }
    },
    {
        "model": "compensation.bonus",
        "pk": "ef665604-c221-41fb-aa69-a3d36bf090ea",
        "fields": {
            "filial": null,
            "created_at": "2025-04-22T07:44:07.489Z",
            "updated_at": "2025-04-22T07:44:07.489Z",
            "deleted_at": null,
            "name": "Yaratilgan buyurtma uchun bonus",
            "user": "59bc1408-3a4d-4200-ba53-dc7fe027dd88",
            "amount": "5000.00"
        }
    },
    {
        "model": "compensation.bonus",
        "pk": "f4544c71-1da8-4126-a602-3802c5f6c8f9",
        "fields": {
            "filial": null,
            "created_at": "2025-04-22T07:29:54.151Z",
            "updated_at": "2025-04-22T07:29:54.152Z",
            "deleted_at": null,
            "name": "Jami yangi va aktiv o'quvchi o'quvchilarning 95% dan 97.9% gacha bo'lgan qismi uchun bonus",
            "user": "1ef440ce-82b8-49d5-bf5d-c74604e64530",
            "amount": "500000.00"
        }
    },
    {
        "model": "compensation.bonus",
        "pk": "f7e4992e-39e0-4b1e-a659-42ca2809330e",
        "fields": {
            "filial": null,
            "created_at": "2025-04-22T07:29:53.762Z",
            "updated_at": "2025-04-22T07:29:53.763Z",
            "deleted_at": null,
            "name": "Har bir qarzdor bo’lmagan va Aktiv o'quvchi uchun bonus",
            "user": "1ef440ce-82b8-49d5-bf5d-c74604e64530",
            "amount": "5000.00"
        }
    },
    {
        "model": "compensation.page",
        "pk": "00976de5-8ee8-40cf-87f3-33a481a22f9e",
        "fields": {
            "filial": null,
            "created_at": "2025-04-21T12:50:47.406Z",
            "updated_at": "2025-04-21T12:50:47.406Z",
            "deleted_at": null,
            "user": "0c634ef1-3f99-4acb-9d8d-61c3016ce15b",
            "name": "edu_report",
            "is_editable": false,
            "is_readable": false,
            "is_parent": false
        }
    },
    {
        "model": "compensation.page",
        "pk": "00c30b03-c966-4c06-a385-aa7c4e402fa8",
        "fields": {
            "filial": null,
            "created_at": "2025-05-21T05:11:23.551Z",
            "updated_at": "2025-05-21T05:11:23.552Z",
            "deleted_at": null,
            "user": "efc9909a-e992-4e64-8e00-632a3b0f833b",
            "name": "employees_data",
            "is_editable": false,
            "is_readable": false,
            "is_parent": false
        }
    },
    {
        "model": "compensation.page",
        "pk": "00d69905-9120-4945-9a0d-5429b4fb0e5a",
        "fields": {
            "filial": null,
            "created_at": "2025-04-21T12:50:47.712Z",
            "updated_at": "2025-04-21T12:50:47.712Z",
            "deleted_at": null,
            "user": "0c634ef1-3f99-4acb-9d8d-61c3016ce15b",
            "name": "edu_section",
            "is_editable": false,
            "is_readable": true,
            "is_parent": false
        }
    },
    {
        "model": "compensation.page",
        "pk": "016f14bf-728f-44ef-b148-4b459a5b4730",
        "fields": {
            "filial": null,
            "created_at": "2025-04-17T09:21:03.777Z",
            "updated_at": "2025-04-17T09:21:03.777Z",
            "deleted_at": null,
            "user": "fe91cfcf-378d-44a5-9a26-1afc17288585",
            "name": "shop",
            "is_editable": false,
            "is_readable": false,
            "is_parent": false
        }
    },
    {
        "model": "compensation.page",
        "pk": "02ca9469-60c4-4b04-9212-01dc77f5d888",
        "fields": {
            "filial": null,
            "created_at": "2025-04-17T09:21:02.997Z",
            "updated_at": "2025-04-17T09:21:02.997Z",
            "deleted_at": null,
            "user": "fe91cfcf-378d-44a5-9a26-1afc17288585",
            "name": "students",
            "is_editable": false,
            "is_readable": true,
            "is_parent": false
        }
    },
    {
        "model": "compensation.page",
        "pk": "02eeb757-a879-41a2-8b66-90d3351c51bf",
        "fields": {
            "filial": null,
            "created_at": "2025-05-21T04:16:50.481Z",
            "updated_at": "2025-05-21T04:16:50.482Z",
            "deleted_at": null,
            "user": "8f648e4e-beb1-4f59-990f-a04408c6a078",
            "name": "edu_report",
            "is_editable": false,
            "is_readable": false,
            "is_parent": false
        }
    },
    {
        "model": "compensation.page",
        "pk": "0317ebe4-4f01-4e02-a563-70734c0fe5ae",
        "fields": {
            "filial": null,
            "created_at": "2025-05-21T07:02:21.325Z",
            "updated_at": "2025-05-21T07:02:21.326Z",
            "deleted_at": null,
            "user": "ec5e034a-c60d-4f88-803f-47449f59cfd3",
            "name": "new_leads",
            "is_editable": true,
            "is_readable": true,
            "is_parent": false
        }
    },
    {
        "model": "compensation.page",
        "pk": "04352681-9ac2-4f95-b110-a3bda365408d",
        "fields": {
            "filial": null,
            "created_at": "2025-04-12T12:14:13.656Z",
            "updated_at": "2025-04-12T12:14:13.657Z",
            "deleted_at": null,
            "user": "0d91d137-d528-4184-be38-fc89981d5074",
            "name": "edu_section",
            "is_editable": true,
            "is_readable": true,
            "is_parent": false
        }
    },
    {
        "model": "compensation.page",
        "pk": "0515e39e-eff9-43d0-98de-d7390f3d8c43",
        "fields": {
            "filial": null,
            "created_at": "2025-04-22T07:29:54.947Z",
            "updated_at": "2025-04-22T07:29:54.947Z",
            "deleted_at": null,
            "user": "1ef440ce-82b8-49d5-bf5d-c74604e64530",
            "name": "monitoring_page",
            "is_editable": false,
            "is_readable": false,
            "is_parent": false
        }
    },
    {
        "model": "compensation.page",
        "pk": "05e621bb-f1de-47b5-99db-1afc3dff3c34",
        "fields": {
            "filial": null,
            "created_at": "2025-04-21T12:50:47.784Z",
            "updated_at": "2025-04-21T12:50:47.784Z",
            "deleted_at": null,
            "user": "0c634ef1-3f99-4acb-9d8d-61c3016ce15b",
            "name": "rooms",
            "is_editable": false,
            "is_readable": true,
            "is_parent": false
        }
    },
    {
        "model": "compensation.page",
        "pk": "060679dd-2611-4ff9-8dd5-21a3b5f3a81a",
        "fields": {
            "filial": null,
            "created_at": "2025-04-22T01:48:59.068Z",
            "updated_at": "2025-04-22T01:48:59.068Z",
            "deleted_at": null,
            "user": "e59b292a-3389-4a04-8813-6dee001d87b6",
            "name": "employees_archive",
            "is_editable": true,
            "is_readable": true,
            "is_parent": false
        }
    },
    {
        "model": "compensation.page",
        "pk": "074e2802-11ad-4552-9350-f37f223c3f5c",
        "fields": {
            "filial": null,
            "created_at": "2025-04-17T09:21:02.804Z",
            "updated_at": "2025-04-17T09:21:02.804Z",
            "deleted_at": null,
            "user": "fe91cfcf-378d-44a5-9a26-1afc17288585",
            "name": "edu_report",
            "is_editable": false,
            "is_readable": false,
            "is_parent": false
        }
    },
    {
        "model": "compensation.page",
        "pk": "075afd46-6382-4a66-9344-3e0604e50fa3",
        "fields": {
            "filial": null,
            "created_at": "2025-04-22T07:55:21.466Z",
            "updated_at": "2025-04-22T07:55:21.467Z",
            "deleted_at": null,
            "user": "b4e679f8-aa06-4b39-b248-a2fc4b2fa93a",
            "name": "cashiers",
            "is_editable": false,
            "is_readable": false,
            "is_parent": false
        }
    },
    {
        "model": "compensation.page",
        "pk": "07bb8b81-9b9f-447d-bfae-764d4266df24",
        "fields": {
            "filial": null,
            "created_at": "2025-04-16T00:47:31.124Z",
            "updated_at": "2025-04-16T00:47:31.125Z",
            "deleted_at": null,
            "user": "e4d10a84-4c8a-4016-9d23-d84b064722f9",
            "name": "edu_section",
            "is_editable": true,
            "is_readable": true,
            "is_parent": false
        }
    },
    {
        "model": "compensation.page",
        "pk": "089a609c-ba37-494b-a9cb-9afd3bc525c3",
        "fields": {
            "filial": null,
            "created_at": "2025-04-16T01:03:38.691Z",
            "updated_at": "2025-04-16T01:03:38.691Z",
            "deleted_at": null,
            "user": "c19f7b09-32cb-4465-93dc-0129155db565",
            "name": "rooms",
            "is_editable": true,
            "is_readable": true,
            "is_parent": false
        }
    },
    {
        "model": "compensation.page",
        "pk": "091f6d94-0072-488c-9191-1ce82ab599d9",
        "fields": {
            "filial": null,
            "created_at": "2025-04-17T09:21:02.767Z",
            "updated_at": "2025-04-17T09:21:02.768Z",
            "deleted_at": null,
            "user": "fe91cfcf-378d-44a5-9a26-1afc17288585",
            "name": "admin_report",
            "is_editable": false,
            "is_readable": false,
            "is_parent": false
        }
    },
    {
        "model": "compensation.page",
        "pk": "0b7cb347-cca1-40c8-9635-2fb0506c8cf9",
        "fields": {
            "filial": null,
            "created_at": "2025-04-22T07:29:54.877Z",
            "updated_at": "2025-04-22T07:29:54.877Z",
            "deleted_at": null,
            "user": "1ef440ce-82b8-49d5-bf5d-c74604e64530",
            "name": "employees_data",
            "is_editable": false,
            "is_readable": false,
            "is_parent": false
        }
    },
    {
        "model": "compensation.page",
        "pk": "0ba4dd94-465d-45f3-9a4e-4074ae365c41",
        "fields": {
            "filial": null,
            "created_at": "2025-04-17T09:21:03.250Z",
            "updated_at": "2025-04-17T09:21:03.251Z",
            "deleted_at": null,
            "user": "fe91cfcf-378d-44a5-9a26-1afc17288585",
            "name": "rooms",
            "is_editable": false,
            "is_readable": true,
            "is_parent": false
        }
    },
    {
        "model": "compensation.page",
        "pk": "0bba0118-ee2e-4c12-bf6d-1cc19f3184c6",
        "fields": {
            "filial": null,
            "created_at": "2025-05-21T07:02:22.299Z",
            "updated_at": "2025-05-21T07:02:22.300Z",
            "deleted_at": null,
            "user": "ec5e034a-c60d-4f88-803f-47449f59cfd3",
            "name": "shop",
            "is_editable": false,
            "is_readable": false,
            "is_parent": false
        }
    },
    {
        "model": "compensation.page",
        "pk": "0c6840dc-a67f-4e35-b176-1749ff6e4040",
        "fields": {
            "filial": null,
            "created_at": "2025-04-12T12:14:13.698Z",
            "updated_at": "2025-04-12T12:14:13.698Z",
            "deleted_at": null,
            "user": "0d91d137-d528-4184-be38-fc89981d5074",
            "name": "schedule",
            "is_editable": true,
            "is_readable": true,
            "is_parent": false
        }
    },
    {
        "model": "compensation.page",
        "pk": "0ce61b37-75aa-4284-a4e5-8fe1ed0fa589",
        "fields": {
            "filial": null,
            "created_at": "2025-05-21T05:11:23.044Z",
            "updated_at": "2025-05-21T05:11:23.045Z",
            "deleted_at": null,
            "user": "efc9909a-e992-4e64-8e00-632a3b0f833b",
            "name": "control",
            "is_editable": false,
            "is_readable": false,
            "is_parent": false
        }
    },
    {
        "model": "compensation.page",
        "pk": "0e29e4fb-c36e-4b7d-8ca0-a816b5ed45b5",
        "fields": {
            "filial": null,
            "created_at": "2025-05-21T07:02:21.884Z",
            "updated_at": "2025-05-21T07:02:21.884Z",
            "deleted_at": null,
            "user": "ec5e034a-c60d-4f88-803f-47449f59cfd3",
            "name": "groups",
            "is_editable": false,
            "is_readable": false,
            "is_parent": false
        }
    },
    {
        "model": "compensation.page",
        "pk": "0e2e7d24-1628-491e-8ebc-5f23eb3f76ab",
        "fields": {
            "filial": null,
            "created_at": "2025-04-22T07:44:07.752Z",
            "updated_at": "2025-04-22T07:44:07.752Z",
            "deleted_at": null,
            "user": "59bc1408-3a4d-4200-ba53-dc7fe027dd88",
            "name": "leads",
            "is_editable": true,
            "is_readable": true,
            "is_parent": false
        }
    },
    {
        "model": "compensation.page",
        "pk": "0e689131-d841-4384-b611-20ad9bbe402b",
        "fields": {
            "filial": null,
            "created_at": "2025-05-21T04:46:44.403Z",
            "updated_at": "2025-05-21T04:46:44.403Z",
            "deleted_at": null,
            "user": "5835588f-ec8d-4384-b185-5bd1b1b13f12",
            "name": "leads",
            "is_editable": true,
            "is_readable": true,
            "is_parent": false
        }
    },
    {
        "model": "compensation.page",
        "pk": "0edefb58-21d4-42c0-9625-80bc5b0af6b4",
        "fields": {
            "filial": null,
            "created_at": "2025-05-21T04:46:44.303Z",
            "updated_at": "2025-05-21T04:46:44.303Z",
            "deleted_at": null,
            "user": "5835588f-ec8d-4384-b185-5bd1b1b13f12",
            "name": "monitoring",
            "is_editable": true,
            "is_readable": true,
            "is_parent": false
        }
    },
    {
        "model": "compensation.page",
        "pk": "0ee3a831-204f-4384-8e06-eaea13b67244",
        "fields": {
            "filial": null,
            "created_at": "2025-04-17T09:21:03.725Z",
            "updated_at": "2025-04-17T09:21:03.725Z",
            "deleted_at": null,
            "user": "fe91cfcf-378d-44a5-9a26-1afc17288585",
            "name": "settings",
            "is_editable": false,
            "is_readable": false,
            "is_parent": false
        }
    },
    {
        "model": "compensation.page",
        "pk": "0f0131b3-1d5c-4126-931b-c5aac13b222f",
        "fields": {
            "filial": null,
            "created_at": "2025-04-21T12:50:47.921Z",
            "updated_at": "2025-04-21T12:50:47.921Z",
            "deleted_at": null,
            "user": "0c634ef1-3f99-4acb-9d8d-61c3016ce15b",
            "name": "tasks",
            "is_editable": false,
            "is_readable": true,
            "is_parent": false
        }
    },
    {
        "model": "compensation.page",
        "pk": "0f29ca6a-4c7e-474a-a698-73169b6d9d20",
        "fields": {
            "filial": null,
            "created_at": "2025-04-16T01:03:38.788Z",
            "updated_at": "2025-04-16T01:03:38.788Z",
            "deleted_at": null,
            "user": "c19f7b09-32cb-4465-93dc-0129155db565",
            "name": "control",
            "is_editable": true,
            "is_readable": true,
            "is_parent": false
        }
    },
    {
        "model": "compensation.page",
        "pk": "0f4352de-eb24-46d1-8465-e2964edc675a",
        "fields": {
            "filial": null,
            "created_at": "2025-05-21T04:46:44.857Z",
            "updated_at": "2025-05-21T04:46:44.857Z",
            "deleted_at": null,
            "user": "5835588f-ec8d-4384-b185-5bd1b1b13f12",
            "name": "test",
            "is_editable": false,
            "is_readable": true,
            "is_parent": false
        }
    },
    {
        "model": "compensation.page",
        "pk": "0f66e7cc-b4f4-4af5-a236-e6124d34f9e9",
        "fields": {
            "filial": null,
            "created_at": "2025-05-21T04:46:44.451Z",
            "updated_at": "2025-05-21T04:46:44.451Z",
            "deleted_at": null,
            "user": "5835588f-ec8d-4384-b185-5bd1b1b13f12",
            "name": "reports",
            "is_editable": true,
            "is_readable": true,
            "is_parent": false
        }
    },
    {
        "model": "compensation.page",
        "pk": "107f1280-51cd-4a00-9f94-8b38f3be39bb",
        "fields": {
            "filial": null,
            "created_at": "2025-04-17T09:15:44.452Z",
            "updated_at": "2025-04-17T09:15:44.452Z",
            "deleted_at": null,
            "user": "1ec7447f-3a88-4302-ac64-74f1e371ba25",
            "name": "materials",
            "is_editable": false,
            "is_readable": false,
            "is_parent": false
        }
    },
    {
        "model": "compensation.page",
        "pk": "10b72195-fab3-475d-b53f-886ed54237db",
        "fields": {
            "filial": null,
            "created_at": "2025-05-21T04:16:51.534Z",
            "updated_at": "2025-05-21T04:16:51.534Z",
            "deleted_at": null,
            "user": "8f648e4e-beb1-4f59-990f-a04408c6a078",
            "name": "results",
            "is_editable": false,
            "is_readable": false,
            "is_parent": false
        }
    },
    {
        "model": "compensation.page",
        "pk": "11d387f6-d55b-4822-9721-b5db07b6c639",
        "fields": {
            "filial": null,
            "created_at": "2025-04-22T07:55:21.356Z",
            "updated_at": "2025-04-22T07:55:21.357Z",
            "deleted_at": null,
            "user": "b4e679f8-aa06-4b39-b248-a2fc4b2fa93a",
            "name": "rooms",
            "is_editable": false,
            "is_readable": false,
            "is_parent": false
        }
    },
    {
        "model": "compensation.page",
        "pk": "13d0974e-a86c-433f-b28f-036db950d74b",
        "fields": {
            "filial": null,
            "created_at": "2025-04-22T07:29:54.520Z",
            "updated_at": "2025-04-22T07:29:54.520Z",
            "deleted_at": null,
            "user": "1ef440ce-82b8-49d5-bf5d-c74604e64530",
            "name": "new_leads",
            "is_editable": false,
            "is_readable": false,
            "is_parent": false
        }
    },
    {
        "model": "compensation.page",
        "pk": "14a04716-a04b-4960-8388-1122bda628d6",
        "fields": {
            "filial": null,
            "created_at": "2025-05-21T05:11:22.405Z",
            "updated_at": "2025-05-21T05:11:22.406Z",
            "deleted_at": null,
            "user": "efc9909a-e992-4e64-8e00-632a3b0f833b",
            "name": "reports",
            "is_editable": false,
            "is_readable": false,
            "is_parent": false
        }
    },
    {
        "model": "compensation.page",
        "pk": "14d56b4f-5cfb-4cdd-8b6c-dc754823cf8a",
        "fields": {
            "filial": null,
            "created_at": "2025-04-22T01:48:58.916Z",
            "updated_at": "2025-04-22T01:48:58.917Z",
            "deleted_at": null,
            "user": "e59b292a-3389-4a04-8813-6dee001d87b6",
            "name": "materials",
            "is_editable": true,
            "is_readable": true,
            "is_parent": false
        }
    },
    {
        "model": "compensation.page",
        "pk": "1510f061-647f-4666-8891-7957b4b1efc2",
        "fields": {
            "filial": null,
            "created_at": "2025-05-21T07:02:22.087Z",
            "updated_at": "2025-05-21T07:02:22.088Z",
            "deleted_at": null,
            "user": "ec5e034a-c60d-4f88-803f-47449f59cfd3",
            "name": "cashiers",
            "is_editable": false,
            "is_readable": false,
            "is_parent": false
        }
    },
    {
        "model": "compensation.page",
        "pk": "15815bb8-896b-4eab-ab4f-942c04361f70",
        "fields": {
            "filial": null,
            "created_at": "2025-04-22T07:55:21.735Z",
            "updated_at": "2025-04-22T07:55:21.735Z",
            "deleted_at": null,
            "user": "b4e679f8-aa06-4b39-b248-a2fc4b2fa93a",
            "name": "control",
            "is_editable": true,
            "is_readable": true,
            "is_parent": false
        }
    },
    {
        "model": "compensation.page",
        "pk": "15d8bf0d-80d6-430c-880c-d41b4d1e8c82",
        "fields": {
            "filial": null,
            "created_at": "2025-05-21T04:46:44.860Z",
            "updated_at": "2025-05-21T04:46:44.860Z",
            "deleted_at": null,
            "user": "5835588f-ec8d-4384-b185-5bd1b1b13f12",
            "name": "employees",
            "is_editable": false,
            "is_readable": true,
            "is_parent": false
        }
    },
    {
        "model": "compensation.page",
        "pk": "17a84526-6bf2-423e-8132-70d4a983be6f",
        "fields": {
            "filial": null,
            "created_at": "2025-05-21T07:02:22.278Z",
            "updated_at": "2025-05-21T07:02:22.278Z",
            "deleted_at": null,
            "user": "ec5e034a-c60d-4f88-803f-47449f59cfd3",
            "name": "employees_archive",
            "is_editable": false,
            "is_readable": false,
            "is_parent": false
        }
    },
    {
        "model": "compensation.page",
        "pk": "17b21cfb-467a-4f2d-838f-97e91e5371a4",
        "fields": {
            "filial": null,
            "created_at": "2025-04-22T07:44:07.927Z",
            "updated_at": "2025-04-22T07:44:07.927Z",
            "deleted_at": null,
            "user": "59bc1408-3a4d-4200-ba53-dc7fe027dd88",
            "name": "materials",
            "is_editable": false,
            "is_readable": false,
            "is_parent": false
        }
    },
    {
        "model": "compensation.page",
        "pk": "182bf3cc-66c1-49f0-8cb8-7e4a6eb7690c",
        "fields": {
            "filial": null,
            "created_at": "2025-04-12T12:14:13.608Z",
            "updated_at": "2025-04-12T12:14:13.608Z",
            "deleted_at": null,
            "user": "0d91d137-d528-4184-be38-fc89981d5074",
            "name": "leads",
            "is_editable": true,
            "is_readable": true,
            "is_parent": false
        }
    },
    {
        "model": "compensation.page",
        "pk": "189caa30-c21a-48b0-a0a8-ebb93a7e7e11",
        "fields": {
            "filial": null,
            "created_at": "2025-05-21T04:46:44.858Z",
            "updated_at": "2025-05-21T04:46:44.859Z",
            "deleted_at": null,
            "user": "5835588f-ec8d-4384-b185-5bd1b1b13f12",
            "name": "control",
            "is_editable": false,
            "is_readable": true,
            "is_parent": false
        }
    },
    {
        "model": "compensation.page",
        "pk": "19938e47-f233-4ac2-b196-52ab2c8ade02",
        "fields": {
            "filial": null,
            "created_at": "2025-04-12T12:14:13.667Z",
            "updated_at": "2025-04-12T12:14:13.667Z",
            "deleted_at": null,
            "user": "0d91d137-d528-4184-be38-fc89981d5074",
            "name": "subjects",
            "is_editable": true,
            "is_readable": true,
            "is_parent": false
        }
    },
    {
        "model": "compensation.page",
        "pk": "19c63b10-c03c-43e9-8ce7-7861f7f82f3d",
        "fields": {
            "filial": null,
            "created_at": "2025-04-22T01:48:59.075Z",
            "updated_at": "2025-04-22T01:48:59.075Z",
            "deleted_at": null,
            "user": "e59b292a-3389-4a04-8813-6dee001d87b6",
            "name": "employees",
            "is_editable": true,
            "is_readable": true,
            "is_parent": false
        }
    },
    {
        "model": "compensation.page",
        "pk": "19ca4d51-c6f7-414b-bf0c-495b21fca850",
        "fields": {
            "filial": null,
            "created_at": "2025-04-16T00:47:31.499Z",
            "updated_at": "2025-04-16T00:47:31.500Z",
            "deleted_at": null,
            "user": "e4d10a84-4c8a-4016-9d23-d84b064722f9",
            "name": "results",
            "is_editable": true,
            "is_readable": true,
            "is_parent": false
        }
    },
    {
        "model": "compensation.page",
        "pk": "1a700774-912d-4874-9f21-c7f3192f0d35",
        "fields": {
            "filial": null,
            "created_at": "2025-05-21T05:11:22.836Z",
            "updated_at": "2025-05-21T05:11:22.837Z",
            "deleted_at": null,
            "user": "efc9909a-e992-4e64-8e00-632a3b0f833b",
            "name": "active_students",
            "is_editable": false,
            "is_readable": false,
            "is_parent": false
        }
    },
    {
        "model": "compensation.page",
        "pk": "1a7cb0c3-a4cf-4b5d-9fd0-d21ed094a9f3",
        "fields": {
            "filial": null,
            "created_at": "2025-04-22T07:29:54.718Z",
            "updated_at": "2025-04-22T07:29:54.718Z",
            "deleted_at": null,
            "user": "1ef440ce-82b8-49d5-bf5d-c74604e64530",
            "name": "materials",
            "is_editable": false,
            "is_readable": false,
            "is_parent": false
        }
    },
    {
        "model": "compensation.page",
        "pk": "1aa8a550-f93c-478d-8579-c052197d7c4d",
        "fields": {
            "filial": null,
            "created_at": "2025-04-17T09:15:44.312Z",
            "updated_at": "2025-04-17T09:15:44.312Z",
            "deleted_at": null,
            "user": "1ec7447f-3a88-4302-ac64-74f1e371ba25",
            "name": "all_students",
            "is_editable": false,
            "is_readable": true,
            "is_parent": false
        }
    },
    {
        "model": "compensation.page",
        "pk": "1abe2e56-f00f-4050-a3a3-1dc958b4cd8e",
        "fields": {
            "filial": null,
            "created_at": "2025-05-21T04:16:51.726Z",
            "updated_at": "2025-05-21T04:16:51.726Z",
            "deleted_at": null,
            "user": "8f648e4e-beb1-4f59-990f-a04408c6a078",
            "name": "employees_data",
            "is_editable": false,
            "is_readable": false,
            "is_parent": false
        }
    },
    {
        "model": "compensation.page",
        "pk": "1ad283d4-99d8-429b-9450-2870ad04ec7f",
        "fields": {
            "filial": null,
            "created_at": "2025-05-21T04:16:51.355Z",
            "updated_at": "2025-05-21T04:16:51.356Z",
            "deleted_at": null,
            "user": "8f648e4e-beb1-4f59-990f-a04408c6a078",
            "name": "all_students",
            "is_editable": false,
            "is_readable": false,
            "is_parent": false
        }
    },
    {
        "model": "compensation.page",
        "pk": "1b6c8546-4c56-45a4-9209-61626801361d",
        "fields": {
            "filial": null,
            "created_at": "2025-04-22T07:44:08.104Z",
            "updated_at": "2025-04-22T07:44:08.104Z",
            "deleted_at": null,
            "user": "59bc1408-3a4d-4200-ba53-dc7fe027dd88",
            "name": "employees_data",
            "is_editable": false,
            "is_readable": false,
            "is_parent": false
        }
    },
    {
        "model": "compensation.page",
        "pk": "1bc1be21-207a-4d9b-8bb2-7b4fde783fa6",
        "fields": {
            "filial": null,
            "created_at": "2025-04-16T00:47:31.658Z",
            "updated_at": "2025-04-16T00:47:31.658Z",
            "deleted_at": null,
            "user": "e4d10a84-4c8a-4016-9d23-d84b064722f9",
            "name": "shop",
            "is_editable": true,
            "is_readable": true,
            "is_parent": false
        }
    },
    {
        "model": "compensation.page",
        "pk": "1e06eda8-eaea-42dc-a7b4-bdd2abd49c02",
        "fields": {
            "filial": null,
            "created_at": "2025-04-22T07:29:54.773Z",
            "updated_at": "2025-04-22T07:29:54.774Z",
            "deleted_at": null,
            "user": "1ef440ce-82b8-49d5-bf5d-c74604e64530",
            "name": "schedule",
            "is_editable": false,
            "is_readable": false,
            "is_parent": false
        }
    },
    {
        "model": "compensation.page",
        "pk": "1e455eeb-2e64-4165-81a5-6c5fde63d100",
        "fields": {
            "filial": null,
            "created_at": "2025-04-12T12:14:13.767Z",
            "updated_at": "2025-04-12T12:14:13.767Z",
            "deleted_at": null,
            "user": "0d91d137-d528-4184-be38-fc89981d5074",
            "name": "settings",
            "is_editable": true,
            "is_readable": true,
            "is_parent": false
        }
    },
    {
        "model": "compensation.page",
        "pk": "1e4c8095-6659-4cb9-b7cd-c2a1a65f3895",
        "fields": {
            "filial": null,
            "created_at": "2025-05-21T07:02:21.648Z",
            "updated_at": "2025-05-21T07:02:21.668Z",
            "deleted_at": null,
            "user": "ec5e034a-c60d-4f88-803f-47449f59cfd3",
            "name": "leads",
            "is_editable": true,
            "is_readable": true,
            "is_parent": false
        }
    },
    {
        "model": "compensation.page",
        "pk": "1ef701ed-45b9-4d89-93da-53c68f63dd79",
        "fields": {
            "filial": null,
            "created_at": "2025-04-16T00:47:31.087Z",
            "updated_at": "2025-04-16T00:47:31.087Z",
            "deleted_at": null,
            "user": "e4d10a84-4c8a-4016-9d23-d84b064722f9",
            "name": "all_students",
            "is_editable": true,
            "is_readable": true,
            "is_parent": false
        }
    },
    {
        "model": "compensation.page",
        "pk": "1f89db63-aff0-478a-855d-239027b17cdf",
        "fields": {
            "filial": null,
            "created_at": "2025-04-16T00:47:31.507Z",
            "updated_at": "2025-04-16T00:47:31.507Z",
            "deleted_at": null,
            "user": "e4d10a84-4c8a-4016-9d23-d84b064722f9",
            "name": "employees_data",
            "is_editable": true,
            "is_readable": true,
            "is_parent": false
        }
    },
    {
        "model": "compensation.page",
        "pk": "1fd0f5ba-ed39-4605-8541-12aff6cd29e6",
        "fields": {
            "filial": null,
            "created_at": "2025-04-22T07:55:21.754Z",
            "updated_at": "2025-04-22T07:55:21.754Z",
            "deleted_at": null,
            "user": "b4e679f8-aa06-4b39-b248-a2fc4b2fa93a",
            "name": "monitoring_page",
            "is_editable": true,
            "is_readable": true,
            "is_parent": false
        }
    },
    {
        "model": "compensation.page",
        "pk": "20434671-dbad-46cf-a945-80b90e72eaca",
        "fields": {
            "filial": null,
            "created_at": "2025-05-21T04:46:44.755Z",
            "updated_at": "2025-05-21T04:46:44.755Z",
            "deleted_at": null,
            "user": "5835588f-ec8d-4384-b185-5bd1b1b13f12",
            "name": "schedule",
            "is_editable": false,
            "is_readable": true,
            "is_parent": false
        }
    },
    {
        "model": "compensation.page",
        "pk": "2134847f-32fc-44fc-9907-82ff9ad66168",
        "fields": {
            "filial": null,
            "created_at": "2025-04-16T01:03:38.454Z",
            "updated_at": "2025-04-16T01:03:38.454Z",
            "deleted_at": null,
            "user": "c19f7b09-32cb-4465-93dc-0129155db565",
            "name": "leads",
            "is_editable": true,
            "is_readable": true,
            "is_parent": false
        }
    },
    {
        "model": "compensation.page",
        "pk": "217004db-4ccc-4882-8e26-1d45edb33e38",
        "fields": {
            "filial": null,
            "created_at": "2025-04-22T07:55:21.090Z",
            "updated_at": "2025-04-22T07:55:21.091Z",
            "deleted_at": null,
            "user": "b4e679f8-aa06-4b39-b248-a2fc4b2fa93a",
            "name": "new_students",
            "is_editable": true,
            "is_readable": true,
            "is_parent": false
        }
    },
    {
        "model": "compensation.page",
        "pk": "22b2b572-2d21-4617-a7de-ee24ce4be91f",
        "fields": {
            "filial": null,
            "created_at": "2025-04-17T09:15:44.865Z",
            "updated_at": "2025-04-17T09:15:44.865Z",
            "deleted_at": null,
            "user": "1ec7447f-3a88-4302-ac64-74f1e371ba25",
            "name": "control",
            "is_editable": false,
            "is_readable": false,
            "is_parent": false
        }
    },
    {
        "model": "compensation.page",
        "pk": "22cf7a5b-343e-4cd9-8e0b-88d525f2fca0",
        "fields": {
            "filial": null,
            "created_at": "2025-05-21T04:46:44.688Z",
            "updated_at": "2025-05-21T04:46:44.688Z",
            "deleted_at": null,
            "user": "5835588f-ec8d-4384-b185-5bd1b1b13f12",
            "name": "rooms",
            "is_editable": false,
            "is_readable": true,
            "is_parent": false
        }
    },
    {
        "model": "compensation.page",
        "pk": "2368bfeb-8299-49f5-9f47-59f3ef2ea91d",
        "fields": {
            "filial": null,
            "created_at": "2025-04-17T09:21:03.240Z",
            "updated_at": "2025-04-17T09:21:03.240Z",
            "deleted_at": null,
            "user": "fe91cfcf-378d-44a5-9a26-1afc17288585",
            "name": "groups",
            "is_editable": false,
            "is_readable": true,
            "is_parent": false
        }
    },
    {
        "model": "compensation.page",
        "pk": "23acd722-e8c7-4a42-ab73-51424f46ef0c",
        "fields": {
            "filial": null,
            "created_at": "2025-05-21T04:46:44.620Z",
            "updated_at": "2025-05-21T04:46:44.620Z",
            "deleted_at": null,
            "user": "5835588f-ec8d-4384-b185-5bd1b1b13f12",
            "name": "active_students",
            "is_editable": false,
            "is_readable": true,
            "is_parent": false
        }
    },
    {
        "model": "compensation.page",
        "pk": "24f1a764-78ee-4cb4-b727-87b614fc02cd",
        "fields": {
            "filial": null,
            "created_at": "2025-04-22T01:48:58.298Z",
            "updated_at": "2025-04-22T01:48:58.298Z",
            "deleted_at": null,
            "user": "e59b292a-3389-4a04-8813-6dee001d87b6",
            "name": "archived_students",
            "is_editable": true,
            "is_readable": true,
            "is_parent": false
        }
    },
    {
        "model": "compensation.page",
        "pk": "2517df3f-c242-4546-b5a9-7b77b8fa6120",
        "fields": {
            "filial": null,
            "created_at": "2025-04-22T07:55:20.840Z",
            "updated_at": "2025-04-22T07:55:20.840Z",
            "deleted_at": null,
            "user": "b4e679f8-aa06-4b39-b248-a2fc4b2fa93a",
            "name": "monitoring",
            "is_editable": false,
            "is_readable": false,
            "is_parent": false
        }
    },
    {
        "model": "compensation.page",
        "pk": "26535c48-d1af-44cf-85ed-20c55f0d212b",
        "fields": {
            "filial": null,
            "created_at": "2025-05-21T05:11:22.834Z",
            "updated_at": "2025-05-21T05:11:22.834Z",
            "deleted_at": null,
            "user": "efc9909a-e992-4e64-8e00-632a3b0f833b",
            "name": "archived_students",
            "is_editable": false,
            "is_readable": false,
            "is_parent": false
        }
    },
    {
        "model": "compensation.page",
        "pk": "2708d3c5-86e1-46ba-9e2a-54af77615fd0",
        "fields": {
            "filial": null,
            "created_at": "2025-04-16T01:03:38.873Z",
            "updated_at": "2025-04-16T01:03:38.873Z",
            "deleted_at": null,
            "user": "c19f7b09-32cb-4465-93dc-0129155db565",
            "name": "settings",
            "is_editable": false,
            "is_readable": false,
            "is_parent": false
        }
    },
    {
        "model": "compensation.page",
        "pk": "27247e16-1a77-4124-955b-fabcf0410deb",
        "fields": {
            "filial": null,
            "created_at": "2025-04-12T12:14:13.572Z",
            "updated_at": "2025-04-12T12:14:13.573Z",
            "deleted_at": null,
            "user": "0d91d137-d528-4184-be38-fc89981d5074",
            "name": "reports",
            "is_editable": true,
            "is_readable": true,
            "is_parent": false
        }
    },
    {
        "model": "compensation.page",
        "pk": "273a14f1-7ee4-419d-a12b-447b47d2ff0e",
        "fields": {
            "filial": null,
            "created_at": "2025-04-22T07:44:08.180Z",
            "updated_at": "2025-04-22T07:44:08.181Z",
            "deleted_at": null,
            "user": "59bc1408-3a4d-4200-ba53-dc7fe027dd88",
            "name": "settings",
            "is_editable": false,
            "is_readable": false,
            "is_parent": false
        }
    },
    {
        "model": "compensation.page",
        "pk": "28192122-4ba2-43ff-a155-cf5eee0927f0",
        "fields": {
            "filial": null,
            "created_at": "2025-04-22T07:44:07.669Z",
            "updated_at": "2025-04-22T07:44:07.669Z",
            "deleted_at": null,
            "user": "59bc1408-3a4d-4200-ba53-dc7fe027dd88",
            "name": "monitoring",
            "is_editable": false,
            "is_readable": false,
            "is_parent": false
        }
    },
    {
        "model": "compensation.page",
        "pk": "281d6867-d22a-48bb-9a73-9cbf8d516b28",
        "fields": {
            "filial": null,
            "created_at": "2025-04-22T01:48:58.343Z",
            "updated_at": "2025-04-22T01:48:58.343Z",
            "deleted_at": null,
            "user": "e59b292a-3389-4a04-8813-6dee001d87b6",
            "name": "all_students",
            "is_editable": true,
            "is_readable": true,
            "is_parent": false
        }
    },
    {
        "model": "compensation.page",
        "pk": "2930246f-08ed-45e7-bab4-002fca960b6d",
        "fields": {
            "filial": null,
            "created_at": "2025-05-21T05:11:22.635Z",
            "updated_at": "2025-05-21T05:11:22.635Z",
            "deleted_at": null,
            "user": "efc9909a-e992-4e64-8e00-632a3b0f833b",
            "name": "orders",
            "is_editable": true,
            "is_readable": true,
            "is_parent": false
        }
    },
    {
        "model": "compensation.page",
        "pk": "29d1ae49-0a78-4dde-80b5-c8083b2860bf",
        "fields": {
            "filial": null,
            "created_at": "2025-05-21T04:16:50.821Z",
            "updated_at": "2025-05-21T04:16:50.822Z",
            "deleted_at": null,
            "user": "8f648e4e-beb1-4f59-990f-a04408c6a078",
            "name": "orders",
            "is_editable": true,
            "is_readable": true,
            "is_parent": false
        }
    },
    {
        "model": "compensation.page",
        "pk": "29fe9bd9-0850-453c-b782-0089078708a7",
        "fields": {
            "filial": null,
            "created_at": "2025-04-22T07:44:08.006Z",
            "updated_at": "2025-04-22T07:44:08.007Z",
            "deleted_at": null,
            "user": "59bc1408-3a4d-4200-ba53-dc7fe027dd88",
            "name": "schedule",
            "is_editable": false,
            "is_readable": true,
            "is_parent": false
        }
    },
    {
        "model": "compensation.page",
        "pk": "2a4a3b06-568f-4a2e-9e6b-9d8e8b21c2db",
        "fields": {
            "filial": null,
            "created_at": "2025-04-12T12:14:13.661Z",
            "updated_at": "2025-04-12T12:14:13.662Z",
            "deleted_at": null,
            "user": "0d91d137-d528-4184-be38-fc89981d5074",
            "name": "materials",
            "is_editable": true,
            "is_readable": true,
            "is_parent": false
        }
    },
    {
        "model": "compensation.page",
        "pk": "2ad189b5-f254-441a-902d-878c5bd1b36f",
        "fields": {
            "filial": null,
            "created_at": "2025-04-17T09:15:44.024Z",
            "updated_at": "2025-04-17T09:15:44.024Z",
            "deleted_at": null,
            "user": "1ec7447f-3a88-4302-ac64-74f1e371ba25",
            "name": "admin_report",
            "is_editable": false,
            "is_readable": false,
            "is_parent": false
        }
    },
    {
        "model": "compensation.page",
        "pk": "2b01fc04-32c0-4012-ac22-cda4c20a9a9e",
        "fields": {
            "filial": null,
            "created_at": "2025-04-22T07:44:07.949Z",
            "updated_at": "2025-04-22T07:44:07.950Z",
            "deleted_at": null,
            "user": "59bc1408-3a4d-4200-ba53-dc7fe027dd88",
            "name": "groups",
            "is_editable": false,
            "is_readable": false,
            "is_parent": false
        }
    },
    {
        "model": "compensation.page",
        "pk": "2b0e9fb7-ba34-4cae-bce2-a5c309a2179e",
        "fields": {
            "filial": null,
            "created_at": "2025-04-22T01:48:58.296Z",
            "updated_at": "2025-04-22T01:48:58.297Z",
            "deleted_at": null,
            "user": "e59b292a-3389-4a04-8813-6dee001d87b6",
            "name": "active_students",
            "is_editable": true,
            "is_readable": true,
            "is_parent": false
        }
    },
    {
        "model": "compensation.page",
        "pk": "2b6e508b-35b3-4f9c-a273-f0aeb78261c4",
        "fields": {
            "filial": null,
            "created_at": "2025-04-16T01:03:38.738Z",
            "updated_at": "2025-04-16T01:03:38.738Z",
            "deleted_at": null,
            "user": "c19f7b09-32cb-4465-93dc-0129155db565",
            "name": "tasks",
            "is_editable": true,
            "is_readable": true,
            "is_parent": false
        }
    },
    {
        "model": "compensation.page",
        "pk": "2ced043c-27eb-41ba-b910-bf24c5d1981d",
        "fields": {
            "filial": null,
            "created_at": "2025-05-21T04:46:44.538Z",
            "updated_at": "2025-05-21T04:46:44.539Z",
            "deleted_at": null,
            "user": "5835588f-ec8d-4384-b185-5bd1b1b13f12",
            "name": "all_students",
            "is_editable": false,
            "is_readable": true,
            "is_parent": false
        }
    },
    {
        "model": "compensation.page",
        "pk": "2cfdf367-99d6-428a-a577-f7af674c9a2a",
        "fields": {
            "filial": null,
            "created_at": "2025-04-17T09:21:02.822Z",
            "updated_at": "2025-04-17T09:21:02.822Z",
            "deleted_at": null,
            "user": "fe91cfcf-378d-44a5-9a26-1afc17288585",
            "name": "monitoring",
            "is_editable": false,
            "is_readable": false,
            "is_parent": false
        }
    },
    {
        "model": "compensation.page",
        "pk": "2d39212d-97c2-465e-8dda-a140fa07265e",
        "fields": {
            "filial": null,
            "created_at": "2025-04-22T07:29:54.814Z",
            "updated_at": "2025-04-22T07:29:54.815Z",
            "deleted_at": null,
            "user": "1ef440ce-82b8-49d5-bf5d-c74604e64530",
            "name": "results",
            "is_editable": false,
            "is_readable": false,
            "is_parent": false
        }
    },
    {
        "model": "compensation.page",
        "pk": "2f70840b-0256-4b5c-ae45-b747f24fb205",
        "fields": {
            "filial": null,
            "created_at": "2025-05-21T04:46:44.623Z",
            "updated_at": "2025-05-21T04:46:44.623Z",
            "deleted_at": null,
            "user": "5835588f-ec8d-4384-b185-5bd1b1b13f12",
            "name": "archived_students",
            "is_editable": false,
            "is_readable": true,
            "is_parent": false
        }
    },
    {
        "model": "compensation.page",
        "pk": "30239fc3-885a-4ea0-adbb-2b3275cf8b38",
        "fields": {
            "filial": null,
            "created_at": "2025-05-21T04:46:44.686Z",
            "updated_at": "2025-05-21T04:46:44.687Z",
            "deleted_at": null,
            "user": "5835588f-ec8d-4384-b185-5bd1b1b13f12",
            "name": "materials",
            "is_editable": false,
            "is_readable": true,
            "is_parent": false
        }
    },
    {
        "model": "compensation.page",
        "pk": "3087987d-6cc8-431d-8522-7ad417970e33",
        "fields": {
            "filial": null,
            "created_at": "2025-05-21T07:02:21.439Z",
            "updated_at": "2025-05-21T07:02:21.439Z",
            "deleted_at": null,
            "user": "ec5e034a-c60d-4f88-803f-47449f59cfd3",
            "name": "admin_report",
            "is_editable": false,
            "is_readable": false,
            "is_parent": false
        }
    },
    {
        "model": "compensation.page",
        "pk": "339ac64d-72b4-48fa-b191-5cc81f499037",
        "fields": {
            "filial": null,
            "created_at": "2025-04-17T09:15:44.400Z",
            "updated_at": "2025-04-17T09:15:44.400Z",
            "deleted_at": null,
            "user": "1ec7447f-3a88-4302-ac64-74f1e371ba25",
            "name": "active_students",
            "is_editable": false,
            "is_readable": true,
            "is_parent": false
        }
    },
    {
        "model": "compensation.page",
        "pk": "34f68a98-91ef-4884-bdf6-76bdbe8ed32b",
        "fields": {
            "filial": null,
            "created_at": "2025-05-21T07:16:55.477Z",
            "updated_at": "2025-05-21T07:16:55.477Z",
            "deleted_at": null,
            "user": "193d1b06-8a55-4554-85f4-6efea4beec0d",
            "name": "shop",
            "is_editable": false,
            "is_readable": false,
            "is_parent": false
        }
    },
    {
        "model": "compensation.page",
        "pk": "38e53c94-5d7c-4f4f-8dcc-dc52f164fb85",
        "fields": {
            "filial": null,
            "created_at": "2025-05-21T04:16:51.604Z",
            "updated_at": "2025-05-21T04:16:51.604Z",
            "deleted_at": null,
            "user": "8f648e4e-beb1-4f59-990f-a04408c6a078",
            "name": "test",
            "is_editable": false,
            "is_readable": false,
            "is_parent": false
        }
    },
    {
        "model": "compensation.page",
        "pk": "3b58e67d-161d-4e0f-9da2-99eac4840b29",
        "fields": {
            "filial": null,
            "created_at": "2025-04-21T12:50:47.470Z",
            "updated_at": "2025-04-21T12:50:47.471Z",
            "deleted_at": null,
            "user": "0c634ef1-3f99-4acb-9d8d-61c3016ce15b",
            "name": "finance_report",
            "is_editable": false,
            "is_readable": false,
            "is_parent": false
        }
    },
    {
        "model": "compensation.page",
        "pk": "3c360e22-57a1-4e20-afd4-5fed4dcc6d34",
        "fields": {
            "filial": null,
            "created_at": "2025-04-22T07:55:21.505Z",
            "updated_at": "2025-04-22T07:55:21.505Z",
            "deleted_at": null,
            "user": "b4e679f8-aa06-4b39-b248-a2fc4b2fa93a",
            "name": "tasks",
            "is_editable": true,
            "is_readable": true,
            "is_parent": false
        }
    },
    {
        "model": "compensation.page",
        "pk": "3ca47cf7-aeca-41e5-a8a2-a63d767b464a",
        "fields": {
            "filial": null,
            "created_at": "2025-05-21T07:16:54.886Z",
            "updated_at": "2025-05-21T07:16:54.887Z",
            "deleted_at": null,
            "user": "193d1b06-8a55-4554-85f4-6efea4beec0d",
            "name": "students",
            "is_editable": false,
            "is_readable": false,
            "is_parent": false
        }
    },
    {
        "model": "compensation.page",
        "pk": "3d138dec-1012-4d98-9904-f41b0d01ea15",
        "fields": {
            "filial": null,
            "created_at": "2025-04-12T12:14:13.735Z",
            "updated_at": "2025-04-12T12:14:13.736Z",
            "deleted_at": null,
            "user": "0d91d137-d528-4184-be38-fc89981d5074",
            "name": "employees",
            "is_editable": true,
            "is_readable": true,
            "is_parent": false
        }
    },
    {
        "model": "compensation.page",
        "pk": "3e556802-35c3-4d65-9c7e-02cc723063e8",
        "fields": {
            "filial": null,
            "created_at": "2025-04-12T12:14:13.687Z",
            "updated_at": "2025-04-12T12:14:13.688Z",
            "deleted_at": null,
            "user": "0d91d137-d528-4184-be38-fc89981d5074",
            "name": "groups",
            "is_editable": true,
            "is_readable": true,
            "is_parent": false
        }
    },
    {
        "model": "compensation.page",
        "pk": "40f8b81a-ec65-4c83-b46d-adf6c2317cc1",
        "fields": {
            "filial": null,
            "created_at": "2025-05-21T04:46:44.448Z",
            "updated_at": "2025-05-21T04:46:44.448Z",
            "deleted_at": null,
            "user": "5835588f-ec8d-4384-b185-5bd1b1b13f12",
            "name": "orders",
            "is_editable": true,
            "is_readable": true,
            "is_parent": false
        }
    },
    {
        "model": "compensation.page",
        "pk": "40ff95f0-e83f-45e9-8a59-bd3ec2f2b319",
        "fields": {
            "filial": null,
            "created_at": "2025-05-21T07:16:54.722Z",
            "updated_at": "2025-05-21T07:16:54.724Z",
            "deleted_at": null,
            "user": "193d1b06-8a55-4554-85f4-6efea4beec0d",
            "name": "new_leads",
            "is_editable": true,
            "is_readable": true,
            "is_parent": false
        }
    },
    {
        "model": "compensation.page",
        "pk": "415597d5-ac6e-4c47-b6ee-ee82dbd894e3",
        "fields": {
            "filial": null,
            "created_at": "2025-05-21T07:02:21.888Z",
            "updated_at": "2025-05-21T07:02:21.888Z",
            "deleted_at": null,
            "user": "ec5e034a-c60d-4f88-803f-47449f59cfd3",
            "name": "rooms",
            "is_editable": false,
            "is_readable": false,
            "is_parent": false
        }
    },
    {
        "model": "compensation.page",
        "pk": "41a922d3-861f-4a20-810c-169768b03be9",
        "fields": {
            "filial": null,
            "created_at": "2025-04-17T09:15:44.250Z",
            "updated_at": "2025-04-17T09:15:44.250Z",
            "deleted_at": null,
            "user": "1ec7447f-3a88-4302-ac64-74f1e371ba25",
            "name": "students",
            "is_editable": false,
            "is_readable": true,
            "is_parent": false
        }
    },
    {
        "model": "compensation.page",
        "pk": "41ae398b-28ff-4b38-a697-7e9469b91950",
        "fields": {
            "filial": null,
            "created_at": "2025-04-16T00:47:30.857Z",
            "updated_at": "2025-04-16T00:47:30.857Z",
            "deleted_at": null,
            "user": "e4d10a84-4c8a-4016-9d23-d84b064722f9",
            "name": "orders",
            "is_editable": true,
            "is_readable": true,
            "is_parent": false
        }
    },
    {
        "model": "compensation.page",
        "pk": "41d96372-d863-4aab-b49e-558ca7646971",
        "fields": {
            "filial": null,
            "created_at": "2025-04-16T01:03:38.853Z",
            "updated_at": "2025-04-16T01:03:38.853Z",
            "deleted_at": null,
            "user": "c19f7b09-32cb-4465-93dc-0129155db565",
            "name": "monitoring_page",
            "is_editable": true,
            "is_readable": true,
            "is_parent": false
        }
    },
    {
        "model": "compensation.page",
        "pk": "42e652c5-1487-4d60-8d01-c9d27a2f253e",
        "fields": {
            "filial": null,
            "created_at": "2025-04-16T01:03:38.555Z",
            "updated_at": "2025-04-16T01:03:38.555Z",
            "deleted_at": null,
            "user": "c19f7b09-32cb-4465-93dc-0129155db565",
            "name": "edu_section",
            "is_editable": true,
            "is_readable": true,
            "is_parent": false
        }
    },
    {
        "model": "compensation.page",
        "pk": "43f526ca-7ba0-49d0-a321-5ffa11dd52ee",
        "fields": {
            "filial": null,
            "created_at": "2025-04-16T01:03:38.724Z",
            "updated_at": "2025-04-16T01:03:38.725Z",
            "deleted_at": null,
            "user": "c19f7b09-32cb-4465-93dc-0129155db565",
            "name": "results",
            "is_editable": true,
            "is_readable": true,
            "is_parent": false
        }
    },
    {
        "model": "compensation.page",
        "pk": "4500c989-983c-45b8-b569-5c9bad50772e",
        "fields": {
            "filial": null,
            "created_at": "2025-04-16T01:03:38.469Z",
            "updated_at": "2025-04-16T01:03:38.470Z",
            "deleted_at": null,
            "user": "c19f7b09-32cb-4465-93dc-0129155db565",
            "name": "students",
            "is_editable": true,
            "is_readable": true,
            "is_parent": false
        }
    },
    {
        "model": "compensation.page",
        "pk": "45415983-60e0-466b-bf0c-157b1c129bda",
        "fields": {
            "filial": null,
            "created_at": "2025-04-17T09:15:44.642Z",
            "updated_at": "2025-04-17T09:15:44.642Z",
            "deleted_at": null,
            "user": "1ec7447f-3a88-4302-ac64-74f1e371ba25",
            "name": "employees_data",
            "is_editable": false,
            "is_readable": false,
            "is_parent": false
        }
    },
    {
        "model": "compensation.page",
        "pk": "457129b7-1c30-42f3-bd30-d84c0b3247c3",
        "fields": {
            "filial": null,
            "created_at": "2025-05-21T07:16:54.740Z",
            "updated_at": "2025-05-21T07:16:54.740Z",
            "deleted_at": null,
            "user": "193d1b06-8a55-4554-85f4-6efea4beec0d",
            "name": "finance_report",
            "is_editable": false,
            "is_readable": false,
            "is_parent": false
        }
    },
    {
        "model": "compensation.page",
        "pk": "46c875ef-892e-4119-8f75-bf75f0ff6213",
        "fields": {
            "filial": null,
            "created_at": "2025-05-21T04:46:44.170Z",
            "updated_at": "2025-05-21T04:46:44.170Z",
            "deleted_at": null,
            "user": "5835588f-ec8d-4384-b185-5bd1b1b13f12",
            "name": "new_leads",
            "is_editable": true,
            "is_readable": true,
            "is_parent": false
        }
    },
    {
        "model": "compensation.page",
        "pk": "471d2698-f599-4d47-a416-e44de8d78cbd",
        "fields": {
            "filial": null,
            "created_at": "2025-05-21T07:16:55.114Z",
            "updated_at": "2025-05-21T07:16:55.114Z",
            "deleted_at": null,
            "user": "193d1b06-8a55-4554-85f4-6efea4beec0d",
            "name": "rooms",
            "is_editable": false,
            "is_readable": false,
            "is_parent": false
        }
    },
    {
        "model": "compensation.page",
        "pk": "473428be-f8fa-4a24-8d5d-54305b1baf35",
        "fields": {
            "filial": null,
            "created_at": "2025-04-22T07:44:08.040Z",
            "updated_at": "2025-04-22T07:44:08.040Z",
            "deleted_at": null,
            "user": "59bc1408-3a4d-4200-ba53-dc7fe027dd88",
            "name": "cashiers",
            "is_editable": false,
            "is_readable": false,
            "is_parent": false
        }
    },
    {
        "model": "compensation.page",
        "pk": "4794985c-464b-41de-99da-3c0f194bbef7",
        "fields": {
            "filial": null,
            "created_at": "2025-04-12T12:14:13.646Z",
            "updated_at": "2025-04-12T12:14:13.646Z",
            "deleted_at": null,
            "user": "0d91d137-d528-4184-be38-fc89981d5074",
            "name": "archived_students",
            "is_editable": true,
            "is_readable": true,
            "is_parent": false
        }
    },
    {
        "model": "compensation.page",
        "pk": "47a613b4-9766-4ac8-8773-ab2d5e991e99",
        "fields": {
            "filial": null,
            "created_at": "2025-05-21T05:11:22.600Z",
            "updated_at": "2025-05-21T05:11:22.600Z",
            "deleted_at": null,
            "user": "efc9909a-e992-4e64-8e00-632a3b0f833b",
            "name": "leads",
            "is_editable": true,
            "is_readable": true,
            "is_parent": false
        }
    },
    {
        "model": "compensation.page",
        "pk": "47f8f5cd-b754-40d2-9ea2-ea383370a3ad",
        "fields": {
            "filial": null,
            "created_at": "2025-05-21T04:46:44.768Z",
            "updated_at": "2025-05-21T04:46:44.768Z",
            "deleted_at": null,
            "user": "5835588f-ec8d-4384-b185-5bd1b1b13f12",
            "name": "results",
            "is_editable": false,
            "is_readable": true,
            "is_parent": false
        }
    },
    {
        "model": "compensation.page",
        "pk": "483f5e99-3490-4752-b3dd-c22d64ed72af",
        "fields": {
            "filial": null,
            "created_at": "2025-05-21T04:46:44.453Z",
            "updated_at": "2025-05-21T04:46:44.454Z",
            "deleted_at": null,
            "user": "5835588f-ec8d-4384-b185-5bd1b1b13f12",
            "name": "edu_report",
            "is_editable": true,
            "is_readable": true,
            "is_parent": false
        }
    },
    {
        "model": "compensation.page",
        "pk": "484cd376-d01d-48ee-a5cf-568d62b7ec5d",
        "fields": {
            "filial": null,
            "created_at": "2025-05-21T04:16:51.809Z",
            "updated_at": "2025-05-21T04:16:51.809Z",
            "deleted_at": null,
            "user": "8f648e4e-beb1-4f59-990f-a04408c6a078",
            "name": "employees_archive",
            "is_editable": false,
            "is_readable": false,
            "is_parent": false
        }
    },
    {
        "model": "compensation.page",
        "pk": "4868b96c-4544-47b6-b770-c83ddcdd8f50",
        "fields": {
            "filial": null,
            "created_at": "2025-05-21T05:11:22.661Z",
            "updated_at": "2025-05-21T05:11:22.661Z",
            "deleted_at": null,
            "user": "efc9909a-e992-4e64-8e00-632a3b0f833b",
            "name": "finance_report",
            "is_editable": false,
            "is_readable": false,
            "is_parent": false
        }
    },
    {
        "model": "compensation.page",
        "pk": "486cc0d9-6ea5-4307-85d5-bc8a09188709",
        "fields": {
            "filial": null,
            "created_at": "2025-04-22T07:29:54.349Z",
            "updated_at": "2025-04-22T07:29:54.349Z",
            "deleted_at": null,
            "user": "1ef440ce-82b8-49d5-bf5d-c74604e64530",
            "name": "admin_report",
            "is_editable": true,
            "is_readable": true,
            "is_parent": false
        }
    },
    {
        "model": "compensation.page",
        "pk": "488c9596-2e4b-49bd-bff7-e54ec9a6e809",
        "fields": {
            "filial": null,
            "created_at": "2025-04-12T12:14:13.596Z",
            "updated_at": "2025-04-12T12:14:13.596Z",
            "deleted_at": null,
            "user": "0d91d137-d528-4184-be38-fc89981d5074",
            "name": "monitoring",
            "is_editable": true,
            "is_readable": true,
            "is_parent": false
        }
    },
    {
        "model": "compensation.page",
        "pk": "489e7f3d-4d6b-4bab-8cd0-d0d41e1c88c7",
        "fields": {
            "filial": null,
            "created_at": "2025-04-17T09:21:03.061Z",
            "updated_at": "2025-04-17T09:21:03.061Z",
            "deleted_at": null,
            "user": "fe91cfcf-378d-44a5-9a26-1afc17288585",
            "name": "orders",
            "is_editable": false,
            "is_readable": false,
            "is_parent": false
        }
    },
    {
        "model": "compensation.page",
        "pk": "48b22667-ffba-4725-94eb-995de35f3d9e",
        "fields": {
            "filial": null,
            "created_at": "2025-05-21T07:16:54.738Z",
            "updated_at": "2025-05-21T07:16:54.739Z",
            "deleted_at": null,
            "user": "193d1b06-8a55-4554-85f4-6efea4beec0d",
            "name": "monitoring",
            "is_editable": false,
            "is_readable": false,
            "is_parent": false
        }
    },
    {
        "model": "compensation.page",
        "pk": "48eea3fa-dd69-44dd-9633-a27723e8ee8e",
        "fields": {
            "filial": null,
            "created_at": "2025-05-21T07:02:22.102Z",
            "updated_at": "2025-05-21T07:02:22.102Z",
            "deleted_at": null,
            "user": "ec5e034a-c60d-4f88-803f-47449f59cfd3",
            "name": "monitoring_page",
            "is_editable": false,
            "is_readable": false,
            "is_parent": false
        }
    },
    {
        "model": "compensation.page",
        "pk": "499d6a7a-c994-4bed-aaf0-560dfe687189",
        "fields": {
            "filial": null,
            "created_at": "2025-04-16T00:47:31.626Z",
            "updated_at": "2025-04-16T00:47:31.627Z",
            "deleted_at": null,
            "user": "e4d10a84-4c8a-4016-9d23-d84b064722f9",
            "name": "control",
            "is_editable": true,
            "is_readable": true,
            "is_parent": false
        }
    },
    {
        "model": "compensation.page",
        "pk": "49af7104-24f4-49b9-9dd3-2c4e93b68ba7",
        "fields": {
            "filial": null,
            "created_at": "2025-04-22T01:48:58.881Z",
            "updated_at": "2025-04-22T01:48:58.881Z",
            "deleted_at": null,
            "user": "e59b292a-3389-4a04-8813-6dee001d87b6",
            "name": "new_students",
            "is_editable": true,
            "is_readable": true,
            "is_parent": false
        }
    },
    {
        "model": "compensation.page",
        "pk": "4a3346dc-7bc0-4dda-aedb-08fd58a917e4",
        "fields": {
            "filial": null,
            "created_at": "2025-04-22T07:29:54.632Z",
            "updated_at": "2025-04-22T07:29:54.632Z",
            "deleted_at": null,
            "user": "1ef440ce-82b8-49d5-bf5d-c74604e64530",
            "name": "all_students",
            "is_editable": true,
            "is_readable": true,
            "is_parent": false
        }
    },
    {
        "model": "compensation.page",
        "pk": "4a36f7ec-a9a5-4af2-99ca-300e492e9b9f",
        "fields": {
            "filial": null,
            "created_at": "2025-05-21T05:11:23.042Z",
            "updated_at": "2025-05-21T05:11:23.043Z",
            "deleted_at": null,
            "user": "efc9909a-e992-4e64-8e00-632a3b0f833b",
            "name": "monitoring_page",
            "is_editable": false,
            "is_readable": false,
            "is_parent": false
        }
    },
    {
        "model": "compensation.page",
        "pk": "4b0fb5e4-35bf-44ce-af1c-bbbced883e56",
        "fields": {
            "filial": null,
            "created_at": "2025-05-21T04:16:50.765Z",
            "updated_at": "2025-05-21T04:16:50.765Z",
            "deleted_at": null,
            "user": "8f648e4e-beb1-4f59-990f-a04408c6a078",
            "name": "leads",
            "is_editable": true,
            "is_readable": true,
            "is_parent": false
        }
    },
    {
        "model": "compensation.page",
        "pk": "4b2bb959-49ed-4889-98ae-fd0c982a9b86",
        "fields": {
            "filial": null,
            "created_at": "2025-04-22T07:55:20.822Z",
            "updated_at": "2025-04-22T07:55:20.822Z",
            "deleted_at": null,
            "user": "b4e679f8-aa06-4b39-b248-a2fc4b2fa93a",
            "name": "reports",
            "is_editable": false,
            "is_readable": false,
            "is_parent": false
        }
    },
    {
        "model": "compensation.page",
        "pk": "4b5d6454-09b2-484c-a966-74fbccd82cbc",
        "fields": {
            "filial": null,
            "created_at": "2025-05-21T05:11:22.662Z",
            "updated_at": "2025-05-21T05:11:22.663Z",
            "deleted_at": null,
            "user": "efc9909a-e992-4e64-8e00-632a3b0f833b",
            "name": "monitoring",
            "is_editable": false,
            "is_readable": false,
            "is_parent": false
        }
    },
    {
        "model": "compensation.page",
        "pk": "4b62aca3-821b-4d88-ae11-e467e0022d4b",
        "fields": {
            "filial": null,
            "created_at": "2025-04-21T12:50:47.842Z",
            "updated_at": "2025-04-21T12:50:47.842Z",
            "deleted_at": null,
            "user": "0c634ef1-3f99-4acb-9d8d-61c3016ce15b",
            "name": "results",
            "is_editable": false,
            "is_readable": true,
            "is_parent": false
        }
    },
    {
        "model": "compensation.page",
        "pk": "4bda58bc-800a-418e-93b6-1b3bd88dbc30",
        "fields": {
            "filial": null,
            "created_at": "2025-04-17T09:15:43.922Z",
            "updated_at": "2025-04-17T09:15:43.923Z",
            "deleted_at": null,
            "user": "1ec7447f-3a88-4302-ac64-74f1e371ba25",
            "name": "leads",
            "is_editable": false,
            "is_readable": false,
            "is_parent": false
        }
    },
    {
        "model": "compensation.page",
        "pk": "4d035793-2515-4297-8ad6-6296b4fd38d9",
        "fields": {
            "filial": null,
            "created_at": "2025-04-17T09:15:44.315Z",
            "updated_at": "2025-04-17T09:15:44.316Z",
            "deleted_at": null,
            "user": "1ec7447f-3a88-4302-ac64-74f1e371ba25",
            "name": "edu_report",
            "is_editable": true,
            "is_readable": true,
            "is_parent": false
        }
    },
    {
        "model": "compensation.page",
        "pk": "4d6f5e55-6690-46e3-84a6-e86a6ab3b3d9",
        "fields": {
            "filial": null,
            "created_at": "2025-04-22T07:44:07.870Z",
            "updated_at": "2025-04-22T07:44:07.870Z",
            "deleted_at": null,
            "user": "59bc1408-3a4d-4200-ba53-dc7fe027dd88",
            "name": "active_students",
            "is_editable": true,
            "is_readable": true,
            "is_parent": false
        }
    },
    {
        "model": "compensation.page",
        "pk": "4db19f10-44ca-43a9-9d52-469928aad99a",
        "fields": {
            "filial": null,
            "created_at": "2025-04-22T01:48:58.133Z",
            "updated_at": "2025-04-22T01:48:58.134Z",
            "deleted_at": null,
            "user": "e59b292a-3389-4a04-8813-6dee001d87b6",
            "name": "edu_report",
            "is_editable": true,
            "is_readable": true,
            "is_parent": false
        }
    },
    {
        "model": "compensation.page",
        "pk": "4de880c5-406b-4ff7-9bb9-74ebd60a3fd5",
        "fields": {
            "filial": null,
            "created_at": "2025-05-21T07:02:21.670Z",
            "updated_at": "2025-05-21T07:02:21.671Z",
            "deleted_at": null,
            "user": "ec5e034a-c60d-4f88-803f-47449f59cfd3",
            "name": "orders",
            "is_editable": true,
            "is_readable": true,
            "is_parent": false
        }
    },
    {
        "model": "compensation.page",
        "pk": "4f4853c9-c96c-47a2-b758-00c87a0ec718",
        "fields": {
            "filial": null,
            "created_at": "2025-05-21T04:16:51.532Z",
            "updated_at": "2025-05-21T04:16:51.532Z",
            "deleted_at": null,
            "user": "8f648e4e-beb1-4f59-990f-a04408c6a078",
            "name": "monitoring_page",
            "is_editable": false,
            "is_readable": false,
            "is_parent": false
        }
    },
    {
        "model": "compensation.page",
        "pk": "4f516813-8396-4b99-9ead-09f88149c039",
        "fields": {
            "filial": null,
            "created_at": "2025-04-22T07:55:21.442Z",
            "updated_at": "2025-04-22T07:55:21.442Z",
            "deleted_at": null,
            "user": "b4e679f8-aa06-4b39-b248-a2fc4b2fa93a",
            "name": "results",
            "is_editable": false,
            "is_readable": false,
            "is_parent": false
        }
    },
    {
        "model": "compensation.page",
        "pk": "4f59a182-a583-4b50-9dc2-c6dcb891bccc",
        "fields": {
            "filial": null,
            "created_at": "2025-04-21T12:50:47.370Z",
            "updated_at": "2025-04-21T12:50:47.370Z",
            "deleted_at": null,
            "user": "0c634ef1-3f99-4acb-9d8d-61c3016ce15b",
            "name": "admin_report",
            "is_editable": false,
            "is_readable": false,
            "is_parent": false
        }
    },
    {
        "model": "compensation.page",
        "pk": "4f7e9f58-0196-4ff2-a0ab-8a538071c655",
        "fields": {
            "filial": null,
            "created_at": "2025-05-21T07:02:22.111Z",
            "updated_at": "2025-05-21T07:02:22.111Z",
            "deleted_at": null,
            "user": "ec5e034a-c60d-4f88-803f-47449f59cfd3",
            "name": "employees",
            "is_editable": false,
            "is_readable": false,
            "is_parent": false
        }
    },
    {
        "model": "compensation.page",
        "pk": "4fd44d1b-fe3d-4bc7-8517-88a0e55fdc11",
        "fields": {
            "filial": null,
            "created_at": "2025-04-22T01:48:58.334Z",
            "updated_at": "2025-04-22T01:48:58.334Z",
            "deleted_at": null,
            "user": "e59b292a-3389-4a04-8813-6dee001d87b6",
            "name": "students",
            "is_editable": true,
            "is_readable": true,
            "is_parent": false
        }
    },
    {
        "model": "compensation.page",
        "pk": "50f38e92-0689-4409-b63e-83c06ab0f689",
        "fields": {
            "filial": null,
            "created_at": "2025-04-22T07:44:07.988Z",
            "updated_at": "2025-04-22T07:44:07.988Z",
            "deleted_at": null,
            "user": "59bc1408-3a4d-4200-ba53-dc7fe027dd88",
            "name": "rooms",
            "is_editable": false,
            "is_readable": false,
            "is_parent": false
        }
    },
    {
        "model": "compensation.page",
        "pk": "515a37d5-864b-47b1-966b-6a6b952249bd",
        "fields": {
            "filial": null,
            "created_at": "2025-04-17T09:21:03.692Z",
            "updated_at": "2025-04-17T09:21:03.693Z",
            "deleted_at": null,
            "user": "fe91cfcf-378d-44a5-9a26-1afc17288585",
            "name": "monitoring_page",
            "is_editable": false,
            "is_readable": true,
            "is_parent": false
        }
    },
    {
        "model": "compensation.page",
        "pk": "519aacab-6f91-4cde-8659-874e99f87568",
        "fields": {
            "filial": null,
            "created_at": "2025-04-16T01:03:38.484Z",
            "updated_at": "2025-04-16T01:03:38.484Z",
            "deleted_at": null,
            "user": "c19f7b09-32cb-4465-93dc-0129155db565",
            "name": "orders",
            "is_editable": true,
            "is_readable": true,
            "is_parent": false
        }
    },
    {
        "model": "compensation.page",
        "pk": "52e49aa8-5ca4-41f0-bc79-d9d849e1b5cf",
        "fields": {
            "filial": null,
            "created_at": "2025-05-21T04:16:51.729Z",
            "updated_at": "2025-05-21T04:16:51.729Z",
            "deleted_at": null,
            "user": "8f648e4e-beb1-4f59-990f-a04408c6a078",
            "name": "employees",
            "is_editable": false,
            "is_readable": false,
            "is_parent": false
        }
    },
    {
        "model": "compensation.page",
        "pk": "5323a429-2ad9-44b6-8ed0-2a0f2ab1db6f",
        "fields": {
            "filial": null,
            "created_at": "2025-05-21T04:46:45.061Z",
            "updated_at": "2025-05-21T04:46:45.061Z",
            "deleted_at": null,
            "user": "5835588f-ec8d-4384-b185-5bd1b1b13f12",
            "name": "employees_data",
            "is_editable": false,
            "is_readable": true,
            "is_parent": false
        }
    },
    {
        "model": "compensation.page",
        "pk": "5489ba08-5207-4d46-b83f-bf73d281f7f9",
        "fields": {
            "filial": null,
            "created_at": "2025-04-22T07:44:08.160Z",
            "updated_at": "2025-04-22T07:44:08.160Z",
            "deleted_at": null,
            "user": "59bc1408-3a4d-4200-ba53-dc7fe027dd88",
            "name": "monitoring_page",
            "is_editable": false,
            "is_readable": false,
            "is_parent": false
        }
    },
    {
        "model": "compensation.page",
        "pk": "54b62f7a-cc7f-4ea4-b9a0-1dc639696566",
        "fields": {
            "filial": null,
            "created_at": "2025-04-16T00:47:30.502Z",
            "updated_at": "2025-04-16T00:47:30.503Z",
            "deleted_at": null,
            "user": "e4d10a84-4c8a-4016-9d23-d84b064722f9",
            "name": "leads",
            "is_editable": true,
            "is_readable": true,
            "is_parent": false
        }
    },
    {
        "model": "compensation.page",
        "pk": "5513515a-f3ab-437e-8b6c-9a296d02792d",
        "fields": {
            "filial": null,
            "created_at": "2025-05-21T04:46:44.626Z",
            "updated_at": "2025-05-21T04:46:44.626Z",
            "deleted_at": null,
            "user": "5835588f-ec8d-4384-b185-5bd1b1b13f12",
            "name": "edu_section",
            "is_editable": false,
            "is_readable": true,
            "is_parent": false
        }
    },
    {
        "model": "compensation.page",
        "pk": "556bbbf8-b6eb-4952-9df9-dc8078b18457",
        "fields": {
            "filial": null,
            "created_at": "2025-04-17T09:21:03.686Z",
            "updated_at": "2025-04-17T09:21:03.686Z",
            "deleted_at": null,
            "user": "fe91cfcf-378d-44a5-9a26-1afc17288585",
            "name": "employees_archive",
            "is_editable": false,
            "is_readable": false,
            "is_parent": false
        }
    },
    {
        "model": "compensation.page",
        "pk": "5614f9b3-d71c-493d-ba86-378cf25ad161",
        "fields": {
            "filial": null,
            "created_at": "2025-05-21T07:02:21.893Z",
            "updated_at": "2025-05-21T07:02:21.893Z",
            "deleted_at": null,
            "user": "ec5e034a-c60d-4f88-803f-47449f59cfd3",
            "name": "schedule",
            "is_editable": true,
            "is_readable": true,
            "is_parent": false
        }
    },
    {
        "model": "compensation.page",
        "pk": "56a93f3d-0676-448d-a692-fe7905c7ca1a",
        "fields": {
            "filial": null,
            "created_at": "2025-04-16T01:03:39.104Z",
            "updated_at": "2025-04-16T01:03:39.104Z",
            "deleted_at": null,
            "user": "c19f7b09-32cb-4465-93dc-0129155db565",
            "name": "shop",
            "is_editable": false,
            "is_readable": false,
            "is_parent": false
        }
    },
    {
        "model": "compensation.page",
        "pk": "5728d628-6d75-4bdf-a7a4-1b24266f10a9",
        "fields": {
            "filial": null,
            "created_at": "2025-04-12T12:14:13.625Z",
            "updated_at": "2025-04-12T12:14:13.625Z",
            "deleted_at": null,
            "user": "0d91d137-d528-4184-be38-fc89981d5074",
            "name": "archived_leads",
            "is_editable": true,
            "is_readable": true,
            "is_parent": false
        }
    },
    {
        "model": "compensation.page",
        "pk": "58385412-4276-4a71-80da-ad6921816acd",
        "fields": {
            "filial": null,
            "created_at": "2025-04-21T12:50:47.569Z",
            "updated_at": "2025-04-21T12:50:47.570Z",
            "deleted_at": null,
            "user": "0c634ef1-3f99-4acb-9d8d-61c3016ce15b",
            "name": "new_leads",
            "is_editable": false,
            "is_readable": false,
            "is_parent": false
        }
    },
    {
        "model": "compensation.page",
        "pk": "58695490-a815-4250-8f21-8d35328545d4",
        "fields": {
            "filial": null,
            "created_at": "2025-04-17T09:21:03.270Z",
            "updated_at": "2025-04-17T09:21:03.271Z",
            "deleted_at": null,
            "user": "fe91cfcf-378d-44a5-9a26-1afc17288585",
            "name": "results",
            "is_editable": true,
            "is_readable": true,
            "is_parent": false
        }
    },
    {
        "model": "compensation.page",
        "pk": "58fc7fde-a690-40b4-adfe-6d92fd4bb63c",
        "fields": {
            "filial": null,
            "created_at": "2025-04-21T12:50:47.429Z",
            "updated_at": "2025-04-21T12:50:47.430Z",
            "deleted_at": null,
            "user": "0c634ef1-3f99-4acb-9d8d-61c3016ce15b",
            "name": "monitoring",
            "is_editable": false,
            "is_readable": false,
            "is_parent": false
        }
    },
    {
        "model": "compensation.page",
        "pk": "5a3e67bd-1ab1-4e7a-8cf1-7a46a21f6992",
        "fields": {
            "filial": null,
            "created_at": "2025-04-22T01:48:58.273Z",
            "updated_at": "2025-04-22T01:48:58.274Z",
            "deleted_at": null,
            "user": "e59b292a-3389-4a04-8813-6dee001d87b6",
            "name": "orders",
            "is_editable": true,
            "is_readable": true,
            "is_parent": false
        }
    },
    {
        "model": "compensation.page",
        "pk": "5ab30105-c5c4-42da-8c2e-ca331b567e97",
        "fields": {
            "filial": null,
            "created_at": "2025-05-21T07:16:55.308Z",
            "updated_at": "2025-05-21T07:16:55.308Z",
            "deleted_at": null,
            "user": "193d1b06-8a55-4554-85f4-6efea4beec0d",
            "name": "test",
            "is_editable": false,
            "is_readable": false,
            "is_parent": false
        }
    },
    {
        "model": "compensation.page",
        "pk": "5b3e1f5d-d871-4aa1-9c1d-011b98e4a851",
        "fields": {
            "filial": null,
            "created_at": "2025-04-17T09:15:44.630Z",
            "updated_at": "2025-04-17T09:15:44.630Z",
            "deleted_at": null,
            "user": "1ec7447f-3a88-4302-ac64-74f1e371ba25",
            "name": "tasks",
            "is_editable": true,
            "is_readable": true,
            "is_parent": false
        }
    },
    {
        "model": "compensation.page",
        "pk": "5ba4542a-c4ce-4c84-be1a-4ebfec29b010",
        "fields": {
            "filial": null,
            "created_at": "2025-04-22T07:44:07.808Z",
            "updated_at": "2025-04-22T07:44:07.808Z",
            "deleted_at": null,
            "user": "59bc1408-3a4d-4200-ba53-dc7fe027dd88",
            "name": "students",
            "is_editable": true,
            "is_readable": true,
            "is_parent": false
        }
    },
    {
        "model": "compensation.page",
        "pk": "5bb1a0a5-e28a-4192-8aa7-871274081dd8",
        "fields": {
            "filial": null,
            "created_at": "2025-04-17T09:15:44.660Z",
            "updated_at": "2025-04-17T09:15:44.660Z",
            "deleted_at": null,
            "user": "1ec7447f-3a88-4302-ac64-74f1e371ba25",
            "name": "employees_archive",
            "is_editable": false,
            "is_readable": false,
            "is_parent": false
        }
    },
    {
        "model": "compensation.page",
        "pk": "5cd12631-fce4-4bd9-9491-eb86bd92cc95",
        "fields": {
            "filial": null,
            "created_at": "2025-05-21T07:02:21.533Z",
            "updated_at": "2025-05-21T07:02:21.533Z",
            "deleted_at": null,
            "user": "ec5e034a-c60d-4f88-803f-47449f59cfd3",
            "name": "students",
            "is_editable": false,
            "is_readable": false,
            "is_parent": false
        }
    },
    {
        "model": "compensation.page",
        "pk": "5d33ee67-28f5-4911-b1bf-dbe7b87e4394",
        "fields": {
            "filial": null,
            "created_at": "2025-05-21T07:02:21.717Z",
            "updated_at": "2025-05-21T07:02:21.717Z",
            "deleted_at": null,
            "user": "ec5e034a-c60d-4f88-803f-47449f59cfd3",
            "name": "active_students",
            "is_editable": false,
            "is_readable": false,
            "is_parent": false
        }
    },
    {
        "model": "compensation.page",
        "pk": "5d3b8d9b-e13a-4399-aa2c-c100f32257c1",
        "fields": {
            "filial": null,
            "created_at": "2025-04-22T07:29:54.971Z",
            "updated_at": "2025-04-22T07:29:54.971Z",
            "deleted_at": null,
            "user": "1ef440ce-82b8-49d5-bf5d-c74604e64530",
            "name": "settings",
            "is_editable": false,
            "is_readable": false,
            "is_parent": false
        }
    },
    {
        "model": "compensation.page",
        "pk": "5f0f5e0c-8b35-49e2-abb6-44abe1bf10ef",
        "fields": {
            "filial": null,
            "created_at": "2025-04-16T00:47:31.005Z",
            "updated_at": "2025-04-16T00:47:31.006Z",
            "deleted_at": null,
            "user": "e4d10a84-4c8a-4016-9d23-d84b064722f9",
            "name": "new_students",
            "is_editable": true,
            "is_readable": true,
            "is_parent": false
        }
    },
    {
        "model": "compensation.page",
        "pk": "5fbd76f6-2a15-4d97-b535-c09a7c371d8d",
        "fields": {
            "filial": null,
            "created_at": "2025-04-16T00:47:31.445Z",
            "updated_at": "2025-04-16T00:47:31.445Z",
            "deleted_at": null,
            "user": "e4d10a84-4c8a-4016-9d23-d84b064722f9",
            "name": "rooms",
            "is_editable": true,
            "is_readable": true,
            "is_parent": false
        }
    },
    {
        "model": "compensation.page",
        "pk": "61481564-64e0-49b6-bbd5-4b32f9451eea",
        "fields": {
            "filial": null,
            "created_at": "2025-04-22T07:44:08.139Z",
            "updated_at": "2025-04-22T07:44:08.140Z",
            "deleted_at": null,
            "user": "59bc1408-3a4d-4200-ba53-dc7fe027dd88",
            "name": "control",
            "is_editable": false,
            "is_readable": false,
            "is_parent": false
        }
    },
    {
        "model": "compensation.page",
        "pk": "620cd34c-ab3c-47b8-9cf2-152877b6adf7",
        "fields": {
            "filial": null,
            "created_at": "2025-04-22T01:48:58.074Z",
            "updated_at": "2025-04-22T01:48:58.074Z",
            "deleted_at": null,
            "user": "e59b292a-3389-4a04-8813-6dee001d87b6",
            "name": "admin_report",
            "is_editable": true,
            "is_readable": true,
            "is_parent": false
        }
    },
    {
        "model": "compensation.page",
        "pk": "6282bfd1-dc93-41ba-84c3-e148083cb127",
        "fields": {
            "filial": null,
            "created_at": "2025-05-21T07:02:21.892Z",
            "updated_at": "2025-05-21T07:02:21.892Z",
            "deleted_at": null,
            "user": "ec5e034a-c60d-4f88-803f-47449f59cfd3",
            "name": "edu_section",
            "is_editable": false,
            "is_readable": false,
            "is_parent": false
        }
    },
    {
        "model": "compensation.page",
        "pk": "62ee5c5d-5db3-4abe-8468-1b21f4b004d0",
        "fields": {
            "filial": null,
            "created_at": "2025-04-12T12:14:13.772Z",
            "updated_at": "2025-04-12T12:14:13.772Z",
            "deleted_at": null,
            "user": "0d91d137-d528-4184-be38-fc89981d5074",
            "name": "results",
            "is_editable": true,
            "is_readable": true,
            "is_parent": false
        }
    },
    {
        "model": "compensation.page",
        "pk": "63a7d2f4-f53f-427a-b5e3-e0baa6fcc173",
        "fields": {
            "filial": null,
            "created_at": "2025-05-21T07:16:55.375Z",
            "updated_at": "2025-05-21T07:16:55.375Z",
            "deleted_at": null,
            "user": "193d1b06-8a55-4554-85f4-6efea4beec0d",
            "name": "employees_archive",
            "is_editable": false,
            "is_readable": false,
            "is_parent": false
        }
    },
    {
        "model": "compensation.page",
        "pk": "6455acb6-6352-41cd-92e0-3a7951597a6b",
        "fields": {
            "filial": null,
            "created_at": "2025-05-21T07:02:22.108Z",
            "updated_at": "2025-05-21T07:02:22.109Z",
            "deleted_at": null,
            "user": "ec5e034a-c60d-4f88-803f-47449f59cfd3",
            "name": "test",
            "is_editable": false,
            "is_readable": false,
            "is_parent": false
        }
    },
    {
        "model": "compensation.page",
        "pk": "6501a2b5-2800-4730-8692-d96758918954",
        "fields": {
            "filial": null,
            "created_at": "2025-04-21T12:50:47.581Z",
            "updated_at": "2025-04-21T12:50:47.581Z",
            "deleted_at": null,
            "user": "0c634ef1-3f99-4acb-9d8d-61c3016ce15b",
            "name": "students",
            "is_editable": false,
            "is_readable": false,
            "is_parent": false
        }
    },
    {
        "model": "compensation.page",
        "pk": "65bdb509-a0e0-4d01-b5e9-88a90ab2b959",
        "fields": {
            "filial": null,
            "created_at": "2025-04-22T07:44:07.824Z",
            "updated_at": "2025-04-22T07:44:07.824Z",
            "deleted_at": null,
            "user": "59bc1408-3a4d-4200-ba53-dc7fe027dd88",
            "name": "new_students",
            "is_editable": true,
            "is_readable": true,
            "is_parent": false
        }
    },
    {
        "model": "compensation.page",
        "pk": "66633339-dff6-4218-884a-bac23596b217",
        "fields": {
            "filial": null,
            "created_at": "2025-05-21T05:11:23.548Z",
            "updated_at": "2025-05-21T05:11:23.548Z",
            "deleted_at": null,
            "user": "efc9909a-e992-4e64-8e00-632a3b0f833b",
            "name": "shop",
            "is_editable": false,
            "is_readable": false,
            "is_parent": false
        }
    },
    {
        "model": "compensation.page",
        "pk": "67c873ac-7a4d-44c8-9473-c620b2a90856",
        "fields": {
            "filial": null,
            "created_at": "2025-05-21T05:11:22.415Z",
            "updated_at": "2025-05-21T05:11:22.415Z",
            "deleted_at": null,
            "user": "efc9909a-e992-4e64-8e00-632a3b0f833b",
            "name": "admin_report",
            "is_editable": false,
            "is_readable": false,
            "is_parent": false
        }
    },
    {
        "model": "compensation.page",
        "pk": "6843f005-9b62-43a4-a80f-3414adc8344f",
        "fields": {
            "filial": null,
            "created_at": "2025-04-17T09:21:02.948Z",
            "updated_at": "2025-04-17T09:21:02.948Z",
            "deleted_at": null,
            "user": "fe91cfcf-378d-44a5-9a26-1afc17288585",
            "name": "new_leads",
            "is_editable": false,
            "is_readable": false,
            "is_parent": false
        }
    },
    {
        "model": "compensation.page",
        "pk": "689f98b5-7c1e-4a1b-af6e-6e1221562dd9",
        "fields": {
            "filial": null,
            "created_at": "2025-05-21T07:16:54.910Z",
            "updated_at": "2025-05-21T07:16:54.910Z",
            "deleted_at": null,
            "user": "193d1b06-8a55-4554-85f4-6efea4beec0d",
            "name": "active_students",
            "is_editable": false,
            "is_readable": false,
            "is_parent": false
        }
    },
    {
        "model": "compensation.page",
        "pk": "68cc18b3-7733-44b1-a882-232bf26ed068",
        "fields": {
            "filial": null,
            "created_at": "2025-04-17T09:15:44.483Z",
            "updated_at": "2025-04-17T09:15:44.484Z",
            "deleted_at": null,
            "user": "1ec7447f-3a88-4302-ac64-74f1e371ba25",
            "name": "edu_section",
            "is_editable": false,
            "is_readable": false,
            "is_parent": false
        }
    },
    {
        "model": "compensation.page",
        "pk": "68e42b6f-4568-4bb1-91b8-55f43ddc155f",
        "fields": {
            "filial": null,
            "created_at": "2025-05-21T07:16:54.737Z",
            "updated_at": "2025-05-21T07:16:54.737Z",
            "deleted_at": null,
            "user": "193d1b06-8a55-4554-85f4-6efea4beec0d",
            "name": "edu_report",
            "is_editable": false,
            "is_readable": false,
            "is_parent": false
        }
    },
    {
        "model": "compensation.page",
        "pk": "691ec0b3-e664-4528-ab21-c348bf2b537f",
        "fields": {
            "filial": null,
            "created_at": "2025-04-22T01:48:59.041Z",
            "updated_at": "2025-04-22T01:48:59.041Z",
            "deleted_at": null,
            "user": "e59b292a-3389-4a04-8813-6dee001d87b6",
            "name": "cashiers",
            "is_editable": true,
            "is_readable": true,
            "is_parent": false
        }
    },
    {
        "model": "compensation.page",
        "pk": "698c23b4-ef07-4496-8e27-a723246eabdf",
        "fields": {
            "filial": null,
            "created_at": "2025-04-12T12:14:13.602Z",
            "updated_at": "2025-04-12T12:14:13.602Z",
            "deleted_at": null,
            "user": "0d91d137-d528-4184-be38-fc89981d5074",
            "name": "finance_report",
            "is_editable": true,
            "is_readable": true,
            "is_parent": false
        }
    },
    {
        "model": "compensation.page",
        "pk": "6a3103c6-1f72-49e2-9c35-1e605f52b6ed",
        "fields": {
            "filial": null,
            "created_at": "2025-04-22T07:44:07.649Z",
            "updated_at": "2025-04-22T07:44:07.650Z",
            "deleted_at": null,
            "user": "59bc1408-3a4d-4200-ba53-dc7fe027dd88",
            "name": "admin_report",
            "is_editable": false,
            "is_readable": false,
            "is_parent": false
        }
    },
    {
        "model": "compensation.page",
        "pk": "6a617028-de25-49dc-a752-0788198619a2",
        "fields": {
            "filial": null,
            "created_at": "2025-04-16T00:47:31.598Z",
            "updated_at": "2025-04-16T00:47:31.598Z",
            "deleted_at": null,
            "user": "e4d10a84-4c8a-4016-9d23-d84b064722f9",
            "name": "employees_archive",
            "is_editable": true,
            "is_readable": true,
            "is_parent": false
        }
    },
    {
        "model": "compensation.page",
        "pk": "6ab3d7a4-5322-472f-86f7-34ca8a3b9550",
        "fields": {
            "filial": null,
            "created_at": "2025-04-22T07:44:08.179Z",
            "updated_at": "2025-04-22T07:44:08.179Z",
            "deleted_at": null,
            "user": "59bc1408-3a4d-4200-ba53-dc7fe027dd88",
            "name": "shop",
            "is_editable": false,
            "is_readable": false,
            "is_parent": false
        }
    },
    {
        "model": "compensation.page",
        "pk": "6af8ba91-19ee-4017-9fa0-83f4e28ad1da",
        "fields": {
            "filial": null,
            "created_at": "2025-05-21T04:46:44.218Z",
            "updated_at": "2025-05-21T04:46:44.219Z",
            "deleted_at": null,
            "user": "5835588f-ec8d-4384-b185-5bd1b1b13f12",
            "name": "admin_report",
            "is_editable": true,
            "is_readable": true,
            "is_parent": false
        }
    },
    {
        "model": "compensation.page",
        "pk": "6b59f4c1-cb8a-4e5e-bb27-a71fa27328a4",
        "fields": {
            "filial": null,
            "created_at": "2025-04-22T07:55:21.139Z",
            "updated_at": "2025-04-22T07:55:21.140Z",
            "deleted_at": null,
            "user": "b4e679f8-aa06-4b39-b248-a2fc4b2fa93a",
            "name": "active_students",
            "is_editable": true,
            "is_readable": true,
            "is_parent": false
        }
    },
    {
        "model": "compensation.page",
        "pk": "6b63bb35-c8fb-4240-8bac-d5b77236a613",
        "fields": {
            "filial": null,
            "created_at": "2025-04-22T07:55:21.750Z",
            "updated_at": "2025-04-22T07:55:21.750Z",
            "deleted_at": null,
            "user": "b4e679f8-aa06-4b39-b248-a2fc4b2fa93a",
            "name": "settings",
            "is_editable": false,
            "is_readable": false,
            "is_parent": false
        }
    },
    {
        "model": "compensation.page",
        "pk": "6c86a957-ea42-47f8-bf84-c12f8cf43da6",
        "fields": {
            "filial": null,
            "created_at": "2025-05-21T07:16:55.131Z",
            "updated_at": "2025-05-21T07:16:55.131Z",
            "deleted_at": null,
            "user": "193d1b06-8a55-4554-85f4-6efea4beec0d",
            "name": "schedule",
            "is_editable": true,
            "is_readable": true,
            "is_parent": false
        }
    },
    {
        "model": "compensation.page",
        "pk": "6daceac0-26a0-4d53-b919-ca160b98a4fe",
        "fields": {
            "filial": null,
            "created_at": "2025-04-16T00:47:30.861Z",
            "updated_at": "2025-04-16T00:47:30.862Z",
            "deleted_at": null,
            "user": "e4d10a84-4c8a-4016-9d23-d84b064722f9",
            "name": "monitoring",
            "is_editable": true,
            "is_readable": true,
            "is_parent": false
        }
    },
    {
        "model": "compensation.page",
        "pk": "6e31b0e5-3135-4059-b0bf-687b1a3b1e01",
        "fields": {
            "filial": null,
            "created_at": "2025-04-12T12:14:13.761Z",
            "updated_at": "2025-04-12T12:14:13.761Z",
            "deleted_at": null,
            "user": "0d91d137-d528-4184-be38-fc89981d5074",
            "name": "monitoring_page",
            "is_editable": true,
            "is_readable": true,
            "is_parent": false
        }
    },
    {
        "model": "compensation.page",
        "pk": "6e5bd6b7-cd85-46dc-9e51-56166c7c8816",
        "fields": {
            "filial": null,
            "created_at": "2025-04-21T12:50:47.526Z",
            "updated_at": "2025-04-21T12:50:47.527Z",
            "deleted_at": null,
            "user": "0c634ef1-3f99-4acb-9d8d-61c3016ce15b",
            "name": "leads",
            "is_editable": false,
            "is_readable": false,
            "is_parent": false
        }
    },
    {
        "model": "compensation.page",
        "pk": "6eb912bc-9bfa-403a-a4b3-45aa6dc428bc",
        "fields": {
            "filial": null,
            "created_at": "2025-05-21T04:16:51.412Z",
            "updated_at": "2025-05-21T04:16:51.412Z",
            "deleted_at": null,
            "user": "8f648e4e-beb1-4f59-990f-a04408c6a078",
            "name": "archived_students",
            "is_editable": false,
            "is_readable": false,
            "is_parent": false
        }
    },
    {
        "model": "compensation.page",
        "pk": "6fa4a61f-03ee-4da1-89a4-15a7bee151ff",
        "fields": {
            "filial": null,
            "created_at": "2025-05-21T07:16:54.707Z",
            "updated_at": "2025-05-21T07:16:54.708Z",
            "deleted_at": null,
            "user": "193d1b06-8a55-4554-85f4-6efea4beec0d",
            "name": "leads",
            "is_editable": true,
            "is_readable": true,
            "is_parent": false
        }
    },
    {
        "model": "compensation.page",
        "pk": "6fd2b10d-fa49-405e-b6d1-40a09b0de556",
        "fields": {
            "filial": null,
            "created_at": "2025-05-21T07:16:55.305Z",
            "updated_at": "2025-05-21T07:16:55.305Z",
            "deleted_at": null,
            "user": "193d1b06-8a55-4554-85f4-6efea4beec0d",
            "name": "cashiers",
            "is_editable": false,
            "is_readable": false,
            "is_parent": false
        }
    },
    {
        "model": "compensation.page",
        "pk": "707e3787-6ec4-4c15-a10e-5410bd381e48",
        "fields": {
            "filial": null,
            "created_at": "2025-04-22T07:55:21.489Z",
            "updated_at": "2025-04-22T07:55:21.490Z",
            "deleted_at": null,
            "user": "b4e679f8-aa06-4b39-b248-a2fc4b2fa93a",
            "name": "employees",
            "is_editable": false,
            "is_readable": false,
            "is_parent": false
        }
    },
    {
        "model": "compensation.page",
        "pk": "70acaee4-dde4-46e2-bc28-21920c1bdeec",
        "fields": {
            "filial": null,
            "created_at": "2025-04-16T01:03:38.586Z",
            "updated_at": "2025-04-16T01:03:38.587Z",
            "deleted_at": null,
            "user": "c19f7b09-32cb-4465-93dc-0129155db565",
            "name": "active_students",
            "is_editable": true,
            "is_readable": true,
            "is_parent": false
        }
    },
    {
        "model": "compensation.page",
        "pk": "711c0ebe-68cc-4be8-a5ff-88458f84ed10",
        "fields": {
            "filial": null,
            "created_at": "2025-05-21T07:16:55.077Z",
            "updated_at": "2025-05-21T07:16:55.077Z",
            "deleted_at": null,
            "user": "193d1b06-8a55-4554-85f4-6efea4beec0d",
            "name": "materials",
            "is_editable": false,
            "is_readable": false,
            "is_parent": false
        }
    },
    {
        "model": "compensation.page",
        "pk": "71558ee0-d262-47e2-aacb-1cd065653536",
        "fields": {
            "filial": null,
            "created_at": "2025-04-16T01:03:38.657Z",
            "updated_at": "2025-04-16T01:03:38.657Z",
            "deleted_at": null,
            "user": "c19f7b09-32cb-4465-93dc-0129155db565",
            "name": "groups",
            "is_editable": true,
            "is_readable": true,
            "is_parent": false
        }
    },
    {
        "model": "compensation.page",
        "pk": "71cf1971-13f1-4505-b93f-4cdf327982dd",
        "fields": {
            "filial": null,
            "created_at": "2025-04-16T00:47:31.644Z",
            "updated_at": "2025-04-16T00:47:31.644Z",
            "deleted_at": null,
            "user": "e4d10a84-4c8a-4016-9d23-d84b064722f9",
            "name": "monitoring_page",
            "is_editable": true,
            "is_readable": true,
            "is_parent": false
        }
    },
    {
        "model": "compensation.page",
        "pk": "7221cfb9-3c97-4364-a293-5d515a9e6485",
        "fields": {
            "filial": null,
            "created_at": "2025-04-21T12:50:47.793Z",
            "updated_at": "2025-04-21T12:50:47.793Z",
            "deleted_at": null,
            "user": "0c634ef1-3f99-4acb-9d8d-61c3016ce15b",
            "name": "schedule",
            "is_editable": false,
            "is_readable": true,
            "is_parent": false
        }
    },
    {
        "model": "compensation.page",
        "pk": "730767a4-68b0-456a-af62-d3b25dfc88d9",
        "fields": {
            "filial": null,
            "created_at": "2025-05-21T04:46:45.057Z",
            "updated_at": "2025-05-21T04:46:45.057Z",
            "deleted_at": null,
            "user": "5835588f-ec8d-4384-b185-5bd1b1b13f12",
            "name": "employees_archive",
            "is_editable": false,
            "is_readable": true,
            "is_parent": false
        }
    },
    {
        "model": "compensation.page",
        "pk": "73388ec6-85aa-46a8-a050-c19b1ae73708",
        "fields": {
            "filial": null,
            "created_at": "2025-04-16T00:47:30.472Z",
            "updated_at": "2025-04-16T00:47:30.473Z",
            "deleted_at": null,
            "user": "e4d10a84-4c8a-4016-9d23-d84b064722f9",
            "name": "admin_report",
            "is_editable": true,
            "is_readable": true,
            "is_parent": false
        }
    },
    {
        "model": "compensation.page",
        "pk": "73758114-c6ec-4305-976e-8c7d43420e7f",
        "fields": {
            "filial": null,
            "created_at": "2025-04-17T09:15:43.882Z",
            "updated_at": "2025-04-17T09:15:43.882Z",
            "deleted_at": null,
            "user": "1ec7447f-3a88-4302-ac64-74f1e371ba25",
            "name": "monitoring",
            "is_editable": false,
            "is_readable": false,
            "is_parent": false
        }
    },
    {
        "model": "compensation.page",
        "pk": "74a05863-b5c1-405e-ad89-9de93360d77e",
        "fields": {
            "filial": null,
            "created_at": "2025-04-17T09:21:03.652Z",
            "updated_at": "2025-04-17T09:21:03.653Z",
            "deleted_at": null,
            "user": "fe91cfcf-378d-44a5-9a26-1afc17288585",
            "name": "control",
            "is_editable": false,
            "is_readable": true,
            "is_parent": false
        }
    },
    {
        "model": "compensation.page",
        "pk": "7540bfd4-4b40-4e35-83f9-2954f7bb1afc",
        "fields": {
            "filial": null,
            "created_at": "2025-04-21T12:50:47.609Z",
            "updated_at": "2025-04-21T12:50:47.610Z",
            "deleted_at": null,
            "user": "0c634ef1-3f99-4acb-9d8d-61c3016ce15b",
            "name": "active_students",
            "is_editable": false,
            "is_readable": true,
            "is_parent": false
        }
    },
    {
        "model": "compensation.page",
        "pk": "757c4b13-4e9e-4fcb-aaf8-432e82f4ac36",
        "fields": {
            "filial": null,
            "created_at": "2025-04-16T01:03:38.622Z",
            "updated_at": "2025-04-16T01:03:38.622Z",
            "deleted_at": null,
            "user": "c19f7b09-32cb-4465-93dc-0129155db565",
            "name": "all_students",
            "is_editable": true,
            "is_readable": true,
            "is_parent": false
        }
    },
    {
        "model": "compensation.page",
        "pk": "75f24b94-acd5-4889-a94d-d5c92a447c69",
        "fields": {
            "filial": null,
            "created_at": "2025-05-21T07:16:55.117Z",
            "updated_at": "2025-05-21T07:16:55.117Z",
            "deleted_at": null,
            "user": "193d1b06-8a55-4554-85f4-6efea4beec0d",
            "name": "control",
            "is_editable": false,
            "is_readable": false,
            "is_parent": false
        }
    },
    {
        "model": "compensation.page",
        "pk": "75f2afa3-6308-4c66-b9a8-e314623f9b25",
        "fields": {
            "filial": null,
            "created_at": "2025-05-21T07:16:55.306Z",
            "updated_at": "2025-05-21T07:16:55.307Z",
            "deleted_at": null,
            "user": "193d1b06-8a55-4554-85f4-6efea4beec0d",
            "name": "tasks",
            "is_editable": true,
            "is_readable": true,
            "is_parent": false
        }
    },
    {
        "model": "compensation.page",
        "pk": "7675a896-4851-4cf0-92bc-4c3e69b4c7b7",
        "fields": {
            "filial": null,
            "created_at": "2025-05-21T07:02:21.676Z",
            "updated_at": "2025-05-21T07:02:21.677Z",
            "deleted_at": null,
            "user": "ec5e034a-c60d-4f88-803f-47449f59cfd3",
            "name": "archived_students",
            "is_editable": false,
            "is_readable": false,
            "is_parent": false
        }
    },
    {
        "model": "compensation.page",
        "pk": "768a5b8d-2f5a-4496-870e-e5b6e8b97979",
        "fields": {
            "filial": null,
            "created_at": "2025-05-21T07:02:21.399Z",
            "updated_at": "2025-05-21T07:02:21.399Z",
            "deleted_at": null,
            "user": "ec5e034a-c60d-4f88-803f-47449f59cfd3",
            "name": "reports",
            "is_editable": false,
            "is_readable": false,
            "is_parent": false
        }
    },
    {
        "model": "compensation.page",
        "pk": "7964e74c-79b2-4ae7-b213-7b5be472b899",
        "fields": {
            "filial": null,
            "created_at": "2025-04-17T09:21:02.825Z",
            "updated_at": "2025-04-17T09:21:02.825Z",
            "deleted_at": null,
            "user": "fe91cfcf-378d-44a5-9a26-1afc17288585",
            "name": "finance_report",
            "is_editable": false,
            "is_readable": false,
            "is_parent": false
        }
    },
    {
        "model": "compensation.page",
        "pk": "797cca75-4a4a-4ae4-9d97-4fc806e965c7",
        "fields": {
            "filial": null,
            "created_at": "2025-05-21T04:16:51.509Z",
            "updated_at": "2025-05-21T04:16:51.510Z",
            "deleted_at": null,
            "user": "8f648e4e-beb1-4f59-990f-a04408c6a078",
            "name": "schedule",
            "is_editable": true,
            "is_readable": true,
            "is_parent": false
        }
    },
    {
        "model": "compensation.page",
        "pk": "798dc45a-1a2f-42e6-a583-63d1a19e05ee",
        "fields": {
            "filial": null,
            "created_at": "2025-05-21T04:16:51.694Z",
            "updated_at": "2025-05-21T04:16:51.695Z",
            "deleted_at": null,
            "user": "8f648e4e-beb1-4f59-990f-a04408c6a078",
            "name": "cashiers",
            "is_editable": false,
            "is_readable": false,
            "is_parent": false
        }
    },
    {
        "model": "compensation.page",
        "pk": "7991ec6f-07d8-46c9-9db3-96d6e0b3a01a",
        "fields": {
            "filial": null,
            "created_at": "2025-04-17T09:21:03.192Z",
            "updated_at": "2025-04-17T09:21:03.192Z",
            "deleted_at": null,
            "user": "fe91cfcf-378d-44a5-9a26-1afc17288585",
            "name": "materials",
            "is_editable": false,
            "is_readable": true,
            "is_parent": false
        }
    },
    {
        "model": "compensation.page",
        "pk": "7a253abe-69f5-4873-b8f7-a1d33fc2a6f4",
        "fields": {
            "filial": null,
            "created_at": "2025-04-12T12:14:13.678Z",
            "updated_at": "2025-04-12T12:14:13.678Z",
            "deleted_at": null,
            "user": "0d91d137-d528-4184-be38-fc89981d5074",
            "name": "courses",
            "is_editable": true,
            "is_readable": true,
            "is_parent": false
        }
    },
    {
        "model": "compensation.page",
        "pk": "7c435473-c063-42e3-9d7d-7651be06d7dc",
        "fields": {
            "filial": null,
            "created_at": "2025-05-21T07:02:21.698Z",
            "updated_at": "2025-05-21T07:02:21.698Z",
            "deleted_at": null,
            "user": "ec5e034a-c60d-4f88-803f-47449f59cfd3",
            "name": "all_students",
            "is_editable": false,
            "is_readable": false,
            "is_parent": false
        }
    },
    {
        "model": "compensation.page",
        "pk": "7c8b4fcf-bb96-4563-b42f-6ff640c5d7a2",
        "fields": {
            "filial": null,
            "created_at": "2025-05-21T07:02:21.472Z",
            "updated_at": "2025-05-21T07:02:21.473Z",
            "deleted_at": null,
            "user": "ec5e034a-c60d-4f88-803f-47449f59cfd3",
            "name": "finance_report",
            "is_editable": false,
            "is_readable": false,
            "is_parent": false
        }
    },
    {
        "model": "compensation.page",
        "pk": "7c8eb8a7-00a0-4b64-b002-338d94d2cf03",
        "fields": {
            "filial": null,
            "created_at": "2025-04-22T01:48:58.143Z",
            "updated_at": "2025-04-22T01:48:58.143Z",
            "deleted_at": null,
            "user": "e59b292a-3389-4a04-8813-6dee001d87b6",
            "name": "monitoring",
            "is_editable": true,
            "is_readable": true,
            "is_parent": false
        }
    },
    {
        "model": "compensation.page",
        "pk": "7d89399e-db78-497e-9b3e-5483d016a79b",
        "fields": {
            "filial": null,
            "created_at": "2025-04-12T12:14:13.750Z",
            "updated_at": "2025-04-12T12:14:13.750Z",
            "deleted_at": null,
            "user": "0d91d137-d528-4184-be38-fc89981d5074",
            "name": "employees_archive",
            "is_editable": true,
            "is_readable": true,
            "is_parent": false
        }
    },
    {
        "model": "compensation.page",
        "pk": "7f4ea6c4-60f4-4b38-aa99-1942b28cd4da",
        "fields": {
            "filial": null,
            "created_at": "2025-04-16T01:03:38.840Z",
            "updated_at": "2025-04-16T01:03:38.840Z",
            "deleted_at": null,
            "user": "c19f7b09-32cb-4465-93dc-0129155db565",
            "name": "employees_archive",
            "is_editable": true,
            "is_readable": true,
            "is_parent": false
        }
    },
    {
        "model": "compensation.page",
        "pk": "7ff5ff9d-0f88-44bc-9ca7-d312892126ed",
        "fields": {
            "filial": null,
            "created_at": "2025-04-22T07:44:07.657Z",
            "updated_at": "2025-04-22T07:44:07.658Z",
            "deleted_at": null,
            "user": "59bc1408-3a4d-4200-ba53-dc7fe027dd88",
            "name": "edu_report",
            "is_editable": false,
            "is_readable": false,
            "is_parent": false
        }
    },
    {
        "model": "compensation.page",
        "pk": "803c3871-b63b-42c2-be2d-5e3184862004",
        "fields": {
            "filial": null,
            "created_at": "2025-05-21T05:11:23.048Z",
            "updated_at": "2025-05-21T05:11:23.049Z",
            "deleted_at": null,
            "user": "efc9909a-e992-4e64-8e00-632a3b0f833b",
            "name": "results",
            "is_editable": false,
            "is_readable": false,
            "is_parent": false
        }
    },
    {
        "model": "compensation.page",
        "pk": "8077d502-7008-4394-bbf6-364461132567",
        "fields": {
            "filial": null,
            "created_at": "2025-04-22T01:48:59.008Z",
            "updated_at": "2025-04-22T01:48:59.008Z",
            "deleted_at": null,
            "user": "e59b292a-3389-4a04-8813-6dee001d87b6",
            "name": "results",
            "is_editable": true,
            "is_readable": true,
            "is_parent": false
        }
    },
    {
        "model": "compensation.page",
        "pk": "812de792-4e66-4344-aab7-28100724c1cb",
        "fields": {
            "filial": null,
            "created_at": "2025-04-17T09:15:44.866Z",
            "updated_at": "2025-04-17T09:15:44.867Z",
            "deleted_at": null,
            "user": "1ec7447f-3a88-4302-ac64-74f1e371ba25",
            "name": "monitoring_page",
            "is_editable": false,
            "is_readable": false,
            "is_parent": false
        }
    },
    {
        "model": "compensation.page",
        "pk": "8132cca4-530d-4c82-9b4b-d48e034ebfd8",
        "fields": {
            "filial": null,
            "created_at": "2025-05-21T07:16:54.931Z",
            "updated_at": "2025-05-21T07:16:54.931Z",
            "deleted_at": null,
            "user": "193d1b06-8a55-4554-85f4-6efea4beec0d",
            "name": "edu_section",
            "is_editable": false,
            "is_readable": false,
            "is_parent": false
        }
    },
    {
        "model": "compensation.page",
        "pk": "81a42f99-8aed-4a0f-89e5-00a64bba4c28",
        "fields": {
            "filial": null,
            "created_at": "2025-04-17T09:21:03.101Z",
            "updated_at": "2025-04-17T09:21:03.101Z",
            "deleted_at": null,
            "user": "fe91cfcf-378d-44a5-9a26-1afc17288585",
            "name": "archived_students",
            "is_editable": false,
            "is_readable": true,
            "is_parent": false
        }
    },
    {
        "model": "compensation.page",
        "pk": "81e69ef4-7ae2-4f04-a635-9b4b52ef05cd",
        "fields": {
            "filial": null,
            "created_at": "2025-05-21T07:16:55.114Z",
            "updated_at": "2025-05-21T07:16:55.114Z",
            "deleted_at": null,
            "user": "193d1b06-8a55-4554-85f4-6efea4beec0d",
            "name": "results",
            "is_editable": false,
            "is_readable": false,
            "is_parent": false
        }
    },
    {
        "model": "compensation.page",
        "pk": "8205caea-0164-4113-afa7-5a4496d4e9c6",
        "fields": {
            "filial": null,
            "created_at": "2025-04-22T07:55:20.856Z",
            "updated_at": "2025-04-22T07:55:20.857Z",
            "deleted_at": null,
            "user": "b4e679f8-aa06-4b39-b248-a2fc4b2fa93a",
            "name": "edu_report",
            "is_editable": false,
            "is_readable": false,
            "is_parent": false
        }
    },
    {
        "model": "compensation.page",
        "pk": "825d5bc1-2d4a-45c1-8b6c-74cf66dfede7",
        "fields": {
            "filial": null,
            "created_at": "2025-04-17T09:21:03.024Z",
            "updated_at": "2025-04-17T09:21:03.025Z",
            "deleted_at": null,
            "user": "fe91cfcf-378d-44a5-9a26-1afc17288585",
            "name": "active_students",
            "is_editable": false,
            "is_readable": true,
            "is_parent": false
        }
    },
    {
        "model": "compensation.page",
        "pk": "82a8856e-2dc3-4a9b-b1b7-f0be0c14d292",
        "fields": {
            "filial": null,
            "created_at": "2025-05-21T07:02:21.673Z",
            "updated_at": "2025-05-21T07:02:21.673Z",
            "deleted_at": null,
            "user": "ec5e034a-c60d-4f88-803f-47449f59cfd3",
            "name": "new_students",
            "is_editable": false,
            "is_readable": false,
            "is_parent": false
        }
    },
    {
        "model": "compensation.page",
        "pk": "83220323-c7b0-4e07-9a33-a378fbe459a9",
        "fields": {
            "filial": null,
            "created_at": "2025-04-22T07:29:54.788Z",
            "updated_at": "2025-04-22T07:29:54.789Z",
            "deleted_at": null,
            "user": "1ef440ce-82b8-49d5-bf5d-c74604e64530",
            "name": "cashiers",
            "is_editable": true,
            "is_readable": true,
            "is_parent": false
        }
    },
    {
        "model": "compensation.page",
        "pk": "841c5d46-81ce-4574-b332-67f338c7a0ea",
        "fields": {
            "filial": null,
            "created_at": "2025-05-21T04:16:50.763Z",
            "updated_at": "2025-05-21T04:16:50.763Z",
            "deleted_at": null,
            "user": "8f648e4e-beb1-4f59-990f-a04408c6a078",
            "name": "admin_report",
            "is_editable": false,
            "is_readable": false,
            "is_parent": false
        }
    },
    {
        "model": "compensation.page",
        "pk": "8487f7d1-144e-4a84-897c-1df7cd747897",
        "fields": {
            "filial": null,
            "created_at": "2025-05-21T04:46:44.624Z",
            "updated_at": "2025-05-21T04:46:44.625Z",
            "deleted_at": null,
            "user": "5835588f-ec8d-4384-b185-5bd1b1b13f12",
            "name": "groups",
            "is_editable": false,
            "is_readable": true,
            "is_parent": false
        }
    },
    {
        "model": "compensation.page",
        "pk": "8516adc1-5756-44b5-8925-5a0ac87061eb",
        "fields": {
            "filial": null,
            "created_at": "2025-04-17T09:21:02.738Z",
            "updated_at": "2025-04-17T09:21:02.739Z",
            "deleted_at": null,
            "user": "fe91cfcf-378d-44a5-9a26-1afc17288585",
            "name": "reports",
            "is_editable": false,
            "is_readable": false,
            "is_parent": false
        }
    },
    {
        "model": "compensation.page",
        "pk": "86721e3c-9240-4a60-a76d-4070e13bb07e",
        "fields": {
            "filial": null,
            "created_at": "2025-04-22T07:44:07.764Z",
            "updated_at": "2025-04-22T07:44:07.764Z",
            "deleted_at": null,
            "user": "59bc1408-3a4d-4200-ba53-dc7fe027dd88",
            "name": "finance_report",
            "is_editable": false,
            "is_readable": false,
            "is_parent": false
        }
    },
    {
        "model": "compensation.page",
        "pk": "86d738a1-01e0-4844-85b5-14a2714fce6c",
        "fields": {
            "filial": null,
            "created_at": "2025-04-21T12:50:47.063Z",
            "updated_at": "2025-04-21T12:50:47.063Z",
            "deleted_at": null,
            "user": "0c634ef1-3f99-4acb-9d8d-61c3016ce15b",
            "name": "reports",
            "is_editable": false,
            "is_readable": false,
            "is_parent": false
        }
    },
    {
        "model": "compensation.page",
        "pk": "86eb6b4f-4f25-45b1-95ae-c308a7668f51",
        "fields": {
            "filial": null,
            "created_at": "2025-04-22T07:55:21.343Z",
            "updated_at": "2025-04-22T07:55:21.343Z",
            "deleted_at": null,
            "user": "b4e679f8-aa06-4b39-b248-a2fc4b2fa93a",
            "name": "schedule",
            "is_editable": false,
            "is_readable": true,
            "is_parent": false
        }
    },
    {
        "model": "compensation.page",
        "pk": "86f9082e-e46e-4184-ad70-2abde81f4021",
        "fields": {
            "filial": null,
            "created_at": "2025-04-17T09:15:44.516Z",
            "updated_at": "2025-04-17T09:15:44.516Z",
            "deleted_at": null,
            "user": "1ec7447f-3a88-4302-ac64-74f1e371ba25",
            "name": "schedule",
            "is_editable": false,
            "is_readable": false,
            "is_parent": false
        }
    },
    {
        "model": "compensation.page",
        "pk": "879189ca-e5ff-4bdd-9f79-309715b4520a",
        "fields": {
            "filial": null,
            "created_at": "2025-05-21T07:02:21.890Z",
            "updated_at": "2025-05-21T07:02:21.890Z",
            "deleted_at": null,
            "user": "ec5e034a-c60d-4f88-803f-47449f59cfd3",
            "name": "results",
            "is_editable": false,
            "is_readable": false,
            "is_parent": false
        }
    },
    {
        "model": "compensation.page",
        "pk": "87a8749d-b1d8-45d0-bc48-84ce38e08fc2",
        "fields": {
            "filial": null,
            "created_at": "2025-05-21T05:11:23.087Z",
            "updated_at": "2025-05-21T05:11:23.087Z",
            "deleted_at": null,
            "user": "efc9909a-e992-4e64-8e00-632a3b0f833b",
            "name": "test",
            "is_editable": false,
            "is_readable": false,
            "is_parent": false
        }
    },
    {
        "model": "compensation.page",
        "pk": "882f9bd2-87e6-44c4-b2d1-7bce4ec25778",
        "fields": {
            "filial": null,
            "created_at": "2025-04-22T07:29:54.928Z",
            "updated_at": "2025-04-22T07:29:54.928Z",
            "deleted_at": null,
            "user": "1ef440ce-82b8-49d5-bf5d-c74604e64530",
            "name": "employees_archive",
            "is_editable": false,
            "is_readable": false,
            "is_parent": false
        }
    },
    {
        "model": "compensation.page",
        "pk": "8897d629-9b2d-40d1-9c4b-06f64f8cbf0b",
        "fields": {
            "filial": null,
            "created_at": "2025-04-22T07:44:07.871Z",
            "updated_at": "2025-04-22T07:44:07.872Z",
            "deleted_at": null,
            "user": "59bc1408-3a4d-4200-ba53-dc7fe027dd88",
            "name": "all_students",
            "is_editable": true,
            "is_readable": true,
            "is_parent": false
        }
    },
    {
        "model": "compensation.page",
        "pk": "88d1091c-3a33-4d65-83ac-8df39eeb9170",
        "fields": {
            "filial": null,
            "created_at": "2025-05-21T04:46:44.391Z",
            "updated_at": "2025-05-21T04:46:44.392Z",
            "deleted_at": null,
            "user": "5835588f-ec8d-4384-b185-5bd1b1b13f12",
            "name": "finance_report",
            "is_editable": true,
            "is_readable": true,
            "is_parent": false
        }
    },
    {
        "model": "compensation.page",
        "pk": "898f94ee-8292-4146-a3c9-5d44c104aa10",
        "fields": {
            "filial": null,
            "created_at": "2025-05-21T04:16:50.810Z",
            "updated_at": "2025-05-21T04:16:50.810Z",
            "deleted_at": null,
            "user": "8f648e4e-beb1-4f59-990f-a04408c6a078",
            "name": "new_leads",
            "is_editable": true,
            "is_readable": true,
            "is_parent": false
        }
    },
    {
        "model": "compensation.page",
        "pk": "8a1df417-6444-4814-9a4d-69d7d1c8370a",
        "fields": {
            "filial": null,
            "created_at": "2025-05-21T05:11:22.960Z",
            "updated_at": "2025-05-21T05:11:22.960Z",
            "deleted_at": null,
            "user": "efc9909a-e992-4e64-8e00-632a3b0f833b",
            "name": "groups",
            "is_editable": false,
            "is_readable": false,
            "is_parent": false
        }
    },
    {
        "model": "compensation.page",
        "pk": "8a2240d5-8caf-41f7-b861-236330aba296",
        "fields": {
            "filial": null,
            "created_at": "2025-05-21T04:16:50.770Z",
            "updated_at": "2025-05-21T04:16:50.770Z",
            "deleted_at": null,
            "user": "8f648e4e-beb1-4f59-990f-a04408c6a078",
            "name": "finance_report",
            "is_editable": false,
            "is_readable": false,
            "is_parent": false
        }
    },
    {
        "model": "compensation.page",
        "pk": "8a7d35ae-2541-4c6d-bfd6-3f193e507dba",
        "fields": {
            "filial": null,
            "created_at": "2025-04-21T12:50:47.655Z",
            "updated_at": "2025-04-21T12:50:47.655Z",
            "deleted_at": null,
            "user": "0c634ef1-3f99-4acb-9d8d-61c3016ce15b",
            "name": "all_students",
            "is_editable": false,
            "is_readable": false,
            "is_parent": false
        }
    },
    {
        "model": "compensation.page",
        "pk": "8aac21e7-7efc-4509-92b6-23989ed73830",
        "fields": {
            "filial": null,
            "created_at": "2025-04-22T01:48:58.271Z",
            "updated_at": "2025-04-22T01:48:58.272Z",
            "deleted_at": null,
            "user": "e59b292a-3389-4a04-8813-6dee001d87b6",
            "name": "leads",
            "is_editable": true,
            "is_readable": true,
            "is_parent": false
        }
    },
    {
        "model": "compensation.page",
        "pk": "8c190a85-f59e-4178-878c-4e1b8fef18d0",
        "fields": {
            "filial": null,
            "created_at": "2025-04-12T12:14:13.741Z",
            "updated_at": "2025-04-12T12:14:13.742Z",
            "deleted_at": null,
            "user": "0d91d137-d528-4184-be38-fc89981d5074",
            "name": "employees_data",
            "is_editable": true,
            "is_readable": true,
            "is_parent": false
        }
    },
    {
        "model": "compensation.page",
        "pk": "8c4d584b-45d8-4cea-a0db-c3c867ef42fa",
        "fields": {
            "filial": null,
            "created_at": "2025-05-21T05:11:23.550Z",
            "updated_at": "2025-05-21T05:11:23.550Z",
            "deleted_at": null,
            "user": "efc9909a-e992-4e64-8e00-632a3b0f833b",
            "name": "tasks",
            "is_editable": true,
            "is_readable": true,
            "is_parent": false
        }
    },
    {
        "model": "compensation.page",
        "pk": "8c4f8854-516d-4ded-8f1d-503cd3076fd3",
        "fields": {
            "filial": null,
            "created_at": "2025-04-16T01:03:38.495Z",
            "updated_at": "2025-04-16T01:03:38.495Z",
            "deleted_at": null,
            "user": "c19f7b09-32cb-4465-93dc-0129155db565",
            "name": "new_students",
            "is_editable": true,
            "is_readable": true,
            "is_parent": false
        }
    },
    {
        "model": "compensation.page",
        "pk": "8d42c5b5-cc5d-4c32-a65a-106b5722d0cd",
        "fields": {
            "filial": null,
            "created_at": "2025-04-12T12:14:13.583Z",
            "updated_at": "2025-04-12T12:14:13.583Z",
            "deleted_at": null,
            "user": "0d91d137-d528-4184-be38-fc89981d5074",
            "name": "admin_report",
            "is_editable": true,
            "is_readable": true,
            "is_parent": false
        }
    },
    {
        "model": "compensation.page",
        "pk": "8d498e91-2300-4e8e-90ec-cddd6b522c18",
        "fields": {
            "filial": null,
            "created_at": "2025-05-21T05:11:23.047Z",
            "updated_at": "2025-05-21T05:11:23.047Z",
            "deleted_at": null,
            "user": "efc9909a-e992-4e64-8e00-632a3b0f833b",
            "name": "schedule",
            "is_editable": true,
            "is_readable": true,
            "is_parent": false
        }
    },
    {
        "model": "compensation.page",
        "pk": "8d5f742b-77b8-4f09-b763-37734c085d38",
        "fields": {
            "filial": null,
            "created_at": "2025-05-21T04:16:50.734Z",
            "updated_at": "2025-05-21T04:16:50.734Z",
            "deleted_at": null,
            "user": "8f648e4e-beb1-4f59-990f-a04408c6a078",
            "name": "monitoring",
            "is_editable": false,
            "is_readable": false,
            "is_parent": false
        }
    },
    {
        "model": "compensation.page",
        "pk": "8f14c9fa-af1b-487d-94f6-cb23a6618543",
        "fields": {
            "filial": null,
            "created_at": "2025-05-21T05:11:22.658Z",
            "updated_at": "2025-05-21T05:11:22.659Z",
            "deleted_at": null,
            "user": "efc9909a-e992-4e64-8e00-632a3b0f833b",
            "name": "edu_report",
            "is_editable": false,
            "is_readable": false,
            "is_parent": false
        }
    },
    {
        "model": "compensation.page",
        "pk": "9190567d-93d4-4503-ac28-9722d379d434",
        "fields": {
            "filial": null,
            "created_at": "2025-04-17T09:21:03.681Z",
            "updated_at": "2025-04-17T09:21:03.681Z",
            "deleted_at": null,
            "user": "fe91cfcf-378d-44a5-9a26-1afc17288585",
            "name": "employees",
            "is_editable": false,
            "is_readable": false,
            "is_parent": false
        }
    },
    {
        "model": "compensation.page",
        "pk": "930b4c80-a267-422c-81d3-2b25c3f9fa82",
        "fields": {
            "filial": null,
            "created_at": "2025-04-22T07:29:54.613Z",
            "updated_at": "2025-04-22T07:29:54.615Z",
            "deleted_at": null,
            "user": "1ef440ce-82b8-49d5-bf5d-c74604e64530",
            "name": "active_students",
            "is_editable": true,
            "is_readable": true,
            "is_parent": false
        }
    },
    {
        "model": "compensation.page",
        "pk": "931ed275-4681-4fc5-b183-77b3869438d0",
        "fields": {
            "filial": null,
            "created_at": "2025-05-21T04:46:44.468Z",
            "updated_at": "2025-05-21T04:46:44.469Z",
            "deleted_at": null,
            "user": "5835588f-ec8d-4384-b185-5bd1b1b13f12",
            "name": "students",
            "is_editable": false,
            "is_readable": true,
            "is_parent": false
        }
    },
    {
        "model": "compensation.page",
        "pk": "935e3e12-caa1-488d-aefa-52d18bdbffdb",
        "fields": {
            "filial": null,
            "created_at": "2025-05-21T04:16:51.824Z",
            "updated_at": "2025-05-21T04:16:51.825Z",
            "deleted_at": null,
            "user": "8f648e4e-beb1-4f59-990f-a04408c6a078",
            "name": "shop",
            "is_editable": false,
            "is_readable": false,
            "is_parent": false
        }
    },
    {
        "model": "compensation.page",
        "pk": "935ed620-34c7-4e8f-8752-1af04eed68fc",
        "fields": {
            "filial": null,
            "created_at": "2025-05-21T07:16:55.216Z",
            "updated_at": "2025-05-21T07:16:55.216Z",
            "deleted_at": null,
            "user": "193d1b06-8a55-4554-85f4-6efea4beec0d",
            "name": "monitoring_page",
            "is_editable": false,
            "is_readable": false,
            "is_parent": false
        }
    },
    {
        "model": "compensation.page",
        "pk": "96806f2e-4ccc-4582-9bdd-f9abecc9422e",
        "fields": {
            "filial": null,
            "created_at": "2025-04-21T12:50:47.749Z",
            "updated_at": "2025-04-21T12:50:47.749Z",
            "deleted_at": null,
            "user": "0c634ef1-3f99-4acb-9d8d-61c3016ce15b",
            "name": "materials",
            "is_editable": false,
            "is_readable": true,
            "is_parent": false
        }
    },
    {
        "model": "compensation.page",
        "pk": "96974dad-e07e-4a86-b913-efe73973bc9a",
        "fields": {
            "filial": null,
            "created_at": "2025-05-21T05:11:22.636Z",
            "updated_at": "2025-05-21T05:11:22.639Z",
            "deleted_at": null,
            "user": "efc9909a-e992-4e64-8e00-632a3b0f833b",
            "name": "new_leads",
            "is_editable": true,
            "is_readable": true,
            "is_parent": false
        }
    },
    {
        "model": "compensation.page",
        "pk": "96d1e710-8977-4458-a3b4-b824cc6f60d0",
        "fields": {
            "filial": null,
            "created_at": "2025-04-22T01:48:59.056Z",
            "updated_at": "2025-04-22T01:48:59.056Z",
            "deleted_at": null,
            "user": "e59b292a-3389-4a04-8813-6dee001d87b6",
            "name": "employees_data",
            "is_editable": true,
            "is_readable": true,
            "is_parent": false
        }
    },
    {
        "model": "compensation.page",
        "pk": "97a9c93c-8b2e-4924-8ace-4467a8073a05",
        "fields": {
            "filial": null,
            "created_at": "2025-04-16T01:03:38.180Z",
            "updated_at": "2025-04-16T01:03:38.180Z",
            "deleted_at": null,
            "user": "c19f7b09-32cb-4465-93dc-0129155db565",
            "name": "admin_report",
            "is_editable": true,
            "is_readable": true,
            "is_parent": false
        }
    },
    {
        "model": "compensation.page",
        "pk": "97be0605-d5cd-4dc6-8372-68b0477b76ae",
        "fields": {
            "filial": null,
            "created_at": "2025-04-12T12:14:13.693Z",
            "updated_at": "2025-04-12T12:14:13.693Z",
            "deleted_at": null,
            "user": "0d91d137-d528-4184-be38-fc89981d5074",
            "name": "rooms",
            "is_editable": true,
            "is_readable": true,
            "is_parent": false
        }
    },
    {
        "model": "compensation.page",
        "pk": "97c1b8eb-1c1d-437d-89e9-4837bb9a6740",
        "fields": {
            "filial": null,
            "created_at": "2025-04-16T01:03:38.756Z",
            "updated_at": "2025-04-16T01:03:38.756Z",
            "deleted_at": null,
            "user": "c19f7b09-32cb-4465-93dc-0129155db565",
            "name": "employees",
            "is_editable": true,
            "is_readable": true,
            "is_parent": false
        }
    },
    {
        "model": "compensation.page",
        "pk": "9919415e-958d-464b-952b-7159d786a5ff",
        "fields": {
            "filial": null,
            "created_at": "2025-04-22T01:48:58.928Z",
            "updated_at": "2025-04-22T01:48:58.928Z",
            "deleted_at": null,
            "user": "e59b292a-3389-4a04-8813-6dee001d87b6",
            "name": "schedule",
            "is_editable": true,
            "is_readable": true,
            "is_parent": false
        }
    },
    {
        "model": "compensation.page",
        "pk": "995c1398-4faf-4f25-b0e2-49ea7d7945c8",
        "fields": {
            "filial": null,
            "created_at": "2025-04-16T00:47:30.849Z",
            "updated_at": "2025-04-16T00:47:30.849Z",
            "deleted_at": null,
            "user": "e4d10a84-4c8a-4016-9d23-d84b064722f9",
            "name": "finance_report",
            "is_editable": true,
            "is_readable": true,
            "is_parent": false
        }
    },
    {
        "model": "compensation.page",
        "pk": "9a64f647-0ce6-4cbc-89c0-91d76488f818",
        "fields": {
            "filial": null,
            "created_at": "2025-05-21T07:02:22.279Z",
            "updated_at": "2025-05-21T07:02:22.279Z",
            "deleted_at": null,
            "user": "ec5e034a-c60d-4f88-803f-47449f59cfd3",
            "name": "employees_data",
            "is_editable": false,
            "is_readable": false,
            "is_parent": false
        }
    },
    {
        "model": "compensation.page",
        "pk": "9a675737-f9ff-48d5-83af-ce8f138fccb8",
        "fields": {
            "filial": null,
            "created_at": "2025-04-12T12:14:13.631Z",
            "updated_at": "2025-04-12T12:14:13.631Z",
            "deleted_at": null,
            "user": "0d91d137-d528-4184-be38-fc89981d5074",
            "name": "students",
            "is_editable": true,
            "is_readable": true,
            "is_parent": false
        }
    },
    {
        "model": "compensation.page",
        "pk": "9a823319-25ab-4f44-bcee-187a1f2e572d",
        "fields": {
            "filial": null,
            "created_at": "2025-04-22T01:48:58.204Z",
            "updated_at": "2025-04-22T01:48:58.205Z",
            "deleted_at": null,
            "user": "e59b292a-3389-4a04-8813-6dee001d87b6",
            "name": "finance_report",
            "is_editable": true,
            "is_readable": true,
            "is_parent": false
        }
    },
    {
        "model": "compensation.page",
        "pk": "9a878b9a-770c-446c-95c0-0809d76e9b65",
        "fields": {
            "filial": null,
            "created_at": "2025-04-21T12:50:47.965Z",
            "updated_at": "2025-04-21T12:50:47.965Z",
            "deleted_at": null,
            "user": "0c634ef1-3f99-4acb-9d8d-61c3016ce15b",
            "name": "employees_data",
            "is_editable": false,
            "is_readable": false,
            "is_parent": false
        }
    },
    {
        "model": "compensation.page",
        "pk": "9ae60d2a-8074-4762-ab4b-cec3686bef17",
        "fields": {
            "filial": null,
            "created_at": "2025-04-22T07:44:07.644Z",
            "updated_at": "2025-04-22T07:44:07.644Z",
            "deleted_at": null,
            "user": "59bc1408-3a4d-4200-ba53-dc7fe027dd88",
            "name": "reports",
            "is_editable": false,
            "is_readable": false,
            "is_parent": false
        }
    },
    {
        "model": "compensation.page",
        "pk": "9b4af497-9975-4b4e-882b-2d34d24e603b",
        "fields": {
            "filial": null,
            "created_at": "2025-04-22T01:48:59.355Z",
            "updated_at": "2025-04-22T01:48:59.356Z",
            "deleted_at": null,
            "user": "e59b292a-3389-4a04-8813-6dee001d87b6",
            "name": "settings",
            "is_editable": false,
            "is_readable": false,
            "is_parent": false
        }
    },
    {
        "model": "compensation.page",
        "pk": "9c1cc1df-bc7c-4f40-a556-78d993bb094c",
        "fields": {
            "filial": null,
            "created_at": "2025-05-21T05:11:22.831Z",
            "updated_at": "2025-05-21T05:11:22.832Z",
            "deleted_at": null,
            "user": "efc9909a-e992-4e64-8e00-632a3b0f833b",
            "name": "edu_section",
            "is_editable": false,
            "is_readable": false,
            "is_parent": false
        }
    },
    {
        "model": "compensation.page",
        "pk": "9c23b2a1-e8b0-49dc-b430-8c1c30a8eee8",
        "fields": {
            "filial": null,
            "created_at": "2025-04-17T09:15:44.428Z",
            "updated_at": "2025-04-17T09:15:44.428Z",
            "deleted_at": null,
            "user": "1ec7447f-3a88-4302-ac64-74f1e371ba25",
            "name": "archived_students",
            "is_editable": false,
            "is_readable": true,
            "is_parent": false
        }
    },
    {
        "model": "compensation.page",
        "pk": "9c9543c8-008f-4321-abd6-68207d1cacc2",
        "fields": {
            "filial": null,
            "created_at": "2025-04-16T01:03:38.221Z",
            "updated_at": "2025-04-16T01:03:38.221Z",
            "deleted_at": null,
            "user": "c19f7b09-32cb-4465-93dc-0129155db565",
            "name": "monitoring",
            "is_editable": true,
            "is_readable": true,
            "is_parent": false
        }
    },
    {
        "model": "compensation.page",
        "pk": "9cb30ca6-df05-48e6-ba1c-69a96bfc2f09",
        "fields": {
            "filial": null,
            "created_at": "2025-05-21T04:16:51.839Z",
            "updated_at": "2025-05-21T04:16:51.839Z",
            "deleted_at": null,
            "user": "8f648e4e-beb1-4f59-990f-a04408c6a078",
            "name": "settings",
            "is_editable": false,
            "is_readable": false,
            "is_parent": false
        }
    },
    {
        "model": "compensation.page",
        "pk": "9d3fe2ad-b8c6-4dc0-bc8b-f518d9fb8c33",
        "fields": {
            "filial": null,
            "created_at": "2025-04-22T07:29:54.534Z",
            "updated_at": "2025-04-22T07:29:54.534Z",
            "deleted_at": null,
            "user": "1ef440ce-82b8-49d5-bf5d-c74604e64530",
            "name": "orders",
            "is_editable": false,
            "is_readable": false,
            "is_parent": false
        }
    },
    {
        "model": "compensation.page",
        "pk": "9d4209db-037e-4eb3-9cd3-d9bed4418ef5",
        "fields": {
            "filial": null,
            "created_at": "2025-04-22T07:29:54.333Z",
            "updated_at": "2025-04-22T07:29:54.333Z",
            "deleted_at": null,
            "user": "1ef440ce-82b8-49d5-bf5d-c74604e64530",
            "name": "reports",
            "is_editable": true,
            "is_readable": true,
            "is_parent": false
        }
    },
    {
        "model": "compensation.page",
        "pk": "9efb6952-c45b-4716-b03b-173dbbd51937",
        "fields": {
            "filial": null,
            "created_at": "2025-04-16T01:03:38.475Z",
            "updated_at": "2025-04-16T01:03:38.475Z",
            "deleted_at": null,
            "user": "c19f7b09-32cb-4465-93dc-0129155db565",
            "name": "new_leads",
            "is_editable": true,
            "is_readable": true,
            "is_parent": false
        }
    },
    {
        "model": "compensation.page",
        "pk": "9f3f16ba-dee5-4d5c-a78b-5486dd3184cf",
        "fields": {
            "filial": null,
            "created_at": "2025-04-22T07:55:21.284Z",
            "updated_at": "2025-04-22T07:55:21.284Z",
            "deleted_at": null,
            "user": "b4e679f8-aa06-4b39-b248-a2fc4b2fa93a",
            "name": "materials",
            "is_editable": false,
            "is_readable": false,
            "is_parent": false
        }
    },
    {
        "model": "compensation.page",
        "pk": "9f7c9881-0a4d-4a35-9074-d60579f28bd2",
        "fields": {
            "filial": null,
            "created_at": "2025-04-21T12:50:47.713Z",
            "updated_at": "2025-04-21T12:50:47.714Z",
            "deleted_at": null,
            "user": "0c634ef1-3f99-4acb-9d8d-61c3016ce15b",
            "name": "archived_students",
            "is_editable": false,
            "is_readable": true,
            "is_parent": false
        }
    },
    {
        "model": "compensation.page",
        "pk": "a03b14a1-d6a9-4fe1-85dc-95bcb2d4cc37",
        "fields": {
            "filial": null,
            "created_at": "2025-04-16T00:47:30.845Z",
            "updated_at": "2025-04-16T00:47:30.846Z",
            "deleted_at": null,
            "user": "e4d10a84-4c8a-4016-9d23-d84b064722f9",
            "name": "new_leads",
            "is_editable": true,
            "is_readable": true,
            "is_parent": false
        }
    },
    {
        "model": "compensation.page",
        "pk": "a101d1b7-3d9f-4751-8579-a1fa50202ae2",
        "fields": {
            "filial": null,
            "created_at": "2025-04-22T07:55:21.546Z",
            "updated_at": "2025-04-22T07:55:21.546Z",
            "deleted_at": null,
            "user": "b4e679f8-aa06-4b39-b248-a2fc4b2fa93a",
            "name": "employees_archive",
            "is_editable": false,
            "is_readable": false,
            "is_parent": false
        }
    },
    {
        "model": "compensation.page",
        "pk": "a27e564b-b1ff-4596-8c81-350ff092f3f7",
        "fields": {
            "filial": null,
            "created_at": "2025-04-16T00:47:30.976Z",
            "updated_at": "2025-04-16T00:47:30.976Z",
            "deleted_at": null,
            "user": "e4d10a84-4c8a-4016-9d23-d84b064722f9",
            "name": "active_students",
            "is_editable": true,
            "is_readable": true,
            "is_parent": false
        }
    },
    {
        "model": "compensation.page",
        "pk": "a37caceb-2fbd-49db-bf25-1618dec78b7b",
        "fields": {
            "filial": null,
            "created_at": "2025-04-17T09:21:03.070Z",
            "updated_at": "2025-04-17T09:21:03.070Z",
            "deleted_at": null,
            "user": "fe91cfcf-378d-44a5-9a26-1afc17288585",
            "name": "all_students",
            "is_editable": false,
            "is_readable": true,
            "is_parent": false
        }
    },
    {
        "model": "compensation.page",
        "pk": "a4457334-7e84-43ef-8580-dbc24c452454",
        "fields": {
            "filial": null,
            "created_at": "2025-04-22T07:44:07.886Z",
            "updated_at": "2025-04-22T07:44:07.886Z",
            "deleted_at": null,
            "user": "59bc1408-3a4d-4200-ba53-dc7fe027dd88",
            "name": "archived_students",
            "is_editable": true,
            "is_readable": true,
            "is_parent": false
        }
    },
    {
        "model": "compensation.page",
        "pk": "a4ebc61b-2a47-4d7e-9cc0-eb25a17603c0",
        "fields": {
            "filial": null,
            "created_at": "2025-04-17T09:21:03.187Z",
            "updated_at": "2025-04-17T09:21:03.188Z",
            "deleted_at": null,
            "user": "fe91cfcf-378d-44a5-9a26-1afc17288585",
            "name": "edu_section",
            "is_editable": false,
            "is_readable": true,
            "is_parent": false
        }
    },
    {
        "model": "compensation.page",
        "pk": "a52c261b-1094-40a9-aa70-5e7aaf5b6dcc",
        "fields": {
            "filial": null,
            "created_at": "2025-05-21T04:46:45.059Z",
            "updated_at": "2025-05-21T04:46:45.059Z",
            "deleted_at": null,
            "user": "5835588f-ec8d-4384-b185-5bd1b1b13f12",
            "name": "shop",
            "is_editable": false,
            "is_readable": true,
            "is_parent": false
        }
    },
    {
        "model": "compensation.page",
        "pk": "a536f6bb-585f-45a8-a41e-a5955ead7a6b",
        "fields": {
            "filial": null,
            "created_at": "2025-04-22T07:55:21.082Z",
            "updated_at": "2025-04-22T07:55:21.083Z",
            "deleted_at": null,
            "user": "b4e679f8-aa06-4b39-b248-a2fc4b2fa93a",
            "name": "students",
            "is_editable": false,
            "is_readable": false,
            "is_parent": false
        }
    },
    {
        "model": "compensation.page",
        "pk": "a58c2e2e-5fd3-4060-a895-e22f9da3597c",
        "fields": {
            "filial": null,
            "created_at": "2025-04-22T07:44:07.910Z",
            "updated_at": "2025-04-22T07:44:07.910Z",
            "deleted_at": null,
            "user": "59bc1408-3a4d-4200-ba53-dc7fe027dd88",
            "name": "edu_section",
            "is_editable": false,
            "is_readable": false,
            "is_parent": false
        }
    },
    {
        "model": "compensation.page",
        "pk": "a6e37ddf-e68a-4e40-ac24-9395699d80d0",
        "fields": {
            "filial": null,
            "created_at": "2025-04-16T01:03:38.617Z",
            "updated_at": "2025-04-16T01:03:38.617Z",
            "deleted_at": null,
            "user": "c19f7b09-32cb-4465-93dc-0129155db565",
            "name": "materials",
            "is_editable": true,
            "is_readable": true,
            "is_parent": false
        }
    },
    {
        "model": "compensation.page",
        "pk": "a7a15b6a-1a28-4531-8ca8-a103ec116c67",
        "fields": {
            "filial": null,
            "created_at": "2025-04-16T00:47:31.571Z",
            "updated_at": "2025-04-16T00:47:31.571Z",
            "deleted_at": null,
            "user": "e4d10a84-4c8a-4016-9d23-d84b064722f9",
            "name": "employees",
            "is_editable": true,
            "is_readable": true,
            "is_parent": false
        }
    },
    {
        "model": "compensation.page",
        "pk": "a8123d38-4006-49b4-8d9c-43303b4a1ec4",
        "fields": {
            "filial": null,
            "created_at": "2025-05-21T04:16:51.357Z",
            "updated_at": "2025-05-21T04:16:51.358Z",
            "deleted_at": null,
            "user": "8f648e4e-beb1-4f59-990f-a04408c6a078",
            "name": "active_students",
            "is_editable": false,
            "is_readable": false,
            "is_parent": false
        }
    },
    {
        "model": "compensation.page",
        "pk": "a8b76484-8c6b-40e2-a69c-33b85339eb58",
        "fields": {
            "filial": null,
            "created_at": "2025-04-22T07:29:54.390Z",
            "updated_at": "2025-04-22T07:29:54.390Z",
            "deleted_at": null,
            "user": "1ef440ce-82b8-49d5-bf5d-c74604e64530",
            "name": "edu_report",
            "is_editable": true,
            "is_readable": true,
            "is_parent": false
        }
    },
    {
        "model": "compensation.page",
        "pk": "a8c1658c-fc40-49b3-9bb9-44c3501a2413",
        "fields": {
            "filial": null,
            "created_at": "2025-04-12T12:14:13.703Z",
            "updated_at": "2025-04-12T12:14:13.704Z",
            "deleted_at": null,
            "user": "0d91d137-d528-4184-be38-fc89981d5074",
            "name": "cashiers",
            "is_editable": true,
            "is_readable": true,
            "is_parent": false
        }
    },
    {
        "model": "compensation.page",
        "pk": "a97afc0f-f0b7-4493-acd1-0df168fde584",
        "fields": {
            "filial": null,
            "created_at": "2025-04-16T01:03:38.077Z",
            "updated_at": "2025-04-16T01:03:38.078Z",
            "deleted_at": null,
            "user": "c19f7b09-32cb-4465-93dc-0129155db565",
            "name": "reports",
            "is_editable": true,
            "is_readable": true,
            "is_parent": false
        }
    },
    {
        "model": "compensation.page",
        "pk": "a99e5a26-cfce-42fb-b4f8-dab4c5b2655a",
        "fields": {
            "filial": null,
            "created_at": "2025-04-22T07:44:08.047Z",
            "updated_at": "2025-04-22T07:44:08.047Z",
            "deleted_at": null,
            "user": "59bc1408-3a4d-4200-ba53-dc7fe027dd88",
            "name": "tasks",
            "is_editable": false,
            "is_readable": true,
            "is_parent": false
        }
    },
    {
        "model": "compensation.page",
        "pk": "a9de06dd-4a53-4731-be9a-b2459bd13bd6",
        "fields": {
            "filial": null,
            "created_at": "2025-04-16T00:47:30.468Z",
            "updated_at": "2025-04-16T00:47:30.468Z",
            "deleted_at": null,
            "user": "e4d10a84-4c8a-4016-9d23-d84b064722f9",
            "name": "edu_report",
            "is_editable": true,
            "is_readable": true,
            "is_parent": false
        }
    },
    {
        "model": "compensation.page",
        "pk": "ab203659-9b58-4e7b-bba1-7fd59f7815a6",
        "fields": {
            "filial": null,
            "created_at": "2025-04-22T07:29:54.450Z",
            "updated_at": "2025-04-22T07:29:54.450Z",
            "deleted_at": null,
            "user": "1ef440ce-82b8-49d5-bf5d-c74604e64530",
            "name": "monitoring",
            "is_editable": true,
            "is_readable": true,
            "is_parent": false
        }
    },
    {
        "model": "compensation.page",
        "pk": "ab3c9bc8-7328-4c44-b574-4b92b951c0e6",
        "fields": {
            "filial": null,
            "created_at": "2025-04-17T09:15:43.565Z",
            "updated_at": "2025-04-17T09:15:43.565Z",
            "deleted_at": null,
            "user": "1ec7447f-3a88-4302-ac64-74f1e371ba25",
            "name": "reports",
            "is_editable": false,
            "is_readable": false,
            "is_parent": false
        }
    },
    {
        "model": "compensation.page",
        "pk": "aba8314f-9684-4013-aac6-2cf4da096b94",
        "fields": {
            "filial": null,
            "created_at": "2025-04-12T12:14:13.673Z",
            "updated_at": "2025-04-12T12:14:13.673Z",
            "deleted_at": null,
            "user": "0d91d137-d528-4184-be38-fc89981d5074",
            "name": "levels",
            "is_editable": true,
            "is_readable": true,
            "is_parent": false
        }
    },
    {
        "model": "compensation.page",
        "pk": "abeafb53-824e-411f-b27a-fceb052b1dd5",
        "fields": {
            "filial": null,
            "created_at": "2025-04-16T01:03:38.716Z",
            "updated_at": "2025-04-16T01:03:38.716Z",
            "deleted_at": null,
            "user": "c19f7b09-32cb-4465-93dc-0129155db565",
            "name": "schedule",
            "is_editable": true,
            "is_readable": true,
            "is_parent": false
        }
    },
    {
        "model": "compensation.page",
        "pk": "ac95af1a-de25-4353-b215-cd1120a08657",
        "fields": {
            "filial": null,
            "created_at": "2025-04-22T07:29:54.858Z",
            "updated_at": "2025-04-22T07:29:54.858Z",
            "deleted_at": null,
            "user": "1ef440ce-82b8-49d5-bf5d-c74604e64530",
            "name": "employees",
            "is_editable": false,
            "is_readable": false,
            "is_parent": false
        }
    },
    {
        "model": "compensation.page",
        "pk": "ae65661f-f581-4c5e-acea-a3acef97a884",
        "fields": {
            "filial": null,
            "created_at": "2025-04-22T01:48:59.050Z",
            "updated_at": "2025-04-22T01:48:59.050Z",
            "deleted_at": null,
            "user": "e59b292a-3389-4a04-8813-6dee001d87b6",
            "name": "tasks",
            "is_editable": true,
            "is_readable": true,
            "is_parent": false
        }
    },
    {
        "model": "compensation.page",
        "pk": "af7ac6da-c318-4edc-a029-76f0193c6101",
        "fields": {
            "filial": null,
            "created_at": "2025-04-17T09:15:44.577Z",
            "updated_at": "2025-04-17T09:15:44.577Z",
            "deleted_at": null,
            "user": "1ec7447f-3a88-4302-ac64-74f1e371ba25",
            "name": "results",
            "is_editable": true,
            "is_readable": true,
            "is_parent": false
        }
    },
    {
        "model": "compensation.page",
        "pk": "b095343f-55da-4e4d-a8f2-37ac2c715704",
        "fields": {
            "filial": null,
            "created_at": "2025-04-16T01:03:38.836Z",
            "updated_at": "2025-04-16T01:03:38.836Z",
            "deleted_at": null,
            "user": "c19f7b09-32cb-4465-93dc-0129155db565",
            "name": "employees_data",
            "is_editable": true,
            "is_readable": true,
            "is_parent": false
        }
    },
    {
        "model": "compensation.page",
        "pk": "b16dd2ae-51eb-432f-937b-89f19d91d22c",
        "fields": {
            "filial": null,
            "created_at": "2025-05-21T05:11:22.841Z",
            "updated_at": "2025-05-21T05:11:22.841Z",
            "deleted_at": null,
            "user": "efc9909a-e992-4e64-8e00-632a3b0f833b",
            "name": "new_students",
            "is_editable": false,
            "is_readable": false,
            "is_parent": false
        }
    },
    {
        "model": "compensation.page",
        "pk": "b2175437-1ba8-4368-9353-db546beb4208",
        "fields": {
            "filial": null,
            "created_at": "2025-04-12T12:14:13.619Z",
            "updated_at": "2025-04-12T12:14:13.619Z",
            "deleted_at": null,
            "user": "0d91d137-d528-4184-be38-fc89981d5074",
            "name": "orders",
            "is_editable": true,
            "is_readable": true,
            "is_parent": false
        }
    },
    {
        "model": "compensation.page",
        "pk": "b325ab8c-b6bf-4094-a9f1-4eb6ddaab9bc",
        "fields": {
            "filial": null,
            "created_at": "2025-05-21T07:16:54.932Z",
            "updated_at": "2025-05-21T07:16:54.933Z",
            "deleted_at": null,
            "user": "193d1b06-8a55-4554-85f4-6efea4beec0d",
            "name": "archived_students",
            "is_editable": false,
            "is_readable": false,
            "is_parent": false
        }
    },
    {
        "model": "compensation.page",
        "pk": "b3978f10-379a-4fa0-97ca-986d32a9b931",
        "fields": {
            "filial": null,
            "created_at": "2025-04-21T12:50:48.006Z",
            "updated_at": "2025-04-21T12:50:48.007Z",
            "deleted_at": null,
            "user": "0c634ef1-3f99-4acb-9d8d-61c3016ce15b",
            "name": "monitoring_page",
            "is_editable": false,
            "is_readable": false,
            "is_parent": false
        }
    },
    {
        "model": "compensation.page",
        "pk": "b5d30ec7-eb86-447c-aabe-1f5182f95e71",
        "fields": {
            "filial": null,
            "created_at": "2025-05-21T07:16:55.483Z",
            "updated_at": "2025-05-21T07:16:55.483Z",
            "deleted_at": null,
            "user": "193d1b06-8a55-4554-85f4-6efea4beec0d",
            "name": "settings",
            "is_editable": false,
            "is_readable": false,
            "is_parent": false
        }
    },
    {
        "model": "compensation.page",
        "pk": "b5eef2d8-9087-4bb5-b2c5-2cc9b803d3c9",
        "fields": {
            "filial": null,
            "created_at": "2025-04-22T07:29:54.654Z",
            "updated_at": "2025-04-22T07:29:54.654Z",
            "deleted_at": null,
            "user": "1ef440ce-82b8-49d5-bf5d-c74604e64530",
            "name": "archived_students",
            "is_editable": true,
            "is_readable": true,
            "is_parent": false
        }
    },
    {
        "model": "compensation.page",
        "pk": "b6b56130-2d42-4fed-b24a-4255261cff62",
        "fields": {
            "filial": null,
            "created_at": "2025-04-22T07:44:08.066Z",
            "updated_at": "2025-04-22T07:44:08.067Z",
            "deleted_at": null,
            "user": "59bc1408-3a4d-4200-ba53-dc7fe027dd88",
            "name": "employees",
            "is_editable": false,
            "is_readable": false,
            "is_parent": false
        }
    },
    {
        "model": "compensation.page",
        "pk": "b6bd396f-f02f-451e-8083-adad0e383789",
        "fields": {
            "filial": null,
            "created_at": "2025-04-22T07:55:21.791Z",
            "updated_at": "2025-04-22T07:55:21.791Z",
            "deleted_at": null,
            "user": "b4e679f8-aa06-4b39-b248-a2fc4b2fa93a",
            "name": "shop",
            "is_editable": false,
            "is_readable": false,
            "is_parent": false
        }
    },
    {
        "model": "compensation.page",
        "pk": "b6e30cf9-f2f9-4c01-841d-794365c8d218",
        "fields": {
            "filial": null,
            "created_at": "2025-04-17T09:15:44.223Z",
            "updated_at": "2025-04-17T09:15:44.223Z",
            "deleted_at": null,
            "user": "1ec7447f-3a88-4302-ac64-74f1e371ba25",
            "name": "new_students",
            "is_editable": false,
            "is_readable": true,
            "is_parent": false
        }
    },
    {
        "model": "compensation.page",
        "pk": "b6f591c7-3ba2-4631-a5b9-6cc218a5b738",
        "fields": {
            "filial": null,
            "created_at": "2025-04-12T12:14:13.635Z",
            "updated_at": "2025-04-12T12:14:13.636Z",
            "deleted_at": null,
            "user": "0d91d137-d528-4184-be38-fc89981d5074",
            "name": "new_students",
            "is_editable": true,
            "is_readable": true,
            "is_parent": false
        }
    },
    {
        "model": "compensation.page",
        "pk": "b6f9ab43-b4a4-4d67-abe7-db6dace8b0f5",
        "fields": {
            "filial": null,
            "created_at": "2025-05-21T04:16:51.331Z",
            "updated_at": "2025-05-21T04:16:51.331Z",
            "deleted_at": null,
            "user": "8f648e4e-beb1-4f59-990f-a04408c6a078",
            "name": "edu_section",
            "is_editable": false,
            "is_readable": false,
            "is_parent": false
        }
    },
    {
        "model": "compensation.page",
        "pk": "b7b07576-bd47-4ecf-b4b8-4eae27fcbf62",
        "fields": {
            "filial": null,
            "created_at": "2025-04-22T07:29:54.458Z",
            "updated_at": "2025-04-22T07:29:54.458Z",
            "deleted_at": null,
            "user": "1ef440ce-82b8-49d5-bf5d-c74604e64530",
            "name": "finance_report",
            "is_editable": true,
            "is_readable": true,
            "is_parent": false
        }
    },
    {
        "model": "compensation.page",
        "pk": "b7c5f9ed-38d0-4f30-9581-94753ada00aa",
        "fields": {
            "filial": null,
            "created_at": "2025-05-21T04:46:44.540Z",
            "updated_at": "2025-05-21T04:46:44.540Z",
            "deleted_at": null,
            "user": "5835588f-ec8d-4384-b185-5bd1b1b13f12",
            "name": "new_students",
            "is_editable": false,
            "is_readable": true,
            "is_parent": false
        }
    },
    {
        "model": "compensation.page",
        "pk": "b8a2ca39-e594-4c8d-b5b4-44e551101559",
        "fields": {
            "filial": null,
            "created_at": "2025-05-21T05:11:22.877Z",
            "updated_at": "2025-05-21T05:11:22.877Z",
            "deleted_at": null,
            "user": "efc9909a-e992-4e64-8e00-632a3b0f833b",
            "name": "materials",
            "is_editable": false,
            "is_readable": false,
            "is_parent": false
        }
    },
    {
        "model": "compensation.page",
        "pk": "b8ccf54e-e0f7-49fd-aad9-2359ad67a5cd",
        "fields": {
            "filial": null,
            "created_at": "2025-05-21T07:02:21.442Z",
            "updated_at": "2025-05-21T07:02:21.443Z",
            "deleted_at": null,
            "user": "ec5e034a-c60d-4f88-803f-47449f59cfd3",
            "name": "monitoring",
            "is_editable": false,
            "is_readable": false,
            "is_parent": false
        }
    },
    {
        "model": "compensation.page",
        "pk": "b92bc28e-7860-4164-9ea9-cdea2a30318b",
        "fields": {
            "filial": null,
            "created_at": "2025-04-22T07:55:21.073Z",
            "updated_at": "2025-04-22T07:55:21.073Z",
            "deleted_at": null,
            "user": "b4e679f8-aa06-4b39-b248-a2fc4b2fa93a",
            "name": "leads",
            "is_editable": false,
            "is_readable": false,
            "is_parent": false
        }
    },
    {
        "model": "compensation.page",
        "pk": "b9fde665-1fce-4231-9a83-22bbfd36cc36",
        "fields": {
            "filial": null,
            "created_at": "2025-05-21T04:16:51.481Z",
            "updated_at": "2025-05-21T04:16:51.481Z",
            "deleted_at": null,
            "user": "8f648e4e-beb1-4f59-990f-a04408c6a078",
            "name": "rooms",
            "is_editable": false,
            "is_readable": false,
            "is_parent": false
        }
    },
    {
        "model": "compensation.page",
        "pk": "ba244a72-0356-41cc-b980-92219e2a5b9f",
        "fields": {
            "filial": null,
            "created_at": "2025-05-21T05:11:23.554Z",
            "updated_at": "2025-05-21T05:11:23.554Z",
            "deleted_at": null,
            "user": "efc9909a-e992-4e64-8e00-632a3b0f833b",
            "name": "cashiers",
            "is_editable": false,
            "is_readable": false,
            "is_parent": false
        }
    },
    {
        "model": "compensation.page",
        "pk": "bb1efc9a-dbb5-4dee-8500-48253fd1107c",
        "fields": {
            "filial": null,
            "created_at": "2025-04-21T12:50:47.880Z",
            "updated_at": "2025-04-21T12:50:47.880Z",
            "deleted_at": null,
            "user": "0c634ef1-3f99-4acb-9d8d-61c3016ce15b",
            "name": "cashiers",
            "is_editable": false,
            "is_readable": false,
            "is_parent": false
        }
    },
    {
        "model": "compensation.page",
        "pk": "bb209043-8691-4813-bccc-6c53d669085e",
        "fields": {
            "filial": null,
            "created_at": "2025-04-16T00:47:31.410Z",
            "updated_at": "2025-04-16T00:47:31.410Z",
            "deleted_at": null,
            "user": "e4d10a84-4c8a-4016-9d23-d84b064722f9",
            "name": "groups",
            "is_editable": true,
            "is_readable": true,
            "is_parent": false
        }
    },
    {
        "model": "compensation.page",
        "pk": "bb26407b-4df6-4e7f-a05a-0965aa160a88",
        "fields": {
            "filial": null,
            "created_at": "2025-04-21T12:50:48.061Z",
            "updated_at": "2025-04-21T12:50:48.061Z",
            "deleted_at": null,
            "user": "0c634ef1-3f99-4acb-9d8d-61c3016ce15b",
            "name": "settings",
            "is_editable": false,
            "is_readable": false,
            "is_parent": false
        }
    },
    {
        "model": "compensation.page",
        "pk": "bc448052-8b18-4a17-b9df-b1570c975383",
        "fields": {
            "filial": null,
            "created_at": "2025-04-22T07:44:08.120Z",
            "updated_at": "2025-04-22T07:44:08.120Z",
            "deleted_at": null,
            "user": "59bc1408-3a4d-4200-ba53-dc7fe027dd88",
            "name": "employees_archive",
            "is_editable": false,
            "is_readable": false,
            "is_parent": false
        }
    },
    {
        "model": "compensation.page",
        "pk": "bcc2e8ff-3b7f-47ad-a917-7860a79d43cd",
        "fields": {
            "filial": null,
            "created_at": "2025-04-17T09:21:03.265Z",
            "updated_at": "2025-04-17T09:21:03.265Z",
            "deleted_at": null,
            "user": "fe91cfcf-378d-44a5-9a26-1afc17288585",
            "name": "schedule",
            "is_editable": false,
            "is_readable": true,
            "is_parent": false
        }
    },
    {
        "model": "compensation.page",
        "pk": "bf0c76b1-ceb4-4efc-8e14-ae95c5494705",
        "fields": {
            "filial": null,
            "created_at": "2025-05-21T04:46:44.861Z",
            "updated_at": "2025-05-21T04:46:44.862Z",
            "deleted_at": null,
            "user": "5835588f-ec8d-4384-b185-5bd1b1b13f12",
            "name": "monitoring_page",
            "is_editable": false,
            "is_readable": true,
            "is_parent": false
        }
    },
    {
        "model": "compensation.page",
        "pk": "bf64cf92-4ba9-4dde-80e7-afcce509084f",
        "fields": {
            "filial": null,
            "created_at": "2025-05-21T05:11:22.742Z",
            "updated_at": "2025-05-21T05:11:22.742Z",
            "deleted_at": null,
            "user": "efc9909a-e992-4e64-8e00-632a3b0f833b",
            "name": "students",
            "is_editable": false,
            "is_readable": false,
            "is_parent": false
        }
    },
    {
        "model": "compensation.page",
        "pk": "bf89697b-ca86-430b-9c4f-bfd192e64d48",
        "fields": {
            "filial": null,
            "created_at": "2025-05-21T05:11:23.545Z",
            "updated_at": "2025-05-21T05:11:23.545Z",
            "deleted_at": null,
            "user": "efc9909a-e992-4e64-8e00-632a3b0f833b",
            "name": "employees_archive",
            "is_editable": false,
            "is_readable": false,
            "is_parent": false
        }
    },
    {
        "model": "compensation.page",
        "pk": "bfc6304a-cb59-4828-8498-3c0c7cd30825",
        "fields": {
            "filial": null,
            "created_at": "2025-04-22T07:55:21.190Z",
            "updated_at": "2025-04-22T07:55:21.190Z",
            "deleted_at": null,
            "user": "b4e679f8-aa06-4b39-b248-a2fc4b2fa93a",
            "name": "all_students",
            "is_editable": false,
            "is_readable": false,
            "is_parent": false
        }
    },
    {
        "model": "compensation.page",
        "pk": "c045929c-a03b-4298-80e7-738b97cbd2d4",
        "fields": {
            "filial": null,
            "created_at": "2025-04-22T01:48:59.318Z",
            "updated_at": "2025-04-22T01:48:59.319Z",
            "deleted_at": null,
            "user": "e59b292a-3389-4a04-8813-6dee001d87b6",
            "name": "control",
            "is_editable": true,
            "is_readable": true,
            "is_parent": false
        }
    },
    {
        "model": "compensation.page",
        "pk": "c1c95441-adf8-4077-b2c6-ce9ffde1bbbe",
        "fields": {
            "filial": null,
            "created_at": "2025-04-16T00:47:31.162Z",
            "updated_at": "2025-04-16T00:47:31.162Z",
            "deleted_at": null,
            "user": "e4d10a84-4c8a-4016-9d23-d84b064722f9",
            "name": "materials",
            "is_editable": true,
            "is_readable": true,
            "is_parent": false
        }
    },
    {
        "model": "compensation.page",
        "pk": "c21386dd-2759-4212-90bc-524dfaa3e616",
        "fields": {
            "filial": null,
            "created_at": "2025-04-21T12:50:47.937Z",
            "updated_at": "2025-04-21T12:50:47.937Z",
            "deleted_at": null,
            "user": "0c634ef1-3f99-4acb-9d8d-61c3016ce15b",
            "name": "employees_archive",
            "is_editable": false,
            "is_readable": false,
            "is_parent": false
        }
    },
    {
        "model": "compensation.page",
        "pk": "c25216b3-08de-429a-b1c1-20a891ad459f",
        "fields": {
            "filial": null,
            "created_at": "2025-04-12T12:14:13.614Z",
            "updated_at": "2025-04-12T12:14:13.614Z",
            "deleted_at": null,
            "user": "0d91d137-d528-4184-be38-fc89981d5074",
            "name": "new_leads",
            "is_editable": true,
            "is_readable": true,
            "is_parent": false
        }
    },
    {
        "model": "compensation.page",
        "pk": "c25ad57c-93d4-41f2-8e2c-b4edab8595c8",
        "fields": {
            "filial": null,
            "created_at": "2025-05-21T04:16:51.698Z",
            "updated_at": "2025-05-21T04:16:51.699Z",
            "deleted_at": null,
            "user": "8f648e4e-beb1-4f59-990f-a04408c6a078",
            "name": "control",
            "is_editable": false,
            "is_readable": false,
            "is_parent": false
        }
    },
    {
        "model": "compensation.page",
        "pk": "c3453361-1a09-4510-93a6-4334aba71a84",
        "fields": {
            "filial": null,
            "created_at": "2025-05-21T04:46:44.941Z",
            "updated_at": "2025-05-21T04:46:44.941Z",
            "deleted_at": null,
            "user": "5835588f-ec8d-4384-b185-5bd1b1b13f12",
            "name": "cashiers",
            "is_editable": false,
            "is_readable": true,
            "is_parent": false
        }
    },
    {
        "model": "compensation.page",
        "pk": "c3b174b1-f1e1-473c-8ae0-bdd0e9ee2a7f",
        "fields": {
            "filial": null,
            "created_at": "2025-04-22T07:29:54.586Z",
            "updated_at": "2025-04-22T07:29:54.586Z",
            "deleted_at": null,
            "user": "1ef440ce-82b8-49d5-bf5d-c74604e64530",
            "name": "new_students",
            "is_editable": true,
            "is_readable": true,
            "is_parent": false
        }
    },
    {
        "model": "compensation.page",
        "pk": "c3c15492-6324-4484-9eae-de16bbf5d527",
        "fields": {
            "filial": null,
            "created_at": "2025-04-21T12:50:47.997Z",
            "updated_at": "2025-04-21T12:50:47.997Z",
            "deleted_at": null,
            "user": "0c634ef1-3f99-4acb-9d8d-61c3016ce15b",
            "name": "control",
            "is_editable": false,
            "is_readable": false,
            "is_parent": false
        }
    },
    {
        "model": "compensation.page",
        "pk": "c4c6e1fb-2c81-4e07-b8b8-29d9f42daea7",
        "fields": {
            "filial": null,
            "created_at": "2025-05-21T04:16:51.333Z",
            "updated_at": "2025-05-21T04:16:51.333Z",
            "deleted_at": null,
            "user": "8f648e4e-beb1-4f59-990f-a04408c6a078",
            "name": "students",
            "is_editable": false,
            "is_readable": false,
            "is_parent": false
        }
    },
    {
        "model": "compensation.page",
        "pk": "c8c9591f-f433-4e9c-8de3-6ae282bc5430",
        "fields": {
            "filial": null,
            "created_at": "2025-04-22T07:55:21.272Z",
            "updated_at": "2025-04-22T07:55:21.272Z",
            "deleted_at": null,
            "user": "b4e679f8-aa06-4b39-b248-a2fc4b2fa93a",
            "name": "groups",
            "is_editable": false,
            "is_readable": true,
            "is_parent": false
        }
    },
    {
        "model": "compensation.page",
        "pk": "c924ce42-5021-493f-b2af-80d735613dc1",
        "fields": {
            "filial": null,
            "created_at": "2025-04-17T09:15:44.641Z",
            "updated_at": "2025-04-17T09:15:44.641Z",
            "deleted_at": null,
            "user": "1ec7447f-3a88-4302-ac64-74f1e371ba25",
            "name": "employees",
            "is_editable": false,
            "is_readable": false,
            "is_parent": false
        }
    },
    {
        "model": "compensation.page",
        "pk": "c92a7ab0-647c-4503-8a3d-2991449d455a",
        "fields": {
            "filial": null,
            "created_at": "2025-05-21T05:11:22.839Z",
            "updated_at": "2025-05-21T05:11:22.839Z",
            "deleted_at": null,
            "user": "efc9909a-e992-4e64-8e00-632a3b0f833b",
            "name": "all_students",
            "is_editable": false,
            "is_readable": false,
            "is_parent": false
        }
    },
    {
        "model": "compensation.page",
        "pk": "ca81cdf5-45ab-465e-b876-6d3a1d46f640",
        "fields": {
            "filial": null,
            "created_at": "2025-04-16T00:47:31.460Z",
            "updated_at": "2025-04-16T00:47:31.461Z",
            "deleted_at": null,
            "user": "e4d10a84-4c8a-4016-9d23-d84b064722f9",
            "name": "cashiers",
            "is_editable": true,
            "is_readable": true,
            "is_parent": false
        }
    },
    {
        "model": "compensation.page",
        "pk": "cbf4cbb0-9bd3-464f-90ab-2acc3f282770",
        "fields": {
            "filial": null,
            "created_at": "2025-04-17T09:15:43.907Z",
            "updated_at": "2025-04-17T09:15:43.907Z",
            "deleted_at": null,
            "user": "1ec7447f-3a88-4302-ac64-74f1e371ba25",
            "name": "finance_report",
            "is_editable": false,
            "is_readable": false,
            "is_parent": false
        }
    },
    {
        "model": "compensation.page",
        "pk": "cc212655-0df0-4c3e-b9ab-c1fc1afbd55b",
        "fields": {
            "filial": null,
            "created_at": "2025-04-22T07:29:54.599Z",
            "updated_at": "2025-04-22T07:29:54.599Z",
            "deleted_at": null,
            "user": "1ef440ce-82b8-49d5-bf5d-c74604e64530",
            "name": "students",
            "is_editable": true,
            "is_readable": true,
            "is_parent": false
        }
    },
    {
        "model": "compensation.page",
        "pk": "cc46b350-1b33-4cea-9ad4-ff6044dabae9",
        "fields": {
            "filial": null,
            "created_at": "2025-04-17T09:21:02.784Z",
            "updated_at": "2025-04-17T09:21:02.784Z",
            "deleted_at": null,
            "user": "fe91cfcf-378d-44a5-9a26-1afc17288585",
            "name": "leads",
            "is_editable": false,
            "is_readable": false,
            "is_parent": false
        }
    },
    {
        "model": "compensation.page",
        "pk": "cc8a6bc7-8d22-4df5-8b5b-48f374b87b88",
        "fields": {
            "filial": null,
            "created_at": "2025-04-22T07:44:07.779Z",
            "updated_at": "2025-04-22T07:44:07.779Z",
            "deleted_at": null,
            "user": "59bc1408-3a4d-4200-ba53-dc7fe027dd88",
            "name": "orders",
            "is_editable": true,
            "is_readable": true,
            "is_parent": false
        }
    },
    {
        "model": "compensation.page",
        "pk": "ccfe2728-8b44-450f-9145-3354e95a8966",
        "fields": {
            "filial": null,
            "created_at": "2025-04-17T09:21:03.317Z",
            "updated_at": "2025-04-17T09:21:03.317Z",
            "deleted_at": null,
            "user": "fe91cfcf-378d-44a5-9a26-1afc17288585",
            "name": "cashiers",
            "is_editable": false,
            "is_readable": false,
            "is_parent": false
        }
    },
    {
        "model": "compensation.page",
        "pk": "cd65de91-886b-4b08-9437-6d49127167a2",
        "fields": {
            "filial": null,
            "created_at": "2025-04-12T12:14:13.652Z",
            "updated_at": "2025-04-12T12:14:13.652Z",
            "deleted_at": null,
            "user": "0d91d137-d528-4184-be38-fc89981d5074",
            "name": "all_students",
            "is_editable": true,
            "is_readable": true,
            "is_parent": false
        }
    },
    {
        "model": "compensation.page",
        "pk": "cd95f893-7ab6-474c-b455-7309785cadee",
        "fields": {
            "filial": null,
            "created_at": "2025-04-16T01:03:38.602Z",
            "updated_at": "2025-04-16T01:03:38.603Z",
            "deleted_at": null,
            "user": "c19f7b09-32cb-4465-93dc-0129155db565",
            "name": "archived_students",
            "is_editable": true,
            "is_readable": true,
            "is_parent": false
        }
    },
    {
        "model": "compensation.page",
        "pk": "cd9b9ee2-1399-4fd0-b910-81d04337a8d9",
        "fields": {
            "filial": null,
            "created_at": "2025-05-21T07:02:22.098Z",
            "updated_at": "2025-05-21T07:02:22.098Z",
            "deleted_at": null,
            "user": "ec5e034a-c60d-4f88-803f-47449f59cfd3",
            "name": "control",
            "is_editable": false,
            "is_readable": false,
            "is_parent": false
        }
    },
    {
        "model": "compensation.page",
        "pk": "cf216d02-3a6a-4eb7-8485-952e03c260a6",
        "fields": {
            "filial": null,
            "created_at": "2025-05-21T04:46:45.063Z",
            "updated_at": "2025-05-21T04:46:45.064Z",
            "deleted_at": null,
            "user": "5835588f-ec8d-4384-b185-5bd1b1b13f12",
            "name": "settings",
            "is_editable": false,
            "is_readable": true,
            "is_parent": false
        }
    },
    {
        "model": "compensation.page",
        "pk": "cf84f7b1-25bd-4c84-b2d5-1b7a69e7969d",
        "fields": {
            "filial": null,
            "created_at": "2025-04-22T01:48:58.207Z",
            "updated_at": "2025-04-22T01:48:58.207Z",
            "deleted_at": null,
            "user": "e59b292a-3389-4a04-8813-6dee001d87b6",
            "name": "new_leads",
            "is_editable": true,
            "is_readable": true,
            "is_parent": false
        }
    },
    {
        "model": "compensation.page",
        "pk": "d05c8f84-75e3-4447-b4e3-40f8301a8815",
        "fields": {
            "filial": null,
            "created_at": "2025-05-21T07:16:54.680Z",
            "updated_at": "2025-05-21T07:16:54.680Z",
            "deleted_at": null,
            "user": "193d1b06-8a55-4554-85f4-6efea4beec0d",
            "name": "orders",
            "is_editable": true,
            "is_readable": true,
            "is_parent": false
        }
    },
    {
        "model": "compensation.page",
        "pk": "d0aa2dfb-e9e0-4619-a8ba-58ed31b18272",
        "fields": {
            "filial": null,
            "created_at": "2025-05-21T07:16:54.917Z",
            "updated_at": "2025-05-21T07:16:54.917Z",
            "deleted_at": null,
            "user": "193d1b06-8a55-4554-85f4-6efea4beec0d",
            "name": "all_students",
            "is_editable": false,
            "is_readable": false,
            "is_parent": false
        }
    },
    {
        "model": "compensation.page",
        "pk": "d0cba177-d21b-47e2-ace3-66167f4d4d08",
        "fields": {
            "filial": null,
            "created_at": "2025-04-22T07:55:21.286Z",
            "updated_at": "2025-04-22T07:55:21.286Z",
            "deleted_at": null,
            "user": "b4e679f8-aa06-4b39-b248-a2fc4b2fa93a",
            "name": "edu_section",
            "is_editable": false,
            "is_readable": false,
            "is_parent": false
        }
    },
    {
        "model": "compensation.page",
        "pk": "d24e3003-1992-4f41-89d9-b10455011a82",
        "fields": {
            "filial": null,
            "created_at": "2025-04-22T01:48:57.793Z",
            "updated_at": "2025-04-22T01:48:57.794Z",
            "deleted_at": null,
            "user": "e59b292a-3389-4a04-8813-6dee001d87b6",
            "name": "reports",
            "is_editable": true,
            "is_readable": true,
            "is_parent": false
        }
    },
    {
        "model": "compensation.page",
        "pk": "d2d9d150-d4e4-42dc-8576-b66c314c636f",
        "fields": {
            "filial": null,
            "created_at": "2025-05-21T07:16:54.455Z",
            "updated_at": "2025-05-21T07:16:54.455Z",
            "deleted_at": null,
            "user": "193d1b06-8a55-4554-85f4-6efea4beec0d",
            "name": "reports",
            "is_editable": false,
            "is_readable": false,
            "is_parent": false
        }
    },
    {
        "model": "compensation.page",
        "pk": "d2f937be-b9db-4616-bdba-1845870175c0",
        "fields": {
            "filial": null,
            "created_at": "2025-05-21T05:11:23.050Z",
            "updated_at": "2025-05-21T05:11:23.050Z",
            "deleted_at": null,
            "user": "efc9909a-e992-4e64-8e00-632a3b0f833b",
            "name": "rooms",
            "is_editable": false,
            "is_readable": false,
            "is_parent": false
        }
    },
    {
        "model": "compensation.page",
        "pk": "d3ab9015-bf1d-473d-8a25-acd980926a8d",
        "fields": {
            "filial": null,
            "created_at": "2025-05-21T05:11:23.547Z",
            "updated_at": "2025-05-21T05:11:23.547Z",
            "deleted_at": null,
            "user": "efc9909a-e992-4e64-8e00-632a3b0f833b",
            "name": "employees",
            "is_editable": false,
            "is_readable": false,
            "is_parent": false
        }
    },
    {
        "model": "compensation.page",
        "pk": "d4386778-1f9a-4523-aa51-7fa26a7d4086",
        "fields": {
            "filial": null,
            "created_at": "2025-04-22T01:48:59.366Z",
            "updated_at": "2025-04-22T01:48:59.366Z",
            "deleted_at": null,
            "user": "e59b292a-3389-4a04-8813-6dee001d87b6",
            "name": "shop",
            "is_editable": false,
            "is_readable": false,
            "is_parent": false
        }
    },
    {
        "model": "compensation.page",
        "pk": "d537e7b0-4e41-4ca3-a45a-146694bee8b3",
        "fields": {
            "filial": null,
            "created_at": "2025-04-16T01:03:38.218Z",
            "updated_at": "2025-04-16T01:03:38.218Z",
            "deleted_at": null,
            "user": "c19f7b09-32cb-4465-93dc-0129155db565",
            "name": "edu_report",
            "is_editable": true,
            "is_readable": true,
            "is_parent": false
        }
    },
    {
        "model": "compensation.page",
        "pk": "d5bc2e24-b69f-485d-b03d-7173da0b8bb0",
        "fields": {
            "filial": null,
            "created_at": "2025-05-21T07:16:54.884Z",
            "updated_at": "2025-05-21T07:16:54.884Z",
            "deleted_at": null,
            "user": "193d1b06-8a55-4554-85f4-6efea4beec0d",
            "name": "new_students",
            "is_editable": false,
            "is_readable": false,
            "is_parent": false
        }
    },
    {
        "model": "compensation.page",
        "pk": "d75c5d7d-45b2-4524-8581-9dc5cf849c0f",
        "fields": {
            "filial": null,
            "created_at": "2025-04-16T00:47:31.671Z",
            "updated_at": "2025-04-16T00:47:31.671Z",
            "deleted_at": null,
            "user": "e4d10a84-4c8a-4016-9d23-d84b064722f9",
            "name": "settings",
            "is_editable": true,
            "is_readable": true,
            "is_parent": false
        }
    },
    {
        "model": "compensation.page",
        "pk": "d76eb7d3-e8ec-44eb-ab45-4d1e264a0b6c",
        "fields": {
            "filial": null,
            "created_at": "2025-05-21T07:16:55.118Z",
            "updated_at": "2025-05-21T07:16:55.122Z",
            "deleted_at": null,
            "user": "193d1b06-8a55-4554-85f4-6efea4beec0d",
            "name": "groups",
            "is_editable": false,
            "is_readable": false,
            "is_parent": false
        }
    },
    {
        "model": "compensation.page",
        "pk": "d8d12797-268e-4db8-86db-72dd5be6c3d5",
        "fields": {
            "filial": null,
            "created_at": "2025-04-12T12:14:13.682Z",
            "updated_at": "2025-04-12T12:14:13.683Z",
            "deleted_at": null,
            "user": "0d91d137-d528-4184-be38-fc89981d5074",
            "name": "themes",
            "is_editable": true,
            "is_readable": true,
            "is_parent": false
        }
    },
    {
        "model": "compensation.page",
        "pk": "d92525c0-0cbf-42f3-a7ee-08df95de9a6d",
        "fields": {
            "filial": null,
            "created_at": "2025-05-21T04:46:44.939Z",
            "updated_at": "2025-05-21T04:46:44.939Z",
            "deleted_at": null,
            "user": "5835588f-ec8d-4384-b185-5bd1b1b13f12",
            "name": "tasks",
            "is_editable": false,
            "is_readable": true,
            "is_parent": false
        }
    },
    {
        "model": "compensation.page",
        "pk": "d927fe10-b374-4980-8ff4-b359be591a68",
        "fields": {
            "filial": null,
            "created_at": "2025-04-16T01:03:38.240Z",
            "updated_at": "2025-04-16T01:03:38.240Z",
            "deleted_at": null,
            "user": "c19f7b09-32cb-4465-93dc-0129155db565",
            "name": "finance_report",
            "is_editable": true,
            "is_readable": true,
            "is_parent": false
        }
    },
    {
        "model": "compensation.page",
        "pk": "d996e45a-88e7-48d1-939a-02b47a75a3c1",
        "fields": {
            "filial": null,
            "created_at": "2025-04-22T07:29:54.963Z",
            "updated_at": "2025-04-22T07:29:54.964Z",
            "deleted_at": null,
            "user": "1ef440ce-82b8-49d5-bf5d-c74604e64530",
            "name": "control",
            "is_editable": true,
            "is_readable": true,
            "is_parent": false
        }
    },
    {
        "model": "compensation.page",
        "pk": "d9c7f994-a5ad-4f97-b50b-87e876360a01",
        "fields": {
            "filial": null,
            "created_at": "2025-04-17T09:21:03.078Z",
            "updated_at": "2025-04-17T09:21:03.078Z",
            "deleted_at": null,
            "user": "fe91cfcf-378d-44a5-9a26-1afc17288585",
            "name": "new_students",
            "is_editable": false,
            "is_readable": true,
            "is_parent": false
        }
    },
    {
        "model": "compensation.page",
        "pk": "d9cca859-915b-4687-b0ad-377114a2c380",
        "fields": {
            "filial": null,
            "created_at": "2025-04-17T09:15:44.582Z",
            "updated_at": "2025-04-17T09:15:44.583Z",
            "deleted_at": null,
            "user": "1ec7447f-3a88-4302-ac64-74f1e371ba25",
            "name": "cashiers",
            "is_editable": false,
            "is_readable": false,
            "is_parent": false
        }
    },
    {
        "model": "compensation.page",
        "pk": "d9d3d762-bcf6-4334-b99e-0e879a5ab903",
        "fields": {
            "filial": null,
            "created_at": "2025-04-22T07:29:54.702Z",
            "updated_at": "2025-04-22T07:29:54.702Z",
            "deleted_at": null,
            "user": "1ef440ce-82b8-49d5-bf5d-c74604e64530",
            "name": "edu_section",
            "is_editable": false,
            "is_readable": false,
            "is_parent": false
        }
    },
    {
        "model": "compensation.page",
        "pk": "dc62826b-a5e8-4d52-8958-83680528662d",
        "fields": {
            "filial": null,
            "created_at": "2025-05-21T07:02:22.303Z",
            "updated_at": "2025-05-21T07:02:22.303Z",
            "deleted_at": null,
            "user": "ec5e034a-c60d-4f88-803f-47449f59cfd3",
            "name": "settings",
            "is_editable": false,
            "is_readable": false,
            "is_parent": false
        }
    },
    {
        "model": "compensation.page",
        "pk": "de3f7b23-d105-498b-b170-446d35d2fc55",
        "fields": {
            "filial": null,
            "created_at": "2025-04-22T01:48:58.915Z",
            "updated_at": "2025-04-22T01:48:58.915Z",
            "deleted_at": null,
            "user": "e59b292a-3389-4a04-8813-6dee001d87b6",
            "name": "groups",
            "is_editable": true,
            "is_readable": true,
            "is_parent": false
        }
    },
    {
        "model": "compensation.page",
        "pk": "de7e848c-30b3-4f8b-9444-3aa13aa53b57",
        "fields": {
            "filial": null,
            "created_at": "2025-05-21T07:02:21.886Z",
            "updated_at": "2025-05-21T07:02:21.886Z",
            "deleted_at": null,
            "user": "ec5e034a-c60d-4f88-803f-47449f59cfd3",
            "name": "materials",
            "is_editable": false,
            "is_readable": false,
            "is_parent": false
        }
    },
    {
        "model": "compensation.page",
        "pk": "dfb162fd-2e69-4df4-9b4f-b5c55bd0c611",
        "fields": {
            "filial": null,
            "created_at": "2025-04-22T07:29:54.760Z",
            "updated_at": "2025-04-22T07:29:54.761Z",
            "deleted_at": null,
            "user": "1ef440ce-82b8-49d5-bf5d-c74604e64530",
            "name": "rooms",
            "is_editable": false,
            "is_readable": false,
            "is_parent": false
        }
    },
    {
        "model": "compensation.page",
        "pk": "e0495fd1-0e1b-409f-affe-73e5551fc0d3",
        "fields": {
            "filial": null,
            "created_at": "2025-04-16T00:47:31.480Z",
            "updated_at": "2025-04-16T00:47:31.480Z",
            "deleted_at": null,
            "user": "e4d10a84-4c8a-4016-9d23-d84b064722f9",
            "name": "schedule",
            "is_editable": true,
            "is_readable": true,
            "is_parent": false
        }
    },
    {
        "model": "compensation.page",
        "pk": "e07687a6-e9d1-414f-b0e4-6b91f81c811a",
        "fields": {
            "filial": null,
            "created_at": "2025-04-17T09:15:43.969Z",
            "updated_at": "2025-04-17T09:15:43.970Z",
            "deleted_at": null,
            "user": "1ec7447f-3a88-4302-ac64-74f1e371ba25",
            "name": "new_leads",
            "is_editable": false,
            "is_readable": false,
            "is_parent": false
        }
    },
    {
        "model": "compensation.page",
        "pk": "e0ecc927-622a-42db-819f-2f5e72e09459",
        "fields": {
            "filial": null,
            "created_at": "2025-04-22T07:55:21.008Z",
            "updated_at": "2025-04-22T07:55:21.008Z",
            "deleted_at": null,
            "user": "b4e679f8-aa06-4b39-b248-a2fc4b2fa93a",
            "name": "new_leads",
            "is_editable": false,
            "is_readable": false,
            "is_parent": false
        }
    },
    {
        "model": "compensation.page",
        "pk": "e0f14f20-a628-47c2-9866-0492395c5aab",
        "fields": {
            "filial": null,
            "created_at": "2025-04-21T12:50:48.089Z",
            "updated_at": "2025-04-21T12:50:48.090Z",
            "deleted_at": null,
            "user": "0c634ef1-3f99-4acb-9d8d-61c3016ce15b",
            "name": "shop",
            "is_editable": false,
            "is_readable": false,
            "is_parent": false
        }
    },
    {
        "model": "compensation.page",
        "pk": "e12e0ce8-26f2-47c0-8186-c69779b68979",
        "fields": {
            "filial": null,
            "created_at": "2025-04-16T00:47:30.368Z",
            "updated_at": "2025-04-16T00:47:30.369Z",
            "deleted_at": null,
            "user": "e4d10a84-4c8a-4016-9d23-d84b064722f9",
            "name": "reports",
            "is_editable": true,
            "is_readable": true,
            "is_parent": false
        }
    },
    {
        "model": "compensation.page",
        "pk": "e178922f-f623-47b9-a5e1-a0d2092a509a",
        "fields": {
            "filial": null,
            "created_at": "2025-05-21T07:16:55.303Z",
            "updated_at": "2025-05-21T07:16:55.303Z",
            "deleted_at": null,
            "user": "193d1b06-8a55-4554-85f4-6efea4beec0d",
            "name": "employees",
            "is_editable": false,
            "is_readable": false,
            "is_parent": false
        }
    },
    {
        "model": "compensation.page",
        "pk": "e226f03e-d571-4c1e-b6c3-0472ab6d2ff5",
        "fields": {
            "filial": null,
            "created_at": "2025-04-22T07:29:54.846Z",
            "updated_at": "2025-04-22T07:29:54.846Z",
            "deleted_at": null,
            "user": "1ef440ce-82b8-49d5-bf5d-c74604e64530",
            "name": "tasks",
            "is_editable": false,
            "is_readable": false,
            "is_parent": false
        }
    },
    {
        "model": "compensation.page",
        "pk": "e27a0c2c-643c-40ef-a0ae-20f1fbe61bc4",
        "fields": {
            "filial": null,
            "created_at": "2025-04-16T00:47:31.525Z",
            "updated_at": "2025-04-16T00:47:31.526Z",
            "deleted_at": null,
            "user": "e4d10a84-4c8a-4016-9d23-d84b064722f9",
            "name": "tasks",
            "is_editable": true,
            "is_readable": true,
            "is_parent": false
        }
    },
    {
        "model": "compensation.page",
        "pk": "e28f2a81-adb4-471a-80db-b3ffddb27c00",
        "fields": {
            "filial": null,
            "created_at": "2025-04-22T07:29:54.490Z",
            "updated_at": "2025-04-22T07:29:54.491Z",
            "deleted_at": null,
            "user": "1ef440ce-82b8-49d5-bf5d-c74604e64530",
            "name": "leads",
            "is_editable": false,
            "is_readable": false,
            "is_parent": false
        }
    },
    {
        "model": "compensation.page",
        "pk": "e328338d-7b78-4720-afa5-8721baa1b725",
        "fields": {
            "filial": null,
            "created_at": "2025-05-21T07:16:55.301Z",
            "updated_at": "2025-05-21T07:16:55.301Z",
            "deleted_at": null,
            "user": "193d1b06-8a55-4554-85f4-6efea4beec0d",
            "name": "employees_data",
            "is_editable": false,
            "is_readable": false,
            "is_parent": false
        }
    },
    {
        "model": "compensation.page",
        "pk": "e3a57fd7-9261-4ff3-ae66-23b886a8037f",
        "fields": {
            "filial": null,
            "created_at": "2025-04-22T01:48:58.894Z",
            "updated_at": "2025-04-22T01:48:58.894Z",
            "deleted_at": null,
            "user": "e59b292a-3389-4a04-8813-6dee001d87b6",
            "name": "rooms",
            "is_editable": true,
            "is_readable": true,
            "is_parent": false
        }
    },
    {
        "model": "compensation.page",
        "pk": "e4784ee9-b155-49ee-9f29-02367ff1fd54",
        "fields": {
            "filial": null,
            "created_at": "2025-04-22T07:55:21.523Z",
            "updated_at": "2025-04-22T07:55:21.524Z",
            "deleted_at": null,
            "user": "b4e679f8-aa06-4b39-b248-a2fc4b2fa93a",
            "name": "employees_data",
            "is_editable": false,
            "is_readable": false,
            "is_parent": false
        }
    },
    {
        "model": "compensation.page",
        "pk": "e4896d0b-b5d3-4f64-9fcd-2ea3a28b08bb",
        "fields": {
            "filial": null,
            "created_at": "2025-05-21T04:16:51.311Z",
            "updated_at": "2025-05-21T04:16:51.311Z",
            "deleted_at": null,
            "user": "8f648e4e-beb1-4f59-990f-a04408c6a078",
            "name": "new_students",
            "is_editable": false,
            "is_readable": false,
            "is_parent": false
        }
    },
    {
        "model": "compensation.page",
        "pk": "e5d2b5c9-65ac-418e-8724-1cbef4c2ae2a",
        "fields": {
            "filial": null,
            "created_at": "2025-04-21T12:50:47.750Z",
            "updated_at": "2025-04-21T12:50:47.750Z",
            "deleted_at": null,
            "user": "0c634ef1-3f99-4acb-9d8d-61c3016ce15b",
            "name": "groups",
            "is_editable": false,
            "is_readable": true,
            "is_parent": false
        }
    },
    {
        "model": "compensation.page",
        "pk": "e69f05da-e9e6-426f-9956-5394980a77b3",
        "fields": {
            "filial": null,
            "created_at": "2025-05-21T04:16:51.498Z",
            "updated_at": "2025-05-21T04:16:51.498Z",
            "deleted_at": null,
            "user": "8f648e4e-beb1-4f59-990f-a04408c6a078",
            "name": "groups",
            "is_editable": false,
            "is_readable": false,
            "is_parent": false
        }
    },
    {
        "model": "compensation.page",
        "pk": "e832b626-7542-4ff1-91ca-3ee406c93581",
        "fields": {
            "filial": null,
            "created_at": "2025-04-22T07:55:20.847Z",
            "updated_at": "2025-04-22T07:55:20.847Z",
            "deleted_at": null,
            "user": "b4e679f8-aa06-4b39-b248-a2fc4b2fa93a",
            "name": "finance_report",
            "is_editable": false,
            "is_readable": false,
            "is_parent": false
        }
    },
    {
        "model": "compensation.page",
        "pk": "e87a4bc3-2000-4cd8-b0cb-21d4907e628a",
        "fields": {
            "filial": null,
            "created_at": "2025-04-22T01:48:58.874Z",
            "updated_at": "2025-04-22T01:48:58.874Z",
            "deleted_at": null,
            "user": "e59b292a-3389-4a04-8813-6dee001d87b6",
            "name": "edu_section",
            "is_editable": true,
            "is_readable": true,
            "is_parent": false
        }
    },
    {
        "model": "compensation.page",
        "pk": "e9ad78da-f2c4-41b8-9e44-207862319c29",
        "fields": {
            "filial": null,
            "created_at": "2025-04-17T09:15:44.295Z",
            "updated_at": "2025-04-17T09:15:44.295Z",
            "deleted_at": null,
            "user": "1ec7447f-3a88-4302-ac64-74f1e371ba25",
            "name": "orders",
            "is_editable": false,
            "is_readable": false,
            "is_parent": false
        }
    },
    {
        "model": "compensation.page",
        "pk": "e9dd4f65-43a4-498e-9734-6151335c4f8c",
        "fields": {
            "filial": null,
            "created_at": "2025-04-12T12:14:13.730Z",
            "updated_at": "2025-04-12T12:14:13.730Z",
            "deleted_at": null,
            "user": "0d91d137-d528-4184-be38-fc89981d5074",
            "name": "tasks",
            "is_editable": true,
            "is_readable": true,
            "is_parent": false
        }
    },
    {
        "model": "compensation.page",
        "pk": "ea56210b-43af-46e1-83a8-653507ff59f5",
        "fields": {
            "filial": null,
            "created_at": "2025-04-16T00:47:31.103Z",
            "updated_at": "2025-04-16T00:47:31.103Z",
            "deleted_at": null,
            "user": "e4d10a84-4c8a-4016-9d23-d84b064722f9",
            "name": "archived_students",
            "is_editable": true,
            "is_readable": true,
            "is_parent": false
        }
    },
    {
        "model": "compensation.page",
        "pk": "ea83e1fa-8c2a-41e0-b769-e9191ec52653",
        "fields": {
            "filial": null,
            "created_at": "2025-04-17T09:15:44.891Z",
            "updated_at": "2025-04-17T09:15:44.891Z",
            "deleted_at": null,
            "user": "1ec7447f-3a88-4302-ac64-74f1e371ba25",
            "name": "settings",
            "is_editable": false,
            "is_readable": false,
            "is_parent": false
        }
    },
    {
        "model": "compensation.page",
        "pk": "eb309e9e-3bb1-48ad-8bda-64b90a993b3b",
        "fields": {
            "filial": null,
            "created_at": "2025-05-21T05:11:23.706Z",
            "updated_at": "2025-05-21T05:11:23.707Z",
            "deleted_at": null,
            "user": "efc9909a-e992-4e64-8e00-632a3b0f833b",
            "name": "settings",
            "is_editable": false,
            "is_readable": false,
            "is_parent": false
        }
    },
    {
        "model": "compensation.page",
        "pk": "eb504c47-b066-489d-97d2-03f4f1a8cf09",
        "fields": {
            "filial": null,
            "created_at": "2025-04-22T07:44:08.018Z",
            "updated_at": "2025-04-22T07:44:08.018Z",
            "deleted_at": null,
            "user": "59bc1408-3a4d-4200-ba53-dc7fe027dd88",
            "name": "results",
            "is_editable": false,
            "is_readable": false,
            "is_parent": false
        }
    },
    {
        "model": "compensation.page",
        "pk": "ebd667f7-b59e-4a62-b538-13ba12468ee3",
        "fields": {
            "filial": null,
            "created_at": "2025-04-22T07:29:54.983Z",
            "updated_at": "2025-04-22T07:29:54.983Z",
            "deleted_at": null,
            "user": "1ef440ce-82b8-49d5-bf5d-c74604e64530",
            "name": "shop",
            "is_editable": false,
            "is_readable": false,
            "is_parent": false
        }
    },
    {
        "model": "compensation.page",
        "pk": "ec90944f-08da-4abd-956f-f7c4b88dc314",
        "fields": {
            "filial": null,
            "created_at": "2025-04-12T12:14:13.589Z",
            "updated_at": "2025-04-12T12:14:13.590Z",
            "deleted_at": null,
            "user": "0d91d137-d528-4184-be38-fc89981d5074",
            "name": "edu_report",
            "is_editable": true,
            "is_readable": true,
            "is_parent": false
        }
    },
    {
        "model": "compensation.page",
        "pk": "ecd8d27d-3f49-4022-a04f-a256387e64f3",
        "fields": {
            "filial": null,
            "created_at": "2025-05-21T04:16:50.480Z",
            "updated_at": "2025-05-21T04:16:50.481Z",
            "deleted_at": null,
            "user": "8f648e4e-beb1-4f59-990f-a04408c6a078",
            "name": "reports",
            "is_editable": false,
            "is_readable": false,
            "is_parent": false
        }
    },
    {
        "model": "compensation.page",
        "pk": "ed33efc4-d948-4620-9c07-911577344480",
        "fields": {
            "filial": null,
            "created_at": "2025-05-21T07:02:21.280Z",
            "updated_at": "2025-05-21T07:02:21.280Z",
            "deleted_at": null,
            "user": "ec5e034a-c60d-4f88-803f-47449f59cfd3",
            "name": "edu_report",
            "is_editable": false,
            "is_readable": false,
            "is_parent": false
        }
    },
    {
        "model": "compensation.page",
        "pk": "ee51d315-ba50-46f3-bf1e-5e14c45a53a4",
        "fields": {
            "filial": null,
            "created_at": "2025-04-16T00:47:30.897Z",
            "updated_at": "2025-04-16T00:47:30.898Z",
            "deleted_at": null,
            "user": "e4d10a84-4c8a-4016-9d23-d84b064722f9",
            "name": "students",
            "is_editable": true,
            "is_readable": true,
            "is_parent": false
        }
    },
    {
        "model": "compensation.page",
        "pk": "eeeeeed7-84ad-4014-9995-90c733aeea18",
        "fields": {
            "filial": null,
            "created_at": "2025-04-21T12:50:47.556Z",
            "updated_at": "2025-04-21T12:50:47.557Z",
            "deleted_at": null,
            "user": "0c634ef1-3f99-4acb-9d8d-61c3016ce15b",
            "name": "orders",
            "is_editable": false,
            "is_readable": true,
            "is_parent": false
        }
    },
    {
        "model": "compensation.page",
        "pk": "ef73b688-b693-4430-91be-9e23e5cb4844",
        "fields": {
            "filial": null,
            "created_at": "2025-04-12T12:14:13.641Z",
            "updated_at": "2025-04-12T12:14:13.641Z",
            "deleted_at": null,
            "user": "0d91d137-d528-4184-be38-fc89981d5074",
            "name": "active_students",
            "is_editable": true,
            "is_readable": true,
            "is_parent": false
        }
    },
    {
        "model": "compensation.page",
        "pk": "f10a5a35-21c0-4e41-970e-e45a3bd50006",
        "fields": {
            "filial": null,
            "created_at": "2025-04-22T07:55:21.065Z",
            "updated_at": "2025-04-22T07:55:21.065Z",
            "deleted_at": null,
            "user": "b4e679f8-aa06-4b39-b248-a2fc4b2fa93a",
            "name": "orders",
            "is_editable": false,
            "is_readable": false,
            "is_parent": false
        }
    },
    {
        "model": "compensation.page",
        "pk": "f17838d3-9b94-4bc8-9826-8a31718d8cda",
        "fields": {
            "filial": null,
            "created_at": "2025-04-17T09:21:03.337Z",
            "updated_at": "2025-04-17T09:21:03.337Z",
            "deleted_at": null,
            "user": "fe91cfcf-378d-44a5-9a26-1afc17288585",
            "name": "tasks",
            "is_editable": true,
            "is_readable": true,
            "is_parent": false
        }
    },
    {
        "model": "compensation.page",
        "pk": "f1a82d72-8963-468c-aecd-48d2bf3bec42",
        "fields": {
            "filial": null,
            "created_at": "2025-04-22T07:29:54.734Z",
            "updated_at": "2025-04-22T07:29:54.736Z",
            "deleted_at": null,
            "user": "1ef440ce-82b8-49d5-bf5d-c74604e64530",
            "name": "groups",
            "is_editable": false,
            "is_readable": false,
            "is_parent": false
        }
    },
    {
        "model": "compensation.page",
        "pk": "f290803e-ed8f-4307-8dcf-3ae553884486",
        "fields": {
            "filial": null,
            "created_at": "2025-04-22T01:48:59.357Z",
            "updated_at": "2025-04-22T01:48:59.357Z",
            "deleted_at": null,
            "user": "e59b292a-3389-4a04-8813-6dee001d87b6",
            "name": "monitoring_page",
            "is_editable": true,
            "is_readable": true,
            "is_parent": false
        }
    },
    {
        "model": "compensation.page",
        "pk": "f382d9ea-31b6-4494-9f87-250592812cd1",
        "fields": {
            "filial": null,
            "created_at": "2025-04-12T12:14:13.756Z",
            "updated_at": "2025-04-12T12:14:13.756Z",
            "deleted_at": null,
            "user": "0d91d137-d528-4184-be38-fc89981d5074",
            "name": "control",
            "is_editable": true,
            "is_readable": true,
            "is_parent": false
        }
    },
    {
        "model": "compensation.page",
        "pk": "f3a0fc6b-8b44-4efe-afd9-5e4c97133e15",
        "fields": {
            "filial": null,
            "created_at": "2025-04-22T07:44:07.777Z",
            "updated_at": "2025-04-22T07:44:07.778Z",
            "deleted_at": null,
            "user": "59bc1408-3a4d-4200-ba53-dc7fe027dd88",
            "name": "new_leads",
            "is_editable": true,
            "is_readable": true,
            "is_parent": false
        }
    },
    {
        "model": "compensation.page",
        "pk": "f3d0b27f-fbee-4c17-bbb0-9cd47e60697b",
        "fields": {
            "filial": null,
            "created_at": "2025-05-21T04:16:51.359Z",
            "updated_at": "2025-05-21T04:16:51.359Z",
            "deleted_at": null,
            "user": "8f648e4e-beb1-4f59-990f-a04408c6a078",
            "name": "materials",
            "is_editable": false,
            "is_readable": false,
            "is_parent": false
        }
    },
    {
        "model": "compensation.page",
        "pk": "f404e3b1-db0f-43b8-9e92-830040d8cc72",
        "fields": {
            "filial": null,
            "created_at": "2025-04-17T09:15:44.477Z",
            "updated_at": "2025-04-17T09:15:44.477Z",
            "deleted_at": null,
            "user": "1ec7447f-3a88-4302-ac64-74f1e371ba25",
            "name": "groups",
            "is_editable": false,
            "is_readable": false,
            "is_parent": false
        }
    },
    {
        "model": "compensation.page",
        "pk": "f45d1387-d76e-4b7e-b108-91f5861f0c88",
        "fields": {
            "filial": null,
            "created_at": "2025-04-17T09:15:44.500Z",
            "updated_at": "2025-04-17T09:15:44.501Z",
            "deleted_at": null,
            "user": "1ec7447f-3a88-4302-ac64-74f1e371ba25",
            "name": "rooms",
            "is_editable": false,
            "is_readable": false,
            "is_parent": false
        }
    },
    {
        "model": "compensation.page",
        "pk": "f4742a1b-e084-4ef8-b042-c38fe6579fdf",
        "fields": {
            "filial": null,
            "created_at": "2025-04-22T07:55:20.811Z",
            "updated_at": "2025-04-22T07:55:20.812Z",
            "deleted_at": null,
            "user": "b4e679f8-aa06-4b39-b248-a2fc4b2fa93a",
            "name": "admin_report",
            "is_editable": false,
            "is_readable": false,
            "is_parent": false
        }
    },
    {
        "model": "compensation.page",
        "pk": "f5b37f10-f75b-4204-91d2-81b679ee3158",
        "fields": {
            "filial": null,
            "created_at": "2025-04-21T12:50:47.668Z",
            "updated_at": "2025-04-21T12:50:47.668Z",
            "deleted_at": null,
            "user": "0c634ef1-3f99-4acb-9d8d-61c3016ce15b",
            "name": "new_students",
            "is_editable": false,
            "is_readable": true,
            "is_parent": false
        }
    },
    {
        "model": "compensation.page",
        "pk": "f6828802-955d-4435-9a60-bc6904945e82",
        "fields": {
            "filial": null,
            "created_at": "2025-04-17T09:21:03.707Z",
            "updated_at": "2025-04-17T09:21:03.708Z",
            "deleted_at": null,
            "user": "fe91cfcf-378d-44a5-9a26-1afc17288585",
            "name": "employees_data",
            "is_editable": false,
            "is_readable": false,
            "is_parent": false
        }
    },
    {
        "model": "compensation.page",
        "pk": "f82d9f7c-da24-48c1-89b1-07abdfe62a94",
        "fields": {
            "filial": null,
            "created_at": "2025-04-21T12:50:47.951Z",
            "updated_at": "2025-04-21T12:50:47.951Z",
            "deleted_at": null,
            "user": "0c634ef1-3f99-4acb-9d8d-61c3016ce15b",
            "name": "employees",
            "is_editable": false,
            "is_readable": false,
            "is_parent": false
        }
    },
    {
        "model": "compensation.page",
        "pk": "f82fcf51-6b5f-46a1-8386-5f7000bf41b2",
        "fields": {
            "filial": null,
            "created_at": "2025-05-21T07:16:54.467Z",
            "updated_at": "2025-05-21T07:16:54.468Z",
            "deleted_at": null,
            "user": "193d1b06-8a55-4554-85f4-6efea4beec0d",
            "name": "admin_report",
            "is_editable": false,
            "is_readable": false,
            "is_parent": false
        }
    },
    {
        "model": "compensation.page",
        "pk": "fb0b8c13-8f1b-4934-a272-3e15adaddeb3",
        "fields": {
            "filial": null,
            "created_at": "2025-05-21T04:16:51.705Z",
            "updated_at": "2025-05-21T04:16:51.705Z",
            "deleted_at": null,
            "user": "8f648e4e-beb1-4f59-990f-a04408c6a078",
            "name": "tasks",
            "is_editable": true,
            "is_readable": true,
            "is_parent": false
        }
    },
    {
        "model": "compensation.page",
        "pk": "fb5349ca-8d42-41cd-b97e-c4060221d15a",
        "fields": {
            "filial": null,
            "created_at": "2025-04-22T07:55:21.254Z",
            "updated_at": "2025-04-22T07:55:21.254Z",
            "deleted_at": null,
            "user": "b4e679f8-aa06-4b39-b248-a2fc4b2fa93a",
            "name": "archived_students",
            "is_editable": false,
            "is_readable": false,
            "is_parent": false
        }
    },
    {
        "model": "compensation.page",
        "pk": "fba49d8c-4416-4cc4-9bcc-409e74dc02e8",
        "fields": {
            "filial": null,
            "created_at": "2025-04-17T09:15:44.883Z",
            "updated_at": "2025-04-17T09:15:44.884Z",
            "deleted_at": null,
            "user": "1ec7447f-3a88-4302-ac64-74f1e371ba25",
            "name": "shop",
            "is_editable": false,
            "is_readable": false,
            "is_parent": false
        }
    },
    {
        "model": "compensation.page",
        "pk": "fe251bd3-7b66-410a-baef-9d21ab0c3b97",
        "fields": {
            "filial": null,
            "created_at": "2025-05-21T07:02:22.107Z",
            "updated_at": "2025-05-21T07:02:22.108Z",
            "deleted_at": null,
            "user": "ec5e034a-c60d-4f88-803f-47449f59cfd3",
            "name": "tasks",
            "is_editable": true,
            "is_readable": true,
            "is_parent": false
        }
    },
    {
        "model": "compensation.page",
        "pk": "ffadb900-2cf2-449d-b23f-98a5095ef4fe",
        "fields": {
            "filial": null,
            "created_at": "2025-04-16T01:03:39.105Z",
            "updated_at": "2025-04-16T01:03:39.105Z",
            "deleted_at": null,
            "user": "c19f7b09-32cb-4465-93dc-0129155db565",
            "name": "cashiers",
            "is_editable": true,
            "is_readable": true,
            "is_parent": false
        }
    },
    {
        "model": "compensation.asos",
        "pk": "00b724d9-8807-48cc-93a1-9fa5ebb3df7b",
        "fields": {
            "filial": null,
            "created_at": "2025-04-12T12:14:13.780Z",
            "updated_at": "2025-04-12T12:14:13.781Z",
            "deleted_at": null,
            "name": "ASOS_3"
        }
    },
    {
        "model": "compensation.asos",
        "pk": "0d4a1512-d6af-4c34-8d1b-7d116f4288df",
        "fields": {
            "filial": null,
            "created_at": "2025-04-12T12:14:13.805Z",
            "updated_at": "2025-04-12T12:14:13.805Z",
            "deleted_at": null,
            "name": "ASOS_12"
        }
    },
    {
        "model": "compensation.asos",
        "pk": "26301f33-d859-4bf9-95b7-873b61203a2b",
        "fields": {
            "filial": null,
            "created_at": "2025-04-12T12:14:13.788Z",
            "updated_at": "2025-04-12T12:14:13.788Z",
            "deleted_at": null,
            "name": "ASOS_7"
        }
    },
    {
        "model": "compensation.asos",
        "pk": "33ca1b83-3249-42f9-b548-397e0f7c8f84",
        "fields": {
            "filial": null,
            "created_at": "2025-04-12T12:14:13.784Z",
            "updated_at": "2025-04-12T12:14:13.785Z",
            "deleted_at": null,
            "name": "ASOS_5"
        }
    },
    {
        "model": "compensation.asos",
        "pk": "47b5d545-f54e-4279-8076-c571b94ee6b0",
        "fields": {
            "filial": null,
            "created_at": "2025-04-12T12:14:13.806Z",
            "updated_at": "2025-04-12T12:14:13.807Z",
            "deleted_at": null,
            "name": "ASOS_13"
        }
    },
    {
        "model": "compensation.asos",
        "pk": "49b9bcb8-b8a5-45e7-9581-adb4f7cc2b22",
        "fields": {
            "filial": null,
            "created_at": "2025-04-12T12:14:13.775Z",
            "updated_at": "2025-04-12T12:14:13.775Z",
            "deleted_at": null,
            "name": "ASOS_1"
        }
    },
    {
        "model": "compensation.asos",
        "pk": "758fb7af-1b3f-4aed-8cb9-f44ba21df0cf",
        "fields": {
            "filial": null,
            "created_at": "2025-04-12T12:14:13.792Z",
            "updated_at": "2025-04-12T12:14:13.792Z",
            "deleted_at": null,
            "name": "ASOS_9"
        }
    },
    {
        "model": "compensation.asos",
        "pk": "81c28e17-9e07-404c-8576-51f6769d9c00",
        "fields": {
            "filial": null,
            "created_at": "2025-04-12T12:14:13.803Z",
            "updated_at": "2025-04-12T12:14:13.803Z",
            "deleted_at": null,
            "name": "ASOS_11"
        }
    },
    {
        "model": "compensation.asos",
        "pk": "94845dff-cc08-4be6-9067-36b4f55b9a6f",
        "fields": {
            "filial": null,
            "created_at": "2025-04-12T12:14:13.782Z",
            "updated_at": "2025-04-12T12:14:13.783Z",
            "deleted_at": null,
            "name": "ASOS_4"
        }
    },
    {
        "model": "compensation.asos",
        "pk": "b3c2ced8-46b8-4411-b4f8-74c45700c666",
        "fields": {
            "filial": null,
            "created_at": "2025-04-12T12:14:13.778Z",
            "updated_at": "2025-04-12T12:14:13.778Z",
            "deleted_at": null,
            "name": "ASOS_2"
        }
    },
    {
        "model": "compensation.asos",
        "pk": "c197931d-4db6-437e-8dbb-f4249dc615ab",
        "fields": {
            "filial": null,
            "created_at": "2025-04-12T12:14:13.800Z",
            "updated_at": "2025-04-12T12:14:13.800Z",
            "deleted_at": null,
            "name": "ASOS_10"
        }
    },
    {
        "model": "compensation.asos",
        "pk": "d3537111-fc2b-485d-bdc0-554eca5761fa",
        "fields": {
            "filial": null,
            "created_at": "2025-04-12T12:14:13.790Z",
            "updated_at": "2025-04-12T12:14:13.790Z",
            "deleted_at": null,
            "name": "ASOS_8"
        }
    },
    {
        "model": "compensation.asos",
        "pk": "d5c4fab3-fa21-4d2e-b201-1710829b8446",
        "fields": {
            "filial": null,
            "created_at": "2025-04-12T12:14:13.786Z",
            "updated_at": "2025-04-12T12:14:13.786Z",
            "deleted_at": null,
            "name": "ASOS_6"
        }
    },
    {
        "model": "compensation.asos",
        "pk": "fa409c70-403e-44a2-ae76-1b76c60ebe3b",
        "fields": {
            "filial": null,
            "created_at": "2025-04-12T12:14:13.808Z",
            "updated_at": "2025-04-12T12:14:13.809Z",
            "deleted_at": null,
            "name": "ASOS_14"
        }
    },
    {
        "model": "compensation.asos1_2",
        "pk": "2144f3d9-06c6-4677-94ea-d8581badf858",
        "fields": {
            "filial": null,
            "created_at": "2025-05-21T11:32:02.767Z",
            "updated_at": "2025-05-21T11:32:02.767Z",
            "deleted_at": null,
            "asos": "asos1",
            "ball": 12.0,
            "type": "Bonus",
            "amount": 100.0
        }
    },
    {
        "model": "timetracker.employee_attendance",
        "pk": "05b322b3-5e5a-44ff-a276-4f1bc327df0f",
        "fields": {
            "filial": null,
            "created_at": "2025-05-21T01:39:47.789Z",
            "updated_at": "2025-05-21T01:39:47.789Z",
            "deleted_at": null,
            "employee": "4be6df76-7ec1-4856-a6df-cdcd828788a9",
            "check_in": "2025-05-20T12:43:00Z",
            "check_out": "2025-05-20T16:07:13Z",
            "not_marked": false,
            "date": "2025-05-20",
            "amount": 0.0,
            "status": null
        }
    },
    {
        "model": "timetracker.employee_attendance",
        "pk": "0bd7c2ec-12a6-497d-b469-2d8dd424bb40",
        "fields": {
            "filial": null,
            "created_at": "2025-05-21T03:40:33.070Z",
            "updated_at": "2025-05-21T03:40:33.071Z",
            "deleted_at": null,
            "employee": "4be6df76-7ec1-4856-a6df-cdcd828788a9",
            "check_in": null,
            "check_out": null,
            "not_marked": false,
            "date": "2025-05-19",
            "amount": 0.0,
            "status": null
        }
    },
    {
        "model": "timetracker.employee_attendance",
        "pk": "0d4727f8-2df8-4fe0-9415-d1c736a1cd1a",
        "fields": {
            "filial": null,
            "created_at": "2025-05-20T16:04:02.717Z",
            "updated_at": "2025-05-20T16:04:02.718Z",
            "deleted_at": null,
            "employee": "4be6df76-7ec1-4856-a6df-cdcd828788a9",
            "check_in": "2025-05-20T12:43:00Z",
            "check_out": null,
            "not_marked": false,
            "date": "2025-05-20",
            "amount": 0.0,
            "status": null
        }
    },
    {
        "model": "timetracker.employee_attendance",
        "pk": "191c2896-3e51-4fc7-be63-b44df5884baa",
        "fields": {
            "filial": null,
            "created_at": "2025-05-21T09:40:07.037Z",
            "updated_at": "2025-05-21T09:40:07.041Z",
            "deleted_at": null,
            "employee": "4be6df76-7ec1-4856-a6df-cdcd828788a9",
            "check_in": "2025-05-20T12:43:00Z",
            "check_out": "2025-05-20T16:07:13Z",
            "not_marked": false,
            "date": "2025-05-20",
            "amount": 0.0,
            "status": null
        }
    },
    {
        "model": "timetracker.employee_attendance",
        "pk": "29e83008-958a-4048-a2f1-4616c6c76055",
        "fields": {
            "filial": null,
            "created_at": "2025-05-20T16:33:13.108Z",
            "updated_at": "2025-05-20T16:33:13.108Z",
            "deleted_at": null,
            "employee": "4be6df76-7ec1-4856-a6df-cdcd828788a9",
            "check_in": "2025-05-20T12:43:00Z",
            "check_out": null,
            "not_marked": false,
            "date": "2025-05-20",
            "amount": 0.0,
            "status": null
        }
    },
    {
        "model": "timetracker.employee_attendance",
        "pk": "2d295015-0981-4f0f-80bc-292ff265be87",
        "fields": {
            "filial": null,
            "created_at": "2025-05-21T02:40:27.678Z",
            "updated_at": "2025-05-21T02:40:27.678Z",
            "deleted_at": null,
            "employee": "4be6df76-7ec1-4856-a6df-cdcd828788a9",
            "check_in": null,
            "check_out": null,
            "not_marked": false,
            "date": "2025-05-19",
            "amount": 0.0,
            "status": null
        }
    },
    {
        "model": "timetracker.employee_attendance",
        "pk": "3b36ca63-d6b1-40a9-93f9-120a8bf9d837",
        "fields": {
            "filial": null,
            "created_at": "2025-05-20T22:40:28.198Z",
            "updated_at": "2025-05-20T22:40:28.198Z",
            "deleted_at": null,
            "employee": "4be6df76-7ec1-4856-a6df-cdcd828788a9",
            "check_in": null,
            "check_out": null,
            "not_marked": false,
            "date": "2025-05-19",
            "amount": 0.0,
            "status": null
        }
    },
    {
        "model": "timetracker.employee_attendance",
        "pk": "45160826-d466-4552-85b4-a4e381f368d3",
        "fields": {
            "filial": null,
            "created_at": "2025-05-21T06:40:28.938Z",
            "updated_at": "2025-05-21T06:40:28.938Z",
            "deleted_at": null,
            "employee": "4be6df76-7ec1-4856-a6df-cdcd828788a9",
            "check_in": null,
            "check_out": null,
            "not_marked": false,
            "date": "2025-05-19",
            "amount": 0.0,
            "status": null
        }
    },
    {
        "model": "timetracker.employee_attendance",
        "pk": "48887a54-c658-4e53-a738-d9fdf4644580",
        "fields": {
            "filial": null,
            "created_at": "2025-05-21T06:39:58.185Z",
            "updated_at": "2025-05-21T06:39:58.186Z",
            "deleted_at": null,
            "employee": "4be6df76-7ec1-4856-a6df-cdcd828788a9",
            "check_in": "2025-05-20T12:43:00Z",
            "check_out": "2025-05-20T16:07:13Z",
            "not_marked": false,
            "date": "2025-05-20",
            "amount": 0.0,
            "status": null
        }
    },
    {
        "model": "timetracker.employee_attendance",
        "pk": "57568f16-6c2c-42a5-9594-25012c4ac923",
        "fields": {
            "filial": null,
            "created_at": "2025-05-21T10:40:11.469Z",
            "updated_at": "2025-05-21T10:40:11.482Z",
            "deleted_at": null,
            "employee": "4be6df76-7ec1-4856-a6df-cdcd828788a9",
            "check_in": "2025-05-20T12:43:00Z",
            "check_out": "2025-05-20T16:07:13Z",
            "not_marked": false,
            "date": "2025-05-20",
            "amount": 0.0,
            "status": null
        }
    },
    {
        "model": "timetracker.employee_attendance",
        "pk": "576af4ae-690f-4ba2-bc2a-48920725ae2f",
        "fields": {
            "filial": null,
            "created_at": "2025-05-20T22:39:48.335Z",
            "updated_at": "2025-05-20T22:39:48.336Z",
            "deleted_at": null,
            "employee": "4be6df76-7ec1-4856-a6df-cdcd828788a9",
            "check_in": "2025-05-20T12:43:00Z",
            "check_out": "2025-05-20T16:07:13Z",
            "not_marked": false,
            "date": "2025-05-20",
            "amount": 0.0,
            "status": null
        }
    },
    {
        "model": "timetracker.employee_attendance",
        "pk": "5b5e97a1-166f-4ce9-85d7-fba40b01c527",
        "fields": {
            "filial": null,
            "created_at": "2025-05-20T18:40:12.045Z",
            "updated_at": "2025-05-20T18:40:12.045Z",
            "deleted_at": null,
            "employee": "4be6df76-7ec1-4856-a6df-cdcd828788a9",
            "check_in": null,
            "check_out": null,
            "not_marked": false,
            "date": "2025-05-19",
            "amount": 0.0,
            "status": null
        }
    },
    {
        "model": "timetracker.employee_attendance",
        "pk": "5dd0de22-3141-4b81-b9df-f5ef442250fd",
        "fields": {
            "filial": null,
            "created_at": "2025-05-20T23:40:25.597Z",
            "updated_at": "2025-05-20T23:40:25.597Z",
            "deleted_at": null,
            "employee": "4be6df76-7ec1-4856-a6df-cdcd828788a9",
            "check_in": null,
            "check_out": null,
            "not_marked": false,
            "date": "2025-05-19",
            "amount": 0.0,
            "status": null
        }
    },
    {
        "model": "timetracker.employee_attendance",
        "pk": "5eb98ba9-5a1c-416f-9b95-7e37fe14c269",
        "fields": {
            "filial": null,
            "created_at": "2025-05-20T19:40:32.369Z",
            "updated_at": "2025-05-20T19:40:32.369Z",
            "deleted_at": null,
            "employee": "4be6df76-7ec1-4856-a6df-cdcd828788a9",
            "check_in": null,
            "check_out": null,
            "not_marked": false,
            "date": "2025-05-19",
            "amount": 0.0,
            "status": null
        }
    },
    {
        "model": "timetracker.employee_attendance",
        "pk": "62d2c3c6-3e70-4036-9b91-d57aae04b874",
        "fields": {
            "filial": null,
            "created_at": "2025-05-21T00:39:48.613Z",
            "updated_at": "2025-05-21T00:39:48.613Z",
            "deleted_at": null,
            "employee": "4be6df76-7ec1-4856-a6df-cdcd828788a9",
            "check_in": "2025-05-20T12:43:00Z",
            "check_out": "2025-05-20T16:07:13Z",
            "not_marked": false,
            "date": "2025-05-20",
            "amount": 0.0,
            "status": null
        }
    },
    {
        "model": "timetracker.employee_attendance",
        "pk": "75d55c78-daa8-407d-8083-e2ce750d4752",
        "fields": {
            "filial": null,
            "created_at": "2025-05-20T16:24:08.568Z",
            "updated_at": "2025-05-20T16:24:08.568Z",
            "deleted_at": null,
            "employee": "4be6df76-7ec1-4856-a6df-cdcd828788a9",
            "check_in": "2025-05-20T12:43:00Z",
            "check_out": "2025-05-20T16:07:13Z",
            "not_marked": false,
            "date": "2025-05-20",
            "amount": 0.0,
            "status": null
        }
    },
    {
        "model": "timetracker.employee_attendance",
        "pk": "8027dc1e-79ce-4b06-9dcf-c830d9345f09",
        "fields": {
            "filial": null,
            "created_at": "2025-05-21T08:48:52.023Z",
            "updated_at": "2025-05-21T08:48:52.024Z",
            "deleted_at": null,
            "employee": "4be6df76-7ec1-4856-a6df-cdcd828788a9",
            "check_in": null,
            "check_out": null,
            "not_marked": false,
            "date": "2025-05-21",
            "amount": 0.0,
            "status": null
        }
    },
    {
        "model": "timetracker.employee_attendance",
        "pk": "852a8e9e-60de-47f2-b24d-270354057208",
        "fields": {
            "filial": null,
            "created_at": "2025-05-20T19:53:17.448Z",
            "updated_at": "2025-05-20T19:53:17.449Z",
            "deleted_at": null,
            "employee": "4be6df76-7ec1-4856-a6df-cdcd828788a9",
            "check_in": "2025-05-20T12:43:00Z",
            "check_out": null,
            "not_marked": false,
            "date": "2025-05-20",
            "amount": 0.0,
            "status": null
        }
    },
    {
        "model": "timetracker.employee_attendance",
        "pk": "861320ed-a61a-4525-8680-e2d786f3d1ed",
        "fields": {
            "filial": null,
            "created_at": "2025-05-21T08:40:52.458Z",
            "updated_at": "2025-05-21T08:40:52.459Z",
            "deleted_at": null,
            "employee": "4be6df76-7ec1-4856-a6df-cdcd828788a9",
            "check_in": null,
            "check_out": null,
            "not_marked": false,
            "date": "2025-05-19",
            "amount": 0.0,
            "status": null
        }
    },
    {
        "model": "timetracker.employee_attendance",
        "pk": "869b964c-3f2d-4aec-8ce0-270c30e66daf",
        "fields": {
            "filial": null,
            "created_at": "2025-05-21T10:39:59.491Z",
            "updated_at": "2025-05-21T10:39:59.492Z",
            "deleted_at": null,
            "employee": "4be6df76-7ec1-4856-a6df-cdcd828788a9",
            "check_in": null,
            "check_out": null,
            "not_marked": false,
            "date": "2025-05-21",
            "amount": 0.0,
            "status": null
        }
    },
    {
        "model": "timetracker.employee_attendance",
        "pk": "875c8f71-6c51-49e9-8a80-c84b7a6c0e0b",
        "fields": {
            "filial": null,
            "created_at": "2025-05-21T07:40:41.256Z",
            "updated_at": "2025-05-21T07:40:41.257Z",
            "deleted_at": null,
            "employee": "4be6df76-7ec1-4856-a6df-cdcd828788a9",
            "check_in": null,
            "check_out": null,
            "not_marked": false,
            "date": "2025-05-19",
            "amount": 0.0,
            "status": null
        }
    },
    {
        "model": "timetracker.employee_attendance",
        "pk": "87a54078-950f-4302-8d3e-c1f698b9ca76",
        "fields": {
            "filial": null,
            "created_at": "2025-05-21T09:39:56.098Z",
            "updated_at": "2025-05-21T09:39:56.101Z",
            "deleted_at": null,
            "employee": "4be6df76-7ec1-4856-a6df-cdcd828788a9",
            "check_in": null,
            "check_out": null,
            "not_marked": false,
            "date": "2025-05-21",
            "amount": 0.0,
            "status": null
        }
    },
    {
        "model": "timetracker.employee_attendance",
        "pk": "991e5aab-2ade-4f83-9cf9-5080d336e74f",
        "fields": {
            "filial": null,
            "created_at": "2025-05-20T23:39:48.225Z",
            "updated_at": "2025-05-20T23:39:48.225Z",
            "deleted_at": null,
            "employee": "4be6df76-7ec1-4856-a6df-cdcd828788a9",
            "check_in": "2025-05-20T12:43:00Z",
            "check_out": "2025-05-20T16:07:13Z",
            "not_marked": false,
            "date": "2025-05-20",
            "amount": 0.0,
            "status": null
        }
    },
    {
        "model": "timetracker.employee_attendance",
        "pk": "9a96e154-a6f1-4d1f-9a82-6bddb821ed2f",
        "fields": {
            "filial": null,
            "created_at": "2025-05-20T16:39:45.153Z",
            "updated_at": "2025-05-20T16:39:45.153Z",
            "deleted_at": null,
            "employee": "4be6df76-7ec1-4856-a6df-cdcd828788a9",
            "check_in": "2025-05-20T12:43:00Z",
            "check_out": null,
            "not_marked": false,
            "date": "2025-05-20",
            "amount": 0.0,
            "status": null
        }
    },
    {
        "model": "timetracker.employee_attendance",
        "pk": "9b3b4c58-c5fc-439e-a112-5081d318704e",
        "fields": {
            "filial": null,
            "created_at": "2025-05-21T05:40:30.969Z",
            "updated_at": "2025-05-21T05:40:30.969Z",
            "deleted_at": null,
            "employee": "4be6df76-7ec1-4856-a6df-cdcd828788a9",
            "check_in": null,
            "check_out": null,
            "not_marked": false,
            "date": "2025-05-19",
            "amount": 0.0,
            "status": null
        }
    },
    {
        "model": "timetracker.employee_attendance",
        "pk": "9c088ebe-e7ed-47a0-ab26-29e670bcc897",
        "fields": {
            "filial": null,
            "created_at": "2025-05-21T08:39:54.366Z",
            "updated_at": "2025-05-21T08:39:54.366Z",
            "deleted_at": null,
            "employee": "4be6df76-7ec1-4856-a6df-cdcd828788a9",
            "check_in": null,
            "check_out": null,
            "not_marked": false,
            "date": "2025-05-21",
            "amount": 0.0,
            "status": null
        }
    },
    {
        "model": "timetracker.employee_attendance",
        "pk": "a1209ece-5a7c-4b9d-96b1-7f6a950e3fdb",
        "fields": {
            "filial": null,
            "created_at": "2025-05-20T20:39:49.179Z",
            "updated_at": "2025-05-20T20:39:49.186Z",
            "deleted_at": null,
            "employee": "4be6df76-7ec1-4856-a6df-cdcd828788a9",
            "check_in": "2025-05-20T12:43:00Z",
            "check_out": null,
            "not_marked": false,
            "date": "2025-05-20",
            "amount": 0.0,
            "status": null
        }
    },
    {
        "model": "timetracker.employee_attendance",
        "pk": "a9f141b2-174c-4daf-8e14-39d17adcc3a9",
        "fields": {
            "filial": null,
            "created_at": "2025-05-20T17:40:45.926Z",
            "updated_at": "2025-05-20T17:40:45.926Z",
            "deleted_at": null,
            "employee": "4be6df76-7ec1-4856-a6df-cdcd828788a9",
            "check_in": null,
            "check_out": null,
            "not_marked": false,
            "date": "2025-05-17",
            "amount": 0.0,
            "status": null
        }
    },
    {
        "model": "timetracker.employee_attendance",
        "pk": "ab856e11-6cec-402b-8365-fa47e11655e0",
        "fields": {
            "filial": null,
            "created_at": "2025-05-20T19:39:56.220Z",
            "updated_at": "2025-05-20T19:39:56.222Z",
            "deleted_at": null,
            "employee": "4be6df76-7ec1-4856-a6df-cdcd828788a9",
            "check_in": "2025-05-20T12:43:00Z",
            "check_out": null,
            "not_marked": false,
            "date": "2025-05-20",
            "amount": 0.0,
            "status": null
        }
    },
    {
        "model": "timetracker.employee_attendance",
        "pk": "af9f54df-4a7b-4c6d-aab9-6a03058a20c0",
        "fields": {
            "filial": null,
            "created_at": "2025-05-20T21:39:50.114Z",
            "updated_at": "2025-05-20T21:39:50.119Z",
            "deleted_at": null,
            "employee": "4be6df76-7ec1-4856-a6df-cdcd828788a9",
            "check_in": "2025-05-20T12:43:00Z",
            "check_out": null,
            "not_marked": false,
            "date": "2025-05-20",
            "amount": 0.0,
            "status": null
        }
    },
    {
        "model": "timetracker.employee_attendance",
        "pk": "b23e866a-aa9f-432c-9283-9abf443d1dfd",
        "fields": {
            "filial": null,
            "created_at": "2025-05-21T08:40:12.676Z",
            "updated_at": "2025-05-21T08:40:12.676Z",
            "deleted_at": null,
            "employee": "4be6df76-7ec1-4856-a6df-cdcd828788a9",
            "check_in": "2025-05-20T12:43:00Z",
            "check_out": "2025-05-20T16:07:13Z",
            "not_marked": false,
            "date": "2025-05-20",
            "amount": 0.0,
            "status": null
        }
    },
    {
        "model": "timetracker.employee_attendance",
        "pk": "b671eea6-e1c1-4623-8933-3870bc1b32ac",
        "fields": {
            "filial": null,
            "created_at": "2025-05-20T16:01:31.894Z",
            "updated_at": "2025-05-20T16:01:31.895Z",
            "deleted_at": null,
            "employee": "4be6df76-7ec1-4856-a6df-cdcd828788a9",
            "check_in": "2025-05-20T12:43:00Z",
            "check_out": null,
            "not_marked": false,
            "date": "2025-05-20",
            "amount": 0.0,
            "status": null
        }
    },
    {
        "model": "timetracker.employee_attendance",
        "pk": "b9161b43-6f21-4d41-ba59-bd46d72fc57d",
        "fields": {
            "filial": null,
            "created_at": "2025-05-21T09:40:36.510Z",
            "updated_at": "2025-05-21T09:40:36.511Z",
            "deleted_at": null,
            "employee": "4be6df76-7ec1-4856-a6df-cdcd828788a9",
            "check_in": null,
            "check_out": null,
            "not_marked": false,
            "date": "2025-05-19",
            "amount": 0.0,
            "status": null
        }
    },
    {
        "model": "timetracker.employee_attendance",
        "pk": "b9188801-b71f-4821-b9f1-057f598652e2",
        "fields": {
            "filial": null,
            "created_at": "2025-05-21T07:40:01.235Z",
            "updated_at": "2025-05-21T07:40:01.235Z",
            "deleted_at": null,
            "employee": "4be6df76-7ec1-4856-a6df-cdcd828788a9",
            "check_in": "2025-05-20T12:43:00Z",
            "check_out": "2025-05-20T16:07:13Z",
            "not_marked": false,
            "date": "2025-05-20",
            "amount": 0.0,
            "status": null
        }
    },
    {
        "model": "timetracker.employee_attendance",
        "pk": "b9740a35-03e0-416b-a75d-f46c0f63b6d8",
        "fields": {
            "filial": null,
            "created_at": "2025-05-20T21:40:17.961Z",
            "updated_at": "2025-05-20T21:40:17.961Z",
            "deleted_at": null,
            "employee": "4be6df76-7ec1-4856-a6df-cdcd828788a9",
            "check_in": null,
            "check_out": null,
            "not_marked": false,
            "date": "2025-05-19",
            "amount": 0.0,
            "status": null
        }
    },
    {
        "model": "timetracker.employee_attendance",
        "pk": "bb0f0c97-fded-4080-91b2-7df1b5ef8ab2",
        "fields": {
            "filial": null,
            "created_at": "2025-05-21T10:40:56.772Z",
            "updated_at": "2025-05-21T10:40:56.778Z",
            "deleted_at": null,
            "employee": "4be6df76-7ec1-4856-a6df-cdcd828788a9",
            "check_in": null,
            "check_out": null,
            "not_marked": false,
            "date": "2025-05-19",
            "amount": 0.0,
            "status": null
        }
    },
    {
        "model": "timetracker.employee_attendance",
        "pk": "bce104a5-37ff-47d7-9a00-02c292db32ee",
        "fields": {
            "filial": null,
            "created_at": "2025-05-20T16:08:02.204Z",
            "updated_at": "2025-05-20T16:08:02.204Z",
            "deleted_at": null,
            "employee": "4be6df76-7ec1-4856-a6df-cdcd828788a9",
            "check_in": "2025-05-20T12:43:00Z",
            "check_out": "2025-05-20T16:07:13Z",
            "not_marked": false,
            "date": "2025-05-20",
            "amount": 0.0,
            "status": null
        }
    },
    {
        "model": "timetracker.employee_attendance",
        "pk": "ca621b2f-8c0c-46d1-9d2b-5dd9896351ba",
        "fields": {
            "filial": null,
            "created_at": "2025-05-20T17:40:25.522Z",
            "updated_at": "2025-05-20T17:40:25.522Z",
            "deleted_at": null,
            "employee": "4be6df76-7ec1-4856-a6df-cdcd828788a9",
            "check_in": null,
            "check_out": null,
            "not_marked": false,
            "date": "2025-05-19",
            "amount": 0.0,
            "status": null
        }
    },
    {
        "model": "timetracker.employee_attendance",
        "pk": "cebc71d6-38bd-4862-a87d-9533373c4d52",
        "fields": {
            "filial": null,
            "created_at": "2025-05-21T04:40:31.534Z",
            "updated_at": "2025-05-21T04:40:31.535Z",
            "deleted_at": null,
            "employee": "4be6df76-7ec1-4856-a6df-cdcd828788a9",
            "check_in": null,
            "check_out": null,
            "not_marked": false,
            "date": "2025-05-19",
            "amount": 0.0,
            "status": null
        }
    },
    {
        "model": "timetracker.employee_attendance",
        "pk": "cfc9b2ac-7f9a-4b7f-af6e-72c8637359e9",
        "fields": {
            "filial": null,
            "created_at": "2025-05-21T04:40:08.302Z",
            "updated_at": "2025-05-21T04:40:08.302Z",
            "deleted_at": null,
            "employee": "4be6df76-7ec1-4856-a6df-cdcd828788a9",
            "check_in": "2025-05-20T12:43:00Z",
            "check_out": "2025-05-20T16:07:13Z",
            "not_marked": false,
            "date": "2025-05-20",
            "amount": 0.0,
            "status": null
        }
    },
    {
        "model": "timetracker.employee_attendance",
        "pk": "dc83cce6-d9d0-4d37-9b47-b99e6be41c5f",
        "fields": {
            "filial": null,
            "created_at": "2025-05-21T01:40:34.694Z",
            "updated_at": "2025-05-21T01:40:34.694Z",
            "deleted_at": null,
            "employee": "4be6df76-7ec1-4856-a6df-cdcd828788a9",
            "check_in": null,
            "check_out": null,
            "not_marked": false,
            "date": "2025-05-19",
            "amount": 0.0,
            "status": null
        }
    },
    {
        "model": "timetracker.employee_attendance",
        "pk": "e4b2626e-aa62-4612-859a-f26922bbcb25",
        "fields": {
            "filial": null,
            "created_at": "2025-05-21T03:40:10.220Z",
            "updated_at": "2025-05-21T03:40:10.221Z",
            "deleted_at": null,
            "employee": "4be6df76-7ec1-4856-a6df-cdcd828788a9",
            "check_in": "2025-05-20T12:43:00Z",
            "check_out": "2025-05-20T16:07:13Z",
            "not_marked": false,
            "date": "2025-05-20",
            "amount": 0.0,
            "status": null
        }
    },
    {
        "model": "timetracker.employee_attendance",
        "pk": "e9e23373-3da4-46ca-937a-08e5c3bbad54",
        "fields": {
            "filial": null,
            "created_at": "2025-05-20T18:40:58.296Z",
            "updated_at": "2025-05-20T18:40:58.296Z",
            "deleted_at": null,
            "employee": "4be6df76-7ec1-4856-a6df-cdcd828788a9",
            "check_in": null,
            "check_out": null,
            "not_marked": false,
            "date": "2025-05-17",
            "amount": 0.0,
            "status": null
        }
    },
    {
        "model": "timetracker.employee_attendance",
        "pk": "ef77bf58-b4c9-40a0-85dd-f8f294b06c61",
        "fields": {
            "filial": null,
            "created_at": "2025-05-21T05:40:00.388Z",
            "updated_at": "2025-05-21T05:40:00.388Z",
            "deleted_at": null,
            "employee": "4be6df76-7ec1-4856-a6df-cdcd828788a9",
            "check_in": "2025-05-20T12:43:00Z",
            "check_out": "2025-05-20T16:07:13Z",
            "not_marked": false,
            "date": "2025-05-20",
            "amount": 0.0,
            "status": null
        }
    },
    {
        "model": "timetracker.employee_attendance",
        "pk": "f4bdf086-920f-499e-9d30-492728a1d8cc",
        "fields": {
            "filial": null,
            "created_at": "2025-05-20T20:40:13.699Z",
            "updated_at": "2025-05-20T20:40:13.699Z",
            "deleted_at": null,
            "employee": "4be6df76-7ec1-4856-a6df-cdcd828788a9",
            "check_in": null,
            "check_out": null,
            "not_marked": false,
            "date": "2025-05-19",
            "amount": 0.0,
            "status": null
        }
    },
    {
        "model": "timetracker.employee_attendance",
        "pk": "fcf0f994-f3bf-4ed2-9565-0fb3d7381341",
        "fields": {
            "filial": null,
            "created_at": "2025-05-21T02:40:08.245Z",
            "updated_at": "2025-05-21T02:40:08.245Z",
            "deleted_at": null,
            "employee": "4be6df76-7ec1-4856-a6df-cdcd828788a9",
            "check_in": "2025-05-20T12:43:00Z",
            "check_out": "2025-05-20T16:07:13Z",
            "not_marked": false,
            "date": "2025-05-20",
            "amount": 0.0,
            "status": null
        }
    },
    {
        "model": "timetracker.employee_attendance",
        "pk": "fe44bdd3-564a-45f1-bc37-d93a48133b28",
        "fields": {
            "filial": null,
            "created_at": "2025-05-21T00:40:05.940Z",
            "updated_at": "2025-05-21T00:40:05.940Z",
            "deleted_at": null,
            "employee": "4be6df76-7ec1-4856-a6df-cdcd828788a9",
            "check_in": null,
            "check_out": null,
            "not_marked": false,
            "date": "2025-05-19",
            "amount": 0.0,
            "status": null
        }
    },
    {
        "model": "timetracker.usertimeline",
        "pk": "30ae8d00-7a60-4d05-8cfb-336867557fb1",
        "fields": {
            "filial": null,
            "created_at": "2025-05-20T16:26:16Z",
            "updated_at": "2025-05-20T16:26:34.251Z",
            "deleted_at": null,
            "user": "0d91d137-d528-4184-be38-fc89981d5074",
            "day": "Tuesday",
            "start_time": "16:26:16",
            "end_time": "20:26:16"
        }
    },
    {
        "model": "notifications.notification",
        "pk": "0ca96ccd-9b9a-486a-bbc2-c806785de139",
        "fields": {
            "filial": null,
            "created_at": "2025-05-21T05:20:00.882Z",
            "updated_at": "2025-05-21T05:20:00.882Z",
            "deleted_at": null,
            "user": null,
            "comment": "Nasiba Murodxojayeva ning balance miqdori 0.00 sum, to'lov amalga oshirishi haqida eslating!",
            "come_from": "Nasiba KIMYO  has level  False 0 in NEW_STUDENT stage",
            "is_read": false,
            "has_read": false
        }
    },
    {
        "model": "notifications.notification",
        "pk": "13bf3e60-fd02-4a02-a977-229b8f053787",
        "fields": {
            "filial": null,
            "created_at": "2025-04-22T13:27:17.393Z",
            "updated_at": "2025-05-20T17:26:37.964Z",
            "deleted_at": null,
            "user": "0c634ef1-3f99-4acb-9d8d-61c3016ce15b",
            "comment": "I B K J - 14:00-16:00 guruhining yordamchi guruhi yaratildi !",
            "come_from": "I B K J - 14:00-16:00 - MONTHLY",
            "is_read": false,
            "has_read": true
        }
    },
    {
        "model": "notifications.notification",
        "pk": "15264f9d-43a7-4e4c-ac91-233a3ccbc2fa",
        "fields": {
            "filial": null,
            "created_at": "2025-05-20T12:23:46.197Z",
            "updated_at": "2025-05-20T12:23:46.197Z",
            "deleted_at": null,
            "user": "e4d10a84-4c8a-4016-9d23-d84b064722f9",
            "comment": "Guruhlarning to'lov uslubi Oylik ga o'zgartirildi !",
            "come_from": "I B K J - 18:00-20:00 - MONTHLY",
            "is_read": false,
            "has_read": false
        }
    },
    {
        "model": "notifications.notification",
        "pk": "23c7aace-e733-4858-862a-6a034f6418ed",
        "fields": {
            "filial": null,
            "created_at": "2025-05-21T05:20:01.071Z",
            "updated_at": "2025-05-21T05:20:01.071Z",
            "deleted_at": null,
            "user": null,
            "comment": "Abduraxmon Mametov ning balance miqdori 0.00 sum, to'lov amalga oshirishi haqida eslating!",
            "come_from": "Abduraxmon KIMYO  has level  False 0 in NEW_STUDENT stage",
            "is_read": false,
            "has_read": false
        }
    },
    {
        "model": "notifications.notification",
        "pk": "243dee00-43da-4112-bb08-b9b00407c389",
        "fields": {
            "filial": null,
            "created_at": "2025-04-22T13:27:12.228Z",
            "updated_at": "2025-05-20T17:26:37.963Z",
            "deleted_at": null,
            "user": "0c634ef1-3f99-4acb-9d8d-61c3016ce15b",
            "comment": "I B K J - 14:00-16:00 guruhining yordamchi guruhi yaratildi !",
            "come_from": "I B K J - 14:00-16:00 - MONTHLY",
            "is_read": false,
            "has_read": true
        }
    },
    {
        "model": "notifications.notification",
        "pk": "35750581-2d7b-4c03-a0ad-67828aff2852",
        "fields": {
            "filial": null,
            "created_at": "2025-04-22T15:02:02.447Z",
            "updated_at": "2025-05-20T17:26:37.863Z",
            "deleted_at": null,
            "user": "0c634ef1-3f99-4acb-9d8d-61c3016ce15b",
            "comment": "I B K J -  16:00-18:00 guruhining yordamchi guruhi yaratildi!",
            "come_from": "I B K J -  16:00-18:00 - MONTHLY",
            "is_read": false,
            "has_read": true
        }
    },
    {
        "model": "notifications.notification",
        "pk": "38c1a092-d300-4eaf-bccf-0ced8fc146e9",
        "fields": {
            "filial": null,
            "created_at": "2025-04-22T15:02:08.675Z",
            "updated_at": "2025-05-20T17:26:37.862Z",
            "deleted_at": null,
            "user": "0c634ef1-3f99-4acb-9d8d-61c3016ce15b",
            "comment": "I B K J -  16:00-18:00 guruhining yordamchi guruhi yaratildi !",
            "come_from": "I B K J -  16:00-18:00 - MONTHLY",
            "is_read": false,
            "has_read": true
        }
    },
    {
        "model": "notifications.notification",
        "pk": "3d6c562e-646c-4ace-a332-e6c19e951968",
        "fields": {
            "filial": null,
            "created_at": "2025-05-20T12:29:37.468Z",
            "updated_at": "2025-05-20T12:29:37.469Z",
            "deleted_at": null,
            "user": null,
            "comment": "Nilufar Teshayeva ning balance miqdori 0.00 sum, to'lov amalga oshirishi haqida eslating!",
            "come_from": "Nilufar KIMYO  has level  False 0 in NEW_STUDENT stage",
            "is_read": false,
            "has_read": false
        }
    },
    {
        "model": "notifications.notification",
        "pk": "3f378c61-d148-4441-8f46-709445690f92",
        "fields": {
            "filial": null,
            "created_at": "2025-05-20T12:23:46.198Z",
            "updated_at": "2025-05-20T12:23:46.199Z",
            "deleted_at": null,
            "user": "0d91d137-d528-4184-be38-fc89981d5074",
            "comment": "Guruhlarning to'lov uslubi Oylik ga o'zgartirildi !",
            "come_from": "I B K J - 18:00-20:00 - MONTHLY",
            "is_read": false,
            "has_read": false
        }
    },
    {
        "model": "notifications.notification",
        "pk": "49dd9289-0c4b-4695-a58e-df6a15c3f452",
        "fields": {
            "filial": null,
            "created_at": "2025-05-20T16:19:14.379Z",
            "updated_at": "2025-05-20T16:19:14.379Z",
            "deleted_at": null,
            "user": null,
            "comment": "Dilnura Ravilova ning balance miqdori 0.00 sum, to'lov amalga oshirishi haqida eslating!",
            "come_from": "Dilnura KIMYO  has level  False 0 in NEW_STUDENT stage",
            "is_read": false,
            "has_read": false
        }
    },
    {
        "model": "notifications.notification",
        "pk": "57465ffe-a93f-4d31-974e-d8475fccf496",
        "fields": {
            "filial": null,
            "created_at": "2025-05-20T12:23:46.217Z",
            "updated_at": "2025-05-20T17:26:37.700Z",
            "deleted_at": null,
            "user": "0c634ef1-3f99-4acb-9d8d-61c3016ce15b",
            "comment": "I B K T 14:00-16:00 guruhining yordamchi guruhi yaratildi!",
            "come_from": "I B K T 14:00-16:00 - MONTHLY",
            "is_read": false,
            "has_read": true
        }
    },
    {
        "model": "notifications.notification",
        "pk": "5882e8ee-da57-40b4-b374-cda2be1b2ce7",
        "fields": {
            "filial": null,
            "created_at": "2025-04-22T13:27:06.661Z",
            "updated_at": "2025-04-22T13:27:06.662Z",
            "deleted_at": null,
            "user": "e4d10a84-4c8a-4016-9d23-d84b064722f9",
            "comment": "Guruhlarning to'lov uslubi MONTHLY ga o'zgartirildi !",
            "come_from": "I B K J - 14:00-16:00 - MONTHLY",
            "is_read": false,
            "has_read": false
        }
    },
    {
        "model": "notifications.notification",
        "pk": "5f1d2605-2691-4167-9e30-5f6fde5a7344",
        "fields": {
            "filial": null,
            "created_at": "2025-05-20T16:19:15.108Z",
            "updated_at": "2025-05-20T16:19:15.108Z",
            "deleted_at": null,
            "user": null,
            "comment": "Zuhra Musinboyeva ning balance miqdori 0.00 sum, to'lov amalga oshirishi haqida eslating!",
            "come_from": "Zuhra KIMYO  has level  False 0 in NEW_STUDENT stage",
            "is_read": false,
            "has_read": false
        }
    },
    {
        "model": "notifications.notification",
        "pk": "6f79c659-981f-4ebf-942b-8d39dbe94ec3",
        "fields": {
            "filial": null,
            "created_at": "2025-05-21T04:21:06.379Z",
            "updated_at": "2025-05-21T04:21:06.380Z",
            "deleted_at": null,
            "user": "8f648e4e-beb1-4f59-990f-a04408c6a078",
            "comment": "Sadriddin Ravshanov ning balance miqdori 0.00 sum, to'lov amalga oshirishi haqida eslating!",
            "come_from": "Sadriddin TURK TILI  has level  True 75 in NEW_STUDENT stage",
            "is_read": false,
            "has_read": false
        }
    },
    {
        "model": "notifications.notification",
        "pk": "8f5a9786-0f30-4dde-aaf3-89dc41f04778",
        "fields": {
            "filial": null,
            "created_at": "2025-05-20T16:19:15.119Z",
            "updated_at": "2025-05-20T16:19:15.119Z",
            "deleted_at": null,
            "user": null,
            "comment": "Lead Zuhra +998997077676 - 1 darsga qatnashmagan !",
            "come_from": "Zuhra KIMYO  has level  False 0 in YANGI_LEAD stage",
            "is_read": false,
            "has_read": false
        }
    },
    {
        "model": "notifications.notification",
        "pk": "94abfe36-35b9-416a-a239-0ae49676939a",
        "fields": {
            "filial": null,
            "created_at": "2025-05-21T05:20:01.006Z",
            "updated_at": "2025-05-21T05:20:01.006Z",
            "deleted_at": null,
            "user": null,
            "comment": "Mohinur Musayeva ning balance miqdori 0.00 sum, to'lov amalga oshirishi haqida eslating!",
            "come_from": "Mohinur KIMYO  has level  False 0 in NEW_STUDENT stage",
            "is_read": false,
            "has_read": false
        }
    },
    {
        "model": "notifications.notification",
        "pk": "96e158c6-e6f0-460b-ba2b-aa0ae4778c7a",
        "fields": {
            "filial": null,
            "created_at": "2025-04-22T14:23:25.297Z",
            "updated_at": "2025-05-20T17:26:37.857Z",
            "deleted_at": null,
            "user": "0c634ef1-3f99-4acb-9d8d-61c3016ce15b",
            "comment": "I B K J - 18:00-20:00 guruhining yordamchi guruhi yaratildi!",
            "come_from": "I B K J - 18:00-20:00 - MONTHLY",
            "is_read": false,
            "has_read": true
        }
    },
    {
        "model": "notifications.notification",
        "pk": "9f1b7b96-14ec-4e13-b371-8824d317c5f1",
        "fields": {
            "filial": null,
            "created_at": "2025-04-22T13:27:06.665Z",
            "updated_at": "2025-04-22T13:27:06.665Z",
            "deleted_at": null,
            "user": "0d91d137-d528-4184-be38-fc89981d5074",
            "comment": "Guruhlarning to'lov uslubi MONTHLY ga o'zgartirildi !",
            "come_from": "I B K J - 14:00-16:00 - MONTHLY",
            "is_read": false,
            "has_read": false
        }
    },
    {
        "model": "notifications.notification",
        "pk": "b8d05e0b-615b-4a64-9e66-cd63910473a0",
        "fields": {
            "filial": null,
            "created_at": "2025-05-20T12:23:46.241Z",
            "updated_at": "2025-05-20T17:26:37.695Z",
            "deleted_at": null,
            "user": "0c634ef1-3f99-4acb-9d8d-61c3016ce15b",
            "comment": "I B K J -  16:00-18:00 guruhining yordamchi guruhi yaratildi!",
            "come_from": "I B K J -  16:00-18:00 - MONTHLY",
            "is_read": false,
            "has_read": true
        }
    },
    {
        "model": "notifications.notification",
        "pk": "c9cd044b-629a-425b-912e-22c4102801ab",
        "fields": {
            "filial": null,
            "created_at": "2025-04-22T13:28:46.404Z",
            "updated_at": "2025-05-20T17:26:37.871Z",
            "deleted_at": null,
            "user": "0c634ef1-3f99-4acb-9d8d-61c3016ce15b",
            "comment": "I B K J - 14:00-16:00 guruhining yordamchi guruhi yaratildi !",
            "come_from": "I B K J - 14:00-16:00 - MONTHLY",
            "is_read": false,
            "has_read": true
        }
    },
    {
        "model": "notifications.notification",
        "pk": "cca09bd6-154d-45fa-bec2-371f6abbb408",
        "fields": {
            "filial": null,
            "created_at": "2025-04-22T13:27:06.620Z",
            "updated_at": "2025-05-20T17:26:37.947Z",
            "deleted_at": null,
            "user": "0c634ef1-3f99-4acb-9d8d-61c3016ce15b",
            "comment": "I B K J - 14:00-16:00 guruhining yordamchi guruhi yaratildi!",
            "come_from": "I B K J - 14:00-16:00 - MONTHLY",
            "is_read": false,
            "has_read": true
        }
    },
    {
        "model": "notifications.notification",
        "pk": "ce9715c7-7d0a-4693-a8b1-a14d42328348",
        "fields": {
            "filial": null,
            "created_at": "2025-04-22T14:23:30.225Z",
            "updated_at": "2025-05-20T17:26:37.867Z",
            "deleted_at": null,
            "user": "0c634ef1-3f99-4acb-9d8d-61c3016ce15b",
            "comment": "I B K J - 18:00-20:00 guruhining yordamchi guruhi yaratildi !",
            "come_from": "I B K J - 18:00-20:00 - MONTHLY",
            "is_read": false,
            "has_read": true
        }
    },
    {
        "model": "notifications.notification",
        "pk": "d2ac2cb7-7dde-4eac-8878-c514e871935d",
        "fields": {
            "filial": null,
            "created_at": "2025-05-21T04:21:46.681Z",
            "updated_at": "2025-05-21T04:21:46.681Z",
            "deleted_at": null,
            "user": "8f648e4e-beb1-4f59-990f-a04408c6a078",
            "comment": "Sadriddin Ravshanov ning balance miqdori 0.00 sum, to'lov amalga oshirishi haqida eslating!",
            "come_from": "Sadriddin TURK TILI  has level  True 75 in NEW_STUDENT stage",
            "is_read": false,
            "has_read": false
        }
    },
    {
        "model": "notifications.notification",
        "pk": "dd647eda-4c5d-45b7-9087-c54609fa6d69",
        "fields": {
            "filial": null,
            "created_at": "2025-04-22T14:22:11.594Z",
            "updated_at": "2025-05-20T17:26:37.866Z",
            "deleted_at": null,
            "user": "0c634ef1-3f99-4acb-9d8d-61c3016ce15b",
            "comment": "I B K T 14:00-16:00 guruhining yordamchi guruhi yaratildi!",
            "come_from": "I B K T 14:00-16:00 - MONTHLY",
            "is_read": false,
            "has_read": true
        }
    },
    {
        "model": "notifications.notification",
        "pk": "e0528e57-2c36-4a54-af58-cdd5fb9938d1",
        "fields": {
            "filial": null,
            "created_at": "2025-05-21T05:20:00.978Z",
            "updated_at": "2025-05-21T05:20:00.979Z",
            "deleted_at": null,
            "user": null,
            "comment": "Muyassar Mominova ning balance miqdori 0.00 sum, to'lov amalga oshirishi haqida eslating!",
            "come_from": "Muyassar KIMYO  has level  False 0 in NEW_STUDENT stage",
            "is_read": false,
            "has_read": false
        }
    },
    {
        "model": "notifications.notification",
        "pk": "e9a6faed-6495-47b0-bc6e-fb6118fadacd",
        "fields": {
            "filial": null,
            "created_at": "2025-05-20T12:23:46.191Z",
            "updated_at": "2025-05-20T17:26:37.686Z",
            "deleted_at": null,
            "user": "0c634ef1-3f99-4acb-9d8d-61c3016ce15b",
            "comment": "I B K J - 18:00-20:00 guruhining yordamchi guruhi yaratildi!",
            "come_from": "I B K J - 18:00-20:00 - MONTHLY",
            "is_read": false,
            "has_read": true
        }
    },
    {
        "model": "notifications.notification",
        "pk": "e9c2ad9a-24df-4379-bca6-dc6706ff5438",
        "fields": {
            "filial": null,
            "created_at": "2025-04-22T14:22:19.281Z",
            "updated_at": "2025-05-20T17:26:37.894Z",
            "deleted_at": null,
            "user": "0c634ef1-3f99-4acb-9d8d-61c3016ce15b",
            "comment": "I B K T 14:00-16:00 guruhining yordamchi guruhi yaratildi !",
            "come_from": "I B K T 14:00-16:00 - MONTHLY",
            "is_read": false,
            "has_read": true
        }
    },
    {
        "model": "notifications.notification",
        "pk": "ec617c67-9647-4592-9b0e-6eaa8e8ca30f",
        "fields": {
            "filial": null,
            "created_at": "2025-05-20T12:23:46.196Z",
            "updated_at": "2025-05-20T12:23:46.196Z",
            "deleted_at": null,
            "user": "1ef440ce-82b8-49d5-bf5d-c74604e64530",
            "comment": "Guruhlarning to'lov uslubi Oylik ga o'zgartirildi !",
            "come_from": "I B K J - 18:00-20:00 - MONTHLY",
            "is_read": false,
            "has_read": false
        }
    },
    {
        "model": "notifications.notification",
        "pk": "ef0b5eff-c2f1-44ef-ae2f-2ba1170c7e03",
        "fields": {
            "filial": null,
            "created_at": "2025-05-21T05:20:00.892Z",
            "updated_at": "2025-05-21T05:20:00.894Z",
            "deleted_at": null,
            "user": null,
            "comment": "Muzaffarbek Ramazonov ning balance miqdori 0.00 sum, to'lov amalga oshirishi haqida eslating!",
            "come_from": "Muzaffarbek KIMYO  has level  False 0 in NEW_STUDENT stage",
            "is_read": false,
            "has_read": false
        }
    },
    {
        "model": "notifications.notification",
        "pk": "f4f86a5d-7462-4ea9-9e7a-001178100c3c",
        "fields": {
            "filial": null,
            "created_at": "2025-05-20T12:23:46.266Z",
            "updated_at": "2025-05-20T17:26:37.690Z",
            "deleted_at": null,
            "user": "0c634ef1-3f99-4acb-9d8d-61c3016ce15b",
            "comment": "I B K J - 14:00-16:00 guruhining yordamchi guruhi yaratildi!",
            "come_from": "I B K J - 14:00-16:00 - MONTHLY",
            "is_read": false,
            "has_read": true
        }
    },
    {
        "model": "notifications.notification",
        "pk": "facb6fec-da97-451a-8509-11282106b4d8",
        "fields": {
            "filial": null,
            "created_at": "2025-04-22T13:27:06.657Z",
            "updated_at": "2025-04-22T13:27:06.658Z",
            "deleted_at": null,
            "user": "1ef440ce-82b8-49d5-bf5d-c74604e64530",
            "comment": "Guruhlarning to'lov uslubi MONTHLY ga o'zgartirildi !",
            "come_from": "I B K J - 14:00-16:00 - MONTHLY",
            "is_read": false,
            "has_read": false
        }
    },
    {
        "model": "new_lid.lid",
        "pk": "03668d21-75ab-4b33-9355-79d1a298f8e2",
        "fields": {
            "created_at": "2025-04-22T15:03:31.681Z",
            "updated_at": "2025-05-20T12:23:46.454Z",
            "deleted_at": null,
            "sender_id": null,
            "message_text": null,
            "photo": null,
            "first_name": "Shahnoza",
            "last_name": "Qalandarova",
            "middle_name": "a",
            "phone_number": "+998935618986",
            "date_of_birth": "2025-04-01",
            "extra_number": null,
            "education_lang": "UZB",
            "student_type": "student",
            "edu_class": "SCHOOL",
            "edu_level": "10",
            "subject": "c147b7fa-4eb5-4880-88e2-fb8e0f7d2328",
            "ball": 0,
            "filial": 1,
            "marketing_channel": "680797ce-57ed-44dd-8f9a-795ec2fd54ba",
            "lid_stage_type": "ORDERED_LID",
            "lid_stages": "YANGI_LEAD",
            "is_expired": false,
            "ordered_stages": "BIRINCHI_DARS_BELGILANGAN",
            "is_archived": false,
            "is_dubl": false,
            "is_frozen": false,
            "call_operator": null,
            "is_student": false,
            "service_manager": "b4e679f8-aa06-4b39-b248-a2fc4b2fa93a",
            "sales_manager": "59bc1408-3a4d-4200-ba53-dc7fe027dd88",
            "ordered_date": "2025-04-22T15:03:31.716Z",
            "student": null,
            "balance": "0.00",
            "file": []
        }
    },
    {
        "model": "new_lid.lid",
        "pk": "1e8176d6-9df9-4fa7-8c77-cf4d86abacbc",
        "fields": {
            "created_at": "2025-04-22T15:06:22.269Z",
            "updated_at": "2025-05-20T16:19:15.116Z",
            "deleted_at": null,
            "sender_id": null,
            "message_text": null,
            "photo": null,
            "first_name": "Zuhra",
            "last_name": "Musinboyeva",
            "middle_name": "a",
            "phone_number": "+998997077676",
            "date_of_birth": "2025-04-02",
            "extra_number": null,
            "education_lang": "UZB",
            "student_type": "student",
            "edu_class": "SCHOOL",
            "edu_level": "10",
            "subject": "c147b7fa-4eb5-4880-88e2-fb8e0f7d2328",
            "ball": 0,
            "filial": 1,
            "marketing_channel": "680797ce-57ed-44dd-8f9a-795ec2fd54ba",
            "lid_stage_type": "ORDERED_LID",
            "lid_stages": "YANGI_LEAD",
            "is_expired": false,
            "ordered_stages": "BIRINCHI_DARS_BELGILANGAN",
            "is_archived": true,
            "is_dubl": false,
            "is_frozen": false,
            "call_operator": null,
            "is_student": true,
            "service_manager": "b4e679f8-aa06-4b39-b248-a2fc4b2fa93a",
            "sales_manager": "59bc1408-3a4d-4200-ba53-dc7fe027dd88",
            "ordered_date": "2025-04-22T15:06:22.294Z",
            "student": null,
            "balance": "0.00",
            "file": []
        }
    },
    {
        "model": "new_lid.lid",
        "pk": "3785d02e-d5aa-434a-936f-aa4e42169ff4",
        "fields": {
            "created_at": "2025-04-22T14:29:55.690Z",
            "updated_at": "2025-05-20T12:23:46.326Z",
            "deleted_at": null,
            "sender_id": null,
            "message_text": null,
            "photo": null,
            "first_name": "Sunatillo",
            "last_name": "Nabiyev",
            "middle_name": "a",
            "phone_number": "+998908151511",
            "date_of_birth": "2025-04-01",
            "extra_number": null,
            "education_lang": "UZB",
            "student_type": "student",
            "edu_class": "SCHOOL",
            "edu_level": "10",
            "subject": "c147b7fa-4eb5-4880-88e2-fb8e0f7d2328",
            "ball": 0,
            "filial": 1,
            "marketing_channel": "680797ce-57ed-44dd-8f9a-795ec2fd54ba",
            "lid_stage_type": "ORDERED_LID",
            "lid_stages": "YANGI_LEAD",
            "is_expired": false,
            "ordered_stages": "BIRINCHI_DARS_BELGILANGAN",
            "is_archived": false,
            "is_dubl": false,
            "is_frozen": false,
            "call_operator": null,
            "is_student": false,
            "service_manager": "b4e679f8-aa06-4b39-b248-a2fc4b2fa93a",
            "sales_manager": "59bc1408-3a4d-4200-ba53-dc7fe027dd88",
            "ordered_date": "2025-04-22T14:29:55.713Z",
            "student": null,
            "balance": "0.00",
            "file": []
        }
    },
    {
        "model": "new_lid.lid",
        "pk": "3c671aa8-ec9f-4afb-a616-e7a8eca5da96",
        "fields": {
            "created_at": "2025-04-22T14:25:15.780Z",
            "updated_at": "2025-05-20T12:23:46.444Z",
            "deleted_at": null,
            "sender_id": null,
            "message_text": null,
            "photo": null,
            "first_name": "Dilnura",
            "last_name": "Jo`raqulova",
            "middle_name": "a",
            "phone_number": "+998936318281",
            "date_of_birth": "2025-04-01",
            "extra_number": null,
            "education_lang": "UZB",
            "student_type": "student",
            "edu_class": "SCHOOL",
            "edu_level": "10",
            "subject": "c147b7fa-4eb5-4880-88e2-fb8e0f7d2328",
            "ball": 0,
            "filial": 1,
            "marketing_channel": "680797ce-57ed-44dd-8f9a-795ec2fd54ba",
            "lid_stage_type": "ORDERED_LID",
            "lid_stages": "YANGI_LEAD",
            "is_expired": false,
            "ordered_stages": "BIRINCHI_DARS_BELGILANGAN",
            "is_archived": false,
            "is_dubl": false,
            "is_frozen": false,
            "call_operator": null,
            "is_student": false,
            "service_manager": "b4e679f8-aa06-4b39-b248-a2fc4b2fa93a",
            "sales_manager": "59bc1408-3a4d-4200-ba53-dc7fe027dd88",
            "ordered_date": "2025-04-22T14:25:15.792Z",
            "student": null,
            "balance": "0.00",
            "file": []
        }
    },
    {
        "model": "new_lid.lid",
        "pk": "52aa599f-2eb2-4528-bdc5-0383c08a58c1",
        "fields": {
            "created_at": "2025-04-22T15:07:32.762Z",
            "updated_at": "2025-05-20T12:23:46.368Z",
            "deleted_at": null,
            "sender_id": null,
            "message_text": null,
            "photo": null,
            "first_name": "Aziza",
            "last_name": "Umarjonova",
            "middle_name": "a",
            "phone_number": "+998977253632",
            "date_of_birth": "2025-04-01",
            "extra_number": null,
            "education_lang": "UZB",
            "student_type": "student",
            "edu_class": "SCHOOL",
            "edu_level": "10",
            "subject": "c147b7fa-4eb5-4880-88e2-fb8e0f7d2328",
            "ball": 0,
            "filial": 1,
            "marketing_channel": "680797ce-57ed-44dd-8f9a-795ec2fd54ba",
            "lid_stage_type": "ORDERED_LID",
            "lid_stages": "YANGI_LEAD",
            "is_expired": false,
            "ordered_stages": "BIRINCHI_DARS_BELGILANGAN",
            "is_archived": false,
            "is_dubl": false,
            "is_frozen": false,
            "call_operator": null,
            "is_student": false,
            "service_manager": "b4e679f8-aa06-4b39-b248-a2fc4b2fa93a",
            "sales_manager": "59bc1408-3a4d-4200-ba53-dc7fe027dd88",
            "ordered_date": "2025-04-22T15:07:32.783Z",
            "student": null,
            "balance": "0.00",
            "file": []
        }
    },
    {
        "model": "new_lid.lid",
        "pk": "5a241da2-50d7-4366-a62a-90b0f235ca94",
        "fields": {
            "created_at": "2025-04-22T14:56:52.527Z",
            "updated_at": "2025-05-21T05:20:01.122Z",
            "deleted_at": null,
            "sender_id": null,
            "message_text": null,
            "photo": null,
            "first_name": "Abduraxmon",
            "last_name": "Mametov",
            "middle_name": "a",
            "phone_number": "+998935031999",
            "date_of_birth": "2025-04-01",
            "extra_number": null,
            "education_lang": "UZB",
            "student_type": "student",
            "edu_class": "SCHOOL",
            "edu_level": "10",
            "subject": "c147b7fa-4eb5-4880-88e2-fb8e0f7d2328",
            "ball": 0,
            "filial": 1,
            "marketing_channel": "680797ce-57ed-44dd-8f9a-795ec2fd54ba",
            "lid_stage_type": "ORDERED_LID",
            "lid_stages": "YANGI_LEAD",
            "is_expired": false,
            "ordered_stages": "BIRINCHI_DARS_BELGILANGAN",
            "is_archived": true,
            "is_dubl": false,
            "is_frozen": false,
            "call_operator": null,
            "is_student": true,
            "service_manager": "b4e679f8-aa06-4b39-b248-a2fc4b2fa93a",
            "sales_manager": "59bc1408-3a4d-4200-ba53-dc7fe027dd88",
            "ordered_date": "2025-04-22T14:56:52.547Z",
            "student": null,
            "balance": "0.00",
            "file": []
        }
    },
    {
        "model": "new_lid.lid",
        "pk": "5b6bb083-17e2-4155-bb00-4fd54fba42c8",
        "fields": {
            "created_at": "2025-04-22T14:27:32.025Z",
            "updated_at": "2025-05-20T12:23:46.421Z",
            "deleted_at": null,
            "sender_id": null,
            "message_text": null,
            "photo": null,
            "first_name": "Mohichexra",
            "last_name": "Anvarova",
            "middle_name": "a",
            "phone_number": "+998503014556",
            "date_of_birth": "2025-04-01",
            "extra_number": null,
            "education_lang": "UZB",
            "student_type": "student",
            "edu_class": "SCHOOL",
            "edu_level": "10",
            "subject": "c147b7fa-4eb5-4880-88e2-fb8e0f7d2328",
            "ball": 0,
            "filial": 1,
            "marketing_channel": "680797ce-57ed-44dd-8f9a-795ec2fd54ba",
            "lid_stage_type": "ORDERED_LID",
            "lid_stages": "YANGI_LEAD",
            "is_expired": false,
            "ordered_stages": "BIRINCHI_DARS_BELGILANGAN",
            "is_archived": false,
            "is_dubl": false,
            "is_frozen": false,
            "call_operator": null,
            "is_student": false,
            "service_manager": "b4e679f8-aa06-4b39-b248-a2fc4b2fa93a",
            "sales_manager": "59bc1408-3a4d-4200-ba53-dc7fe027dd88",
            "ordered_date": "2025-04-22T14:27:32.049Z",
            "student": null,
            "balance": "0.00",
            "file": []
        }
    },
    {
        "model": "new_lid.lid",
        "pk": "5cf72319-d3db-4f85-be8d-579c3a455ea1",
        "fields": {
            "created_at": "2025-04-22T14:55:48.775Z",
            "updated_at": "2025-05-21T05:20:01.020Z",
            "deleted_at": null,
            "sender_id": null,
            "message_text": null,
            "photo": null,
            "first_name": "Muyassar",
            "last_name": "Mominova",
            "middle_name": "aa",
            "phone_number": "+998901207714",
            "date_of_birth": "2025-04-01",
            "extra_number": null,
            "education_lang": "UZB",
            "student_type": "student",
            "edu_class": "SCHOOL",
            "edu_level": "10",
            "subject": "c147b7fa-4eb5-4880-88e2-fb8e0f7d2328",
            "ball": 0,
            "filial": 1,
            "marketing_channel": "680797ce-57ed-44dd-8f9a-795ec2fd54ba",
            "lid_stage_type": "ORDERED_LID",
            "lid_stages": "YANGI_LEAD",
            "is_expired": false,
            "ordered_stages": "BIRINCHI_DARS_BELGILANGAN",
            "is_archived": true,
            "is_dubl": false,
            "is_frozen": false,
            "call_operator": null,
            "is_student": true,
            "service_manager": "b4e679f8-aa06-4b39-b248-a2fc4b2fa93a",
            "sales_manager": "59bc1408-3a4d-4200-ba53-dc7fe027dd88",
            "ordered_date": "2025-04-22T14:55:48.792Z",
            "student": null,
            "balance": "0.00",
            "file": []
        }
    },
    {
        "model": "new_lid.lid",
        "pk": "5e1cc0ab-71a9-4ac9-9f93-1a6eefad8e54",
        "fields": {
            "created_at": "2025-04-22T15:05:25.114Z",
            "updated_at": "2025-05-20T16:19:14.395Z",
            "deleted_at": null,
            "sender_id": null,
            "message_text": null,
            "photo": null,
            "first_name": "Dilnura",
            "last_name": "Ravilova",
            "middle_name": "a",
            "phone_number": "+998900343517",
            "date_of_birth": "2025-04-01",
            "extra_number": null,
            "education_lang": "UZB",
            "student_type": "student",
            "edu_class": "SCHOOL",
            "edu_level": "10",
            "subject": "c147b7fa-4eb5-4880-88e2-fb8e0f7d2328",
            "ball": 0,
            "filial": 1,
            "marketing_channel": "680797ce-57ed-44dd-8f9a-795ec2fd54ba",
            "lid_stage_type": "ORDERED_LID",
            "lid_stages": "YANGI_LEAD",
            "is_expired": false,
            "ordered_stages": "BIRINCHI_DARS_BELGILANGAN",
            "is_archived": true,
            "is_dubl": false,
            "is_frozen": false,
            "call_operator": null,
            "is_student": true,
            "service_manager": "b4e679f8-aa06-4b39-b248-a2fc4b2fa93a",
            "sales_manager": "59bc1408-3a4d-4200-ba53-dc7fe027dd88",
            "ordered_date": "2025-04-22T15:05:25.135Z",
            "student": null,
            "balance": "0.00",
            "file": []
        }
    },
    {
        "model": "new_lid.lid",
        "pk": "5e5cc539-164d-4541-a7df-635b0d46efba",
        "fields": {
            "created_at": "2025-04-22T15:03:57.616Z",
            "updated_at": "2025-05-20T12:23:46.464Z",
            "deleted_at": null,
            "sender_id": null,
            "message_text": null,
            "photo": null,
            "first_name": "Abdusalom",
            "last_name": "Shermuhammedov",
            "middle_name": "a",
            "phone_number": "+998973337250",
            "date_of_birth": "2025-04-01",
            "extra_number": null,
            "education_lang": "UZB",
            "student_type": "student",
            "edu_class": "SCHOOL",
            "edu_level": "10",
            "subject": "c147b7fa-4eb5-4880-88e2-fb8e0f7d2328",
            "ball": 0,
            "filial": 1,
            "marketing_channel": "680797ce-57ed-44dd-8f9a-795ec2fd54ba",
            "lid_stage_type": "ORDERED_LID",
            "lid_stages": "YANGI_LEAD",
            "is_expired": false,
            "ordered_stages": "BIRINCHI_DARS_BELGILANGAN",
            "is_archived": false,
            "is_dubl": false,
            "is_frozen": false,
            "call_operator": null,
            "is_student": false,
            "service_manager": "b4e679f8-aa06-4b39-b248-a2fc4b2fa93a",
            "sales_manager": "59bc1408-3a4d-4200-ba53-dc7fe027dd88",
            "ordered_date": "2025-04-22T15:03:57.637Z",
            "student": null,
            "balance": "0.00",
            "file": []
        }
    },
    {
        "model": "new_lid.lid",
        "pk": "6700a663-93f5-48d8-8f94-d5ea10d8c00f",
        "fields": {
            "created_at": "2025-04-22T14:30:38.023Z",
            "updated_at": "2025-05-20T12:23:46.303Z",
            "deleted_at": null,
            "sender_id": null,
            "message_text": null,
            "photo": null,
            "first_name": "Munisa",
            "last_name": "Sadullayeva",
            "middle_name": "",
            "phone_number": "+998903295090",
            "date_of_birth": "2025-04-01",
            "extra_number": null,
            "education_lang": "UZB",
            "student_type": "student",
            "edu_class": "SCHOOL",
            "edu_level": "10",
            "subject": "c147b7fa-4eb5-4880-88e2-fb8e0f7d2328",
            "ball": 0,
            "filial": 1,
            "marketing_channel": "680797ce-57ed-44dd-8f9a-795ec2fd54ba",
            "lid_stage_type": "ORDERED_LID",
            "lid_stages": "YANGI_LEAD",
            "is_expired": false,
            "ordered_stages": "BIRINCHI_DARS_BELGILANGAN",
            "is_archived": false,
            "is_dubl": false,
            "is_frozen": false,
            "call_operator": null,
            "is_student": false,
            "service_manager": "b4e679f8-aa06-4b39-b248-a2fc4b2fa93a",
            "sales_manager": "59bc1408-3a4d-4200-ba53-dc7fe027dd88",
            "ordered_date": "2025-04-22T14:30:38.046Z",
            "student": null,
            "balance": "0.00",
            "file": []
        }
    },
    {
        "model": "new_lid.lid",
        "pk": "6e15c9c1-7d46-4d58-87c9-fa56cc66652e",
        "fields": {
            "created_at": "2025-04-22T14:31:23.273Z",
            "updated_at": "2025-05-20T12:23:46.540Z",
            "deleted_at": null,
            "sender_id": null,
            "message_text": null,
            "photo": null,
            "first_name": "Sora",
            "last_name": "Baxromova",
            "middle_name": "a",
            "phone_number": "+998998174559",
            "date_of_birth": "2025-04-01",
            "extra_number": null,
            "education_lang": "UZB",
            "student_type": "student",
            "edu_class": "SCHOOL",
            "edu_level": "10",
            "subject": "c147b7fa-4eb5-4880-88e2-fb8e0f7d2328",
            "ball": 0,
            "filial": 1,
            "marketing_channel": "680797ce-57ed-44dd-8f9a-795ec2fd54ba",
            "lid_stage_type": "ORDERED_LID",
            "lid_stages": "YANGI_LEAD",
            "is_expired": false,
            "ordered_stages": "BIRINCHI_DARS_BELGILANGAN",
            "is_archived": false,
            "is_dubl": false,
            "is_frozen": false,
            "call_operator": null,
            "is_student": false,
            "service_manager": "b4e679f8-aa06-4b39-b248-a2fc4b2fa93a",
            "sales_manager": "59bc1408-3a4d-4200-ba53-dc7fe027dd88",
            "ordered_date": "2025-04-22T14:31:23.294Z",
            "student": null,
            "balance": "0.00",
            "file": []
        }
    },
    {
        "model": "new_lid.lid",
        "pk": "737a70c4-866d-4e33-8857-cdb47bced096",
        "fields": {
            "created_at": "2025-04-22T14:28:02.065Z",
            "updated_at": "2025-05-20T12:23:46.379Z",
            "deleted_at": null,
            "sender_id": null,
            "message_text": null,
            "photo": null,
            "first_name": "Sadoqat",
            "last_name": "Abdumalikova",
            "middle_name": "a",
            "phone_number": "+998946585677",
            "date_of_birth": "2025-04-01",
            "extra_number": null,
            "education_lang": "UZB",
            "student_type": "student",
            "edu_class": "SCHOOL",
            "edu_level": "10",
            "subject": null,
            "ball": 0,
            "filial": 1,
            "marketing_channel": "680797ce-57ed-44dd-8f9a-795ec2fd54ba",
            "lid_stage_type": "ORDERED_LID",
            "lid_stages": "YANGI_LEAD",
            "is_expired": false,
            "ordered_stages": "BIRINCHI_DARS_BELGILANGAN",
            "is_archived": false,
            "is_dubl": false,
            "is_frozen": false,
            "call_operator": null,
            "is_student": false,
            "service_manager": "b4e679f8-aa06-4b39-b248-a2fc4b2fa93a",
            "sales_manager": "59bc1408-3a4d-4200-ba53-dc7fe027dd88",
            "ordered_date": "2025-04-22T14:28:02.090Z",
            "student": null,
            "balance": "0.00",
            "file": []
        }
    },
    {
        "model": "new_lid.lid",
        "pk": "73caa115-b212-4f4e-8496-1f7ac9e791ba",
        "fields": {
            "created_at": "2025-04-22T15:03:05.670Z",
            "updated_at": "2025-05-20T12:23:46.410Z",
            "deleted_at": null,
            "sender_id": null,
            "message_text": null,
            "photo": null,
            "first_name": "Ilhom",
            "last_name": "Ergashev",
            "middle_name": "a",
            "phone_number": "+998930378447",
            "date_of_birth": "2025-04-01",
            "extra_number": null,
            "education_lang": "UZB",
            "student_type": "student",
            "edu_class": "SCHOOL",
            "edu_level": "10",
            "subject": "c147b7fa-4eb5-4880-88e2-fb8e0f7d2328",
            "ball": 0,
            "filial": 1,
            "marketing_channel": "680797ce-57ed-44dd-8f9a-795ec2fd54ba",
            "lid_stage_type": "ORDERED_LID",
            "lid_stages": "YANGI_LEAD",
            "is_expired": false,
            "ordered_stages": "BIRINCHI_DARS_BELGILANGAN",
            "is_archived": false,
            "is_dubl": false,
            "is_frozen": false,
            "call_operator": null,
            "is_student": false,
            "service_manager": "b4e679f8-aa06-4b39-b248-a2fc4b2fa93a",
            "sales_manager": "59bc1408-3a4d-4200-ba53-dc7fe027dd88",
            "ordered_date": "2025-04-22T15:03:05.699Z",
            "student": null,
            "balance": "0.00",
            "file": []
        }
    },
    {
        "model": "new_lid.lid",
        "pk": "74c8cc86-4941-42a0-887f-90acfa898c00",
        "fields": {
            "created_at": "2025-04-22T14:25:49.417Z",
            "updated_at": "2025-05-20T12:29:37.476Z",
            "deleted_at": null,
            "sender_id": null,
            "message_text": null,
            "photo": null,
            "first_name": "Nilufar",
            "last_name": "Teshayeva",
            "middle_name": "a",
            "phone_number": "+998908128290",
            "date_of_birth": "2025-04-01",
            "extra_number": null,
            "education_lang": "UZB",
            "student_type": "student",
            "edu_class": "SCHOOL",
            "edu_level": "10",
            "subject": "c147b7fa-4eb5-4880-88e2-fb8e0f7d2328",
            "ball": 0,
            "filial": 1,
            "marketing_channel": "680797ce-57ed-44dd-8f9a-795ec2fd54ba",
            "lid_stage_type": "ORDERED_LID",
            "lid_stages": "YANGI_LEAD",
            "is_expired": false,
            "ordered_stages": "BIRINCHI_DARS_BELGILANGAN",
            "is_archived": true,
            "is_dubl": false,
            "is_frozen": false,
            "call_operator": null,
            "is_student": true,
            "service_manager": "b4e679f8-aa06-4b39-b248-a2fc4b2fa93a",
            "sales_manager": "59bc1408-3a4d-4200-ba53-dc7fe027dd88",
            "ordered_date": "2025-04-22T14:25:49.436Z",
            "student": null,
            "balance": "0.00",
            "file": []
        }
    },
    {
        "model": "new_lid.lid",
        "pk": "8d364a33-f2f2-4957-b4a5-9d2acb74b1da",
        "fields": {
            "created_at": "2025-04-22T15:11:58.761Z",
            "updated_at": "2025-05-20T12:23:46.551Z",
            "deleted_at": null,
            "sender_id": null,
            "message_text": null,
            "photo": null,
            "first_name": "Sevara opa",
            "last_name": "Otajonova",
            "middle_name": "a",
            "phone_number": "+998931753615",
            "date_of_birth": "2025-04-01",
            "extra_number": null,
            "education_lang": "UZB",
            "student_type": "student",
            "edu_class": "SCHOOL",
            "edu_level": "10",
            "subject": "c147b7fa-4eb5-4880-88e2-fb8e0f7d2328",
            "ball": 0,
            "filial": 1,
            "marketing_channel": "680797ce-57ed-44dd-8f9a-795ec2fd54ba",
            "lid_stage_type": "ORDERED_LID",
            "lid_stages": "YANGI_LEAD",
            "is_expired": false,
            "ordered_stages": "BIRINCHI_DARS_BELGILANGAN",
            "is_archived": false,
            "is_dubl": false,
            "is_frozen": false,
            "call_operator": null,
            "is_student": false,
            "service_manager": "b4e679f8-aa06-4b39-b248-a2fc4b2fa93a",
            "sales_manager": "59bc1408-3a4d-4200-ba53-dc7fe027dd88",
            "ordered_date": "2025-04-22T15:11:58.780Z",
            "student": null,
            "balance": "0.00",
            "file": []
        }
    },
    {
        "model": "new_lid.lid",
        "pk": "9002a218-93f9-4bdd-833c-b9d06bc04402",
        "fields": {
            "created_at": "2025-04-22T14:26:21.874Z",
            "updated_at": "2025-05-20T12:23:46.389Z",
            "deleted_at": null,
            "sender_id": null,
            "message_text": null,
            "photo": null,
            "first_name": "Shaxnoza",
            "last_name": "Tursunboyeva",
            "middle_name": "a",
            "phone_number": "+998909919773",
            "date_of_birth": "2025-04-01",
            "extra_number": null,
            "education_lang": "UZB",
            "student_type": "student",
            "edu_class": "SCHOOL",
            "edu_level": "10",
            "subject": "c147b7fa-4eb5-4880-88e2-fb8e0f7d2328",
            "ball": 0,
            "filial": 1,
            "marketing_channel": "680797ce-57ed-44dd-8f9a-795ec2fd54ba",
            "lid_stage_type": "ORDERED_LID",
            "lid_stages": "YANGI_LEAD",
            "is_expired": false,
            "ordered_stages": "BIRINCHI_DARS_BELGILANGAN",
            "is_archived": false,
            "is_dubl": false,
            "is_frozen": false,
            "call_operator": null,
            "is_student": false,
            "service_manager": "b4e679f8-aa06-4b39-b248-a2fc4b2fa93a",
            "sales_manager": "59bc1408-3a4d-4200-ba53-dc7fe027dd88",
            "ordered_date": "2025-04-22T14:26:21.892Z",
            "student": null,
            "balance": "0.00",
            "file": []
        }
    },
    {
        "model": "new_lid.lid",
        "pk": "90de3b43-8993-4131-81bc-da3b2c8e4e5b",
        "fields": {
            "created_at": "2025-04-22T14:56:20.701Z",
            "updated_at": "2025-05-21T05:20:00.944Z",
            "deleted_at": null,
            "sender_id": null,
            "message_text": null,
            "photo": null,
            "first_name": "Muzaffarbek",
            "last_name": "Ramazonov",
            "middle_name": "a",
            "phone_number": "+998943243456",
            "date_of_birth": "2025-04-01",
            "extra_number": null,
            "education_lang": "UZB",
            "student_type": "student",
            "edu_class": "SCHOOL",
            "edu_level": "10",
            "subject": "c147b7fa-4eb5-4880-88e2-fb8e0f7d2328",
            "ball": 0,
            "filial": 1,
            "marketing_channel": "680797ce-57ed-44dd-8f9a-795ec2fd54ba",
            "lid_stage_type": "ORDERED_LID",
            "lid_stages": "YANGI_LEAD",
            "is_expired": false,
            "ordered_stages": "BIRINCHI_DARS_BELGILANGAN",
            "is_archived": true,
            "is_dubl": false,
            "is_frozen": false,
            "call_operator": null,
            "is_student": true,
            "service_manager": "b4e679f8-aa06-4b39-b248-a2fc4b2fa93a",
            "sales_manager": "59bc1408-3a4d-4200-ba53-dc7fe027dd88",
            "ordered_date": "2025-04-22T14:56:20.719Z",
            "student": null,
            "balance": "0.00",
            "file": []
        }
    },
    {
        "model": "new_lid.lid",
        "pk": "939436ab-14b3-47fc-a18d-9e02a124a421",
        "fields": {
            "created_at": "2025-04-22T14:26:57.975Z",
            "updated_at": "2025-05-20T12:23:46.507Z",
            "deleted_at": null,
            "sender_id": null,
            "message_text": null,
            "photo": null,
            "first_name": "Rozigul",
            "last_name": "Yeseneva",
            "middle_name": "a",
            "phone_number": "+998770193045",
            "date_of_birth": "2025-04-01",
            "extra_number": null,
            "education_lang": "UZB",
            "student_type": "student",
            "edu_class": "SCHOOL",
            "edu_level": "10",
            "subject": "c147b7fa-4eb5-4880-88e2-fb8e0f7d2328",
            "ball": 0,
            "filial": 1,
            "marketing_channel": "680797ce-57ed-44dd-8f9a-795ec2fd54ba",
            "lid_stage_type": "ORDERED_LID",
            "lid_stages": "YANGI_LEAD",
            "is_expired": false,
            "ordered_stages": "BIRINCHI_DARS_BELGILANGAN",
            "is_archived": false,
            "is_dubl": false,
            "is_frozen": false,
            "call_operator": null,
            "is_student": false,
            "service_manager": "b4e679f8-aa06-4b39-b248-a2fc4b2fa93a",
            "sales_manager": "59bc1408-3a4d-4200-ba53-dc7fe027dd88",
            "ordered_date": "2025-04-22T14:26:58.001Z",
            "student": null,
            "balance": "0.00",
            "file": []
        }
    },
    {
        "model": "new_lid.lid",
        "pk": "bcc7a32d-472f-4e2a-aede-5825d0705145",
        "fields": {
            "created_at": "2025-05-21T04:03:09.634Z",
            "updated_at": "2025-05-21T04:21:06.414Z",
            "deleted_at": null,
            "sender_id": null,
            "message_text": "dsfgs",
            "photo": null,
            "first_name": "Sadriddin",
            "last_name": "Ravshanov",
            "middle_name": "Farkhodovich",
            "phone_number": "+998900622206",
            "date_of_birth": "2006-05-10",
            "extra_number": null,
            "education_lang": "UZB",
            "student_type": "student",
            "edu_class": "UNIVERSITY",
            "edu_level": "1",
            "subject": "58711060-c6b3-47bb-966c-f0e24dee08cf",
            "ball": 75,
            "filial": 1,
            "marketing_channel": "19757777-f697-402e-9a16-b0cd30178b3a",
            "lid_stage_type": "ORDERED_LID",
            "lid_stages": null,
            "is_expired": false,
            "ordered_stages": "BIRINCHI_DARS_BELGILANGAN",
            "is_archived": true,
            "is_dubl": false,
            "is_frozen": false,
            "call_operator": "8f648e4e-beb1-4f59-990f-a04408c6a078",
            "is_student": true,
            "service_manager": null,
            "sales_manager": null,
            "ordered_date": "2025-05-21T04:17:40.834Z",
            "student": null,
            "balance": "0.00",
            "file": []
        }
    },
    {
        "model": "new_lid.lid",
        "pk": "d0050f1c-d786-40c1-b59e-83a070b16c89",
        "fields": {
            "created_at": "2025-04-22T14:57:49.810Z",
            "updated_at": "2025-05-21T05:20:01.062Z",
            "deleted_at": null,
            "sender_id": null,
            "message_text": null,
            "photo": null,
            "first_name": "Mohinur",
            "last_name": "Musayeva",
            "middle_name": "a",
            "phone_number": "+998909316616",
            "date_of_birth": "2025-04-01",
            "extra_number": null,
            "education_lang": "UZB",
            "student_type": "student",
            "edu_class": "SCHOOL",
            "edu_level": "10",
            "subject": "c147b7fa-4eb5-4880-88e2-fb8e0f7d2328",
            "ball": 0,
            "filial": 1,
            "marketing_channel": "680797ce-57ed-44dd-8f9a-795ec2fd54ba",
            "lid_stage_type": "ORDERED_LID",
            "lid_stages": "YANGI_LEAD",
            "is_expired": false,
            "ordered_stages": "BIRINCHI_DARS_BELGILANGAN",
            "is_archived": true,
            "is_dubl": false,
            "is_frozen": false,
            "call_operator": null,
            "is_student": true,
            "service_manager": "b4e679f8-aa06-4b39-b248-a2fc4b2fa93a",
            "sales_manager": "59bc1408-3a4d-4200-ba53-dc7fe027dd88",
            "ordered_date": "2025-04-22T14:57:49.826Z",
            "student": null,
            "balance": "0.00",
            "file": []
        }
    },
    {
        "model": "new_lid.lid",
        "pk": "d6d6ad01-c81f-4af0-9420-480de2e6cc21",
        "fields": {
            "created_at": "2025-04-22T15:11:28.514Z",
            "updated_at": "2025-05-20T12:23:46.518Z",
            "deleted_at": null,
            "sender_id": null,
            "message_text": null,
            "photo": null,
            "first_name": "Kumush",
            "last_name": "Mehmonqulova",
            "middle_name": "a",
            "phone_number": "+998948027377",
            "date_of_birth": "2025-04-01",
            "extra_number": null,
            "education_lang": "UZB",
            "student_type": "student",
            "edu_class": "SCHOOL",
            "edu_level": "10",
            "subject": "c147b7fa-4eb5-4880-88e2-fb8e0f7d2328",
            "ball": 0,
            "filial": 1,
            "marketing_channel": "680797ce-57ed-44dd-8f9a-795ec2fd54ba",
            "lid_stage_type": "ORDERED_LID",
            "lid_stages": "YANGI_LEAD",
            "is_expired": false,
            "ordered_stages": "BIRINCHI_DARS_BELGILANGAN",
            "is_archived": false,
            "is_dubl": false,
            "is_frozen": false,
            "call_operator": null,
            "is_student": false,
            "service_manager": "b4e679f8-aa06-4b39-b248-a2fc4b2fa93a",
            "sales_manager": "59bc1408-3a4d-4200-ba53-dc7fe027dd88",
            "ordered_date": "2025-04-22T15:11:28.536Z",
            "student": null,
            "balance": "0.00",
            "file": []
        }
    },
    {
        "model": "new_lid.lid",
        "pk": "d6e9d047-e097-418a-8e24-569b1b0d65e3",
        "fields": {
            "created_at": "2025-04-22T15:04:48.063Z",
            "updated_at": "2025-05-20T12:23:46.337Z",
            "deleted_at": null,
            "sender_id": null,
            "message_text": null,
            "photo": null,
            "first_name": "Abduraxmon",
            "last_name": "Baxtiyorov",
            "middle_name": "a",
            "phone_number": "+998993038159",
            "date_of_birth": "2025-04-01",
            "extra_number": null,
            "education_lang": "UZB",
            "student_type": "student",
            "edu_class": "SCHOOL",
            "edu_level": "10",
            "subject": "c147b7fa-4eb5-4880-88e2-fb8e0f7d2328",
            "ball": 0,
            "filial": 1,
            "marketing_channel": "680797ce-57ed-44dd-8f9a-795ec2fd54ba",
            "lid_stage_type": "ORDERED_LID",
            "lid_stages": "YANGI_LEAD",
            "is_expired": false,
            "ordered_stages": "BIRINCHI_DARS_BELGILANGAN",
            "is_archived": false,
            "is_dubl": false,
            "is_frozen": false,
            "call_operator": null,
            "is_student": false,
            "service_manager": "b4e679f8-aa06-4b39-b248-a2fc4b2fa93a",
            "sales_manager": "59bc1408-3a4d-4200-ba53-dc7fe027dd88",
            "ordered_date": "2025-04-22T15:04:48.095Z",
            "student": null,
            "balance": "0.00",
            "file": []
        }
    },
    {
        "model": "new_lid.lid",
        "pk": "ecaa602d-cc91-40e4-805d-5145780f2d1f",
        "fields": {
            "created_at": "2025-04-22T15:04:23.511Z",
            "updated_at": "2025-05-20T12:23:46.347Z",
            "deleted_at": null,
            "sender_id": null,
            "message_text": null,
            "photo": null,
            "first_name": "Dilrabo",
            "last_name": "To`rayeva",
            "middle_name": "a",
            "phone_number": "+998912399545",
            "date_of_birth": "2025-04-01",
            "extra_number": null,
            "education_lang": "UZB",
            "student_type": "student",
            "edu_class": "SCHOOL",
            "edu_level": "10",
            "subject": "c147b7fa-4eb5-4880-88e2-fb8e0f7d2328",
            "ball": 0,
            "filial": 1,
            "marketing_channel": "680797ce-57ed-44dd-8f9a-795ec2fd54ba",
            "lid_stage_type": "ORDERED_LID",
            "lid_stages": "YANGI_LEAD",
            "is_expired": false,
            "ordered_stages": "BIRINCHI_DARS_BELGILANGAN",
            "is_archived": false,
            "is_dubl": false,
            "is_frozen": false,
            "call_operator": null,
            "is_student": false,
            "service_manager": "b4e679f8-aa06-4b39-b248-a2fc4b2fa93a",
            "sales_manager": "59bc1408-3a4d-4200-ba53-dc7fe027dd88",
            "ordered_date": "2025-04-22T15:04:23.535Z",
            "student": null,
            "balance": "0.00",
            "file": []
        }
    },
    {
        "model": "new_lid.lid",
        "pk": "efeed4b9-e50a-48d3-bbbc-aa083b9f64c9",
        "fields": {
            "created_at": "2025-04-22T14:55:09.602Z",
            "updated_at": "2025-05-21T05:20:00.930Z",
            "deleted_at": null,
            "sender_id": null,
            "message_text": null,
            "photo": null,
            "first_name": "Nasiba",
            "last_name": "Murodxojayeva",
            "middle_name": "aa",
            "phone_number": "+998917705655",
            "date_of_birth": "2025-04-01",
            "extra_number": null,
            "education_lang": "UZB",
            "student_type": "student",
            "edu_class": "SCHOOL",
            "edu_level": "10",
            "subject": "c147b7fa-4eb5-4880-88e2-fb8e0f7d2328",
            "ball": 0,
            "filial": 1,
            "marketing_channel": "680797ce-57ed-44dd-8f9a-795ec2fd54ba",
            "lid_stage_type": "ORDERED_LID",
            "lid_stages": "YANGI_LEAD",
            "is_expired": false,
            "ordered_stages": "BIRINCHI_DARS_BELGILANGAN",
            "is_archived": true,
            "is_dubl": false,
            "is_frozen": false,
            "call_operator": null,
            "is_student": true,
            "service_manager": "b4e679f8-aa06-4b39-b248-a2fc4b2fa93a",
            "sales_manager": "59bc1408-3a4d-4200-ba53-dc7fe027dd88",
            "ordered_date": "2025-04-22T14:55:09.623Z",
            "student": null,
            "balance": "0.00",
            "file": []
        }
    },
    {
        "model": "new_lid.lid",
        "pk": "f4f1839e-d32b-44d1-8eda-855c6d68fb63",
        "fields": {
            "created_at": "2025-04-22T14:28:34.057Z",
            "updated_at": "2025-05-20T12:23:46.496Z",
            "deleted_at": null,
            "sender_id": null,
            "message_text": null,
            "photo": null,
            "first_name": "Muslima",
            "last_name": "Nabiyeva",
            "middle_name": "a",
            "phone_number": "+998908151511",
            "date_of_birth": "2025-04-01",
            "extra_number": null,
            "education_lang": "UZB",
            "student_type": "student",
            "edu_class": "SCHOOL",
            "edu_level": "10",
            "subject": "c147b7fa-4eb5-4880-88e2-fb8e0f7d2328",
            "ball": 0,
            "filial": 1,
            "marketing_channel": "680797ce-57ed-44dd-8f9a-795ec2fd54ba",
            "lid_stage_type": "ORDERED_LID",
            "lid_stages": "YANGI_LEAD",
            "is_expired": false,
            "ordered_stages": "BIRINCHI_DARS_BELGILANGAN",
            "is_archived": false,
            "is_dubl": false,
            "is_frozen": false,
            "call_operator": null,
            "is_student": false,
            "service_manager": "b4e679f8-aa06-4b39-b248-a2fc4b2fa93a",
            "sales_manager": "59bc1408-3a4d-4200-ba53-dc7fe027dd88",
            "ordered_date": "2025-04-22T14:28:34.074Z",
            "student": null,
            "balance": "0.00",
            "file": []
        }
    },
    {
        "model": "student.student",
        "pk": "1666dcfc-cbd8-4bfa-a0af-88661676d31d",
        "fields": {
            "created_at": "2025-05-21T05:19:57.107Z",
            "updated_at": "2025-05-21T05:19:57.107Z",
            "deleted_at": null,
            "user": "9aec9e28-6e91-476d-81a9-4e212961e2b7",
            "photo": null,
            "first_name": "Muyassar",
            "last_name": "Mominova",
            "middle_name": "aa",
            "phone": "+998901207714",
            "date_of_birth": "2025-04-01",
            "password": "1234",
            "education_lang": "UZB",
            "student_type": "student",
            "edu_class": "SCHOOL",
            "edu_level": "10",
            "subject": "c147b7fa-4eb5-4880-88e2-fb8e0f7d2328",
            "ball": 0,
            "filial": 1,
            "marketing_channel": "680797ce-57ed-44dd-8f9a-795ec2fd54ba",
            "student_stage_type": "NEW_STUDENT",
            "new_student_stages": null,
            "balance": "0.00",
            "balance_status": "INACTIVE",
            "service_manager": "b4e679f8-aa06-4b39-b248-a2fc4b2fa93a",
            "sales_manager": "59bc1408-3a4d-4200-ba53-dc7fe027dd88",
            "is_archived": false,
            "is_frozen": false,
            "call_operator": null,
            "new_student_date": "2025-05-21T05:19:57.099Z",
            "active_date": null,
            "coins": "0.00",
            "points": "0.00",
            "file": []
        }
    },
    {
        "model": "student.student",
        "pk": "167655a3-08ef-4b4c-b2e7-23ffe0a2d9ad",
        "fields": {
            "created_at": "2025-05-21T04:21:05.650Z",
            "updated_at": "2025-05-21T04:22:53.349Z",
            "deleted_at": null,
            "user": "06652d35-2df3-4607-8b54-56035bba9ef1",
            "photo": null,
            "first_name": "Sadriddin",
            "last_name": "Ravshanov",
            "middle_name": "Farkhodovich",
            "phone": "+998900622206",
            "date_of_birth": "2006-05-10",
            "password": "1234",
            "education_lang": "UZB",
            "student_type": "student",
            "edu_class": "UNIVERSITY",
            "edu_level": "1",
            "subject": "58711060-c6b3-47bb-966c-f0e24dee08cf",
            "ball": 75,
            "filial": 1,
            "marketing_channel": "19757777-f697-402e-9a16-b0cd30178b3a",
            "student_stage_type": "ACTIVE_STUDENT",
            "new_student_stages": null,
            "balance": "1000000.00",
            "balance_status": "ACTIVE",
            "service_manager": "b4e679f8-aa06-4b39-b248-a2fc4b2fa93a",
            "sales_manager": "59bc1408-3a4d-4200-ba53-dc7fe027dd88",
            "is_archived": false,
            "is_frozen": false,
            "call_operator": "8f648e4e-beb1-4f59-990f-a04408c6a078",
            "new_student_date": "2025-05-21T04:21:05.647Z",
            "active_date": "2025-05-21T04:22:53.350Z",
            "coins": "0.00",
            "points": "0.00",
            "file": []
        }
    },
    {
        "model": "student.student",
        "pk": "23873fa2-14f4-4dcd-be7b-f20fc4088934",
        "fields": {
            "created_at": "2025-05-21T05:19:57.109Z",
            "updated_at": "2025-05-21T05:19:57.109Z",
            "deleted_at": null,
            "user": "65e12b3e-9a0c-4813-929e-25b4b64443b7",
            "photo": null,
            "first_name": "Nasiba",
            "last_name": "Murodxojayeva",
            "middle_name": "aa",
            "phone": "+998917705655",
            "date_of_birth": "2025-04-01",
            "password": "1234",
            "education_lang": "UZB",
            "student_type": "student",
            "edu_class": "SCHOOL",
            "edu_level": "10",
            "subject": "c147b7fa-4eb5-4880-88e2-fb8e0f7d2328",
            "ball": 0,
            "filial": 1,
            "marketing_channel": "680797ce-57ed-44dd-8f9a-795ec2fd54ba",
            "student_stage_type": "NEW_STUDENT",
            "new_student_stages": null,
            "balance": "0.00",
            "balance_status": "INACTIVE",
            "service_manager": "b4e679f8-aa06-4b39-b248-a2fc4b2fa93a",
            "sales_manager": "59bc1408-3a4d-4200-ba53-dc7fe027dd88",
            "is_archived": false,
            "is_frozen": false,
            "call_operator": null,
            "new_student_date": "2025-05-21T05:19:57.095Z",
            "active_date": null,
            "coins": "0.00",
            "points": "0.00",
            "file": []
        }
    },
    {
        "model": "student.student",
        "pk": "23d61ecf-c82d-4188-8e8c-c4004075b916",
        "fields": {
            "created_at": "2025-05-20T12:29:36.736Z",
            "updated_at": "2025-05-20T12:29:36.736Z",
            "deleted_at": null,
            "user": "b2f13499-7bca-467e-ae2f-abbec4c83974",
            "photo": null,
            "first_name": "Nilufar",
            "last_name": "Teshayeva",
            "middle_name": "a",
            "phone": "+998908128290",
            "date_of_birth": "2025-04-01",
            "password": "1234",
            "education_lang": "UZB",
            "student_type": "student",
            "edu_class": "SCHOOL",
            "edu_level": "10",
            "subject": "c147b7fa-4eb5-4880-88e2-fb8e0f7d2328",
            "ball": 0,
            "filial": 1,
            "marketing_channel": "680797ce-57ed-44dd-8f9a-795ec2fd54ba",
            "student_stage_type": "NEW_STUDENT",
            "new_student_stages": null,
            "balance": "0.00",
            "balance_status": "INACTIVE",
            "service_manager": "b4e679f8-aa06-4b39-b248-a2fc4b2fa93a",
            "sales_manager": "59bc1408-3a4d-4200-ba53-dc7fe027dd88",
            "is_archived": false,
            "is_frozen": false,
            "call_operator": null,
            "new_student_date": "2025-05-20T12:29:36.734Z",
            "active_date": null,
            "coins": "0.00",
            "points": "0.00",
            "file": []
        }
    },
    {
        "model": "student.student",
        "pk": "3b08f21e-3655-427e-a7fa-861ef7b430d4",
        "fields": {
            "created_at": "2025-05-20T16:19:13.604Z",
            "updated_at": "2025-05-20T16:19:13.605Z",
            "deleted_at": null,
            "user": "aa7018a2-f0f6-4f4c-8463-935885435326",
            "photo": null,
            "first_name": "Dilnura",
            "last_name": "Ravilova",
            "middle_name": "a",
            "phone": "+998900343517",
            "date_of_birth": "2025-04-01",
            "password": "1234",
            "education_lang": "UZB",
            "student_type": "student",
            "edu_class": "SCHOOL",
            "edu_level": "10",
            "subject": "c147b7fa-4eb5-4880-88e2-fb8e0f7d2328",
            "ball": 0,
            "filial": 1,
            "marketing_channel": "680797ce-57ed-44dd-8f9a-795ec2fd54ba",
            "student_stage_type": "NEW_STUDENT",
            "new_student_stages": null,
            "balance": "0.00",
            "balance_status": "INACTIVE",
            "service_manager": "b4e679f8-aa06-4b39-b248-a2fc4b2fa93a",
            "sales_manager": "59bc1408-3a4d-4200-ba53-dc7fe027dd88",
            "is_archived": false,
            "is_frozen": false,
            "call_operator": null,
            "new_student_date": "2025-05-20T16:19:13.603Z",
            "active_date": null,
            "coins": "0.00",
            "points": "0.00",
            "file": []
        }
    },
    {
        "model": "student.student",
        "pk": "7204d9de-efa0-4922-a013-1baf16f14abf",
        "fields": {
            "created_at": "2025-05-21T05:19:57.105Z",
            "updated_at": "2025-05-21T05:19:57.116Z",
            "deleted_at": null,
            "user": "c887011c-36e8-4b76-85b3-c9169be20c61",
            "photo": null,
            "first_name": "Abduraxmon",
            "last_name": "Mametov",
            "middle_name": "a",
            "phone": "+998935031999",
            "date_of_birth": "2025-04-01",
            "password": "1234",
            "education_lang": "UZB",
            "student_type": "student",
            "edu_class": "SCHOOL",
            "edu_level": "10",
            "subject": "c147b7fa-4eb5-4880-88e2-fb8e0f7d2328",
            "ball": 0,
            "filial": 1,
            "marketing_channel": "680797ce-57ed-44dd-8f9a-795ec2fd54ba",
            "student_stage_type": "NEW_STUDENT",
            "new_student_stages": null,
            "balance": "0.00",
            "balance_status": "INACTIVE",
            "service_manager": "b4e679f8-aa06-4b39-b248-a2fc4b2fa93a",
            "sales_manager": "59bc1408-3a4d-4200-ba53-dc7fe027dd88",
            "is_archived": false,
            "is_frozen": false,
            "call_operator": null,
            "new_student_date": "2025-05-21T05:19:57.097Z",
            "active_date": null,
            "coins": "0.00",
            "points": "0.00",
            "file": []
        }
    },
    {
        "model": "student.student",
        "pk": "7db4cf21-2cc7-4365-9a89-ab891f5ec8c8",
        "fields": {
            "created_at": "2025-05-21T05:19:57.119Z",
            "updated_at": "2025-05-21T05:19:57.119Z",
            "deleted_at": null,
            "user": "2849e3e9-3d6c-47c4-b600-d7fe30d1ba6f",
            "photo": null,
            "first_name": "Muzaffarbek",
            "last_name": "Ramazonov",
            "middle_name": "a",
            "phone": "+998943243456",
            "date_of_birth": "2025-04-01",
            "password": "1234",
            "education_lang": "UZB",
            "student_type": "student",
            "edu_class": "SCHOOL",
            "edu_level": "10",
            "subject": "c147b7fa-4eb5-4880-88e2-fb8e0f7d2328",
            "ball": 0,
            "filial": 1,
            "marketing_channel": "680797ce-57ed-44dd-8f9a-795ec2fd54ba",
            "student_stage_type": "NEW_STUDENT",
            "new_student_stages": null,
            "balance": "0.00",
            "balance_status": "INACTIVE",
            "service_manager": "b4e679f8-aa06-4b39-b248-a2fc4b2fa93a",
            "sales_manager": "59bc1408-3a4d-4200-ba53-dc7fe027dd88",
            "is_archived": false,
            "is_frozen": false,
            "call_operator": null,
            "new_student_date": "2025-05-21T05:19:57.110Z",
            "active_date": null,
            "coins": "0.00",
            "points": "0.00",
            "file": []
        }
    },
    {
        "model": "student.student",
        "pk": "f75c88f5-da75-4360-956d-c59f6e0f8ed2",
        "fields": {
            "created_at": "2025-05-21T05:19:57.103Z",
            "updated_at": "2025-05-21T05:19:57.104Z",
            "deleted_at": null,
            "user": "687e21c0-5a7c-4a27-a603-2fdcc24c9788",
            "photo": null,
            "first_name": "Mohinur",
            "last_name": "Musayeva",
            "middle_name": "a",
            "phone": "+998909316616",
            "date_of_birth": "2025-04-01",
            "password": "1234",
            "education_lang": "UZB",
            "student_type": "student",
            "edu_class": "SCHOOL",
            "edu_level": "10",
            "subject": "c147b7fa-4eb5-4880-88e2-fb8e0f7d2328",
            "ball": 0,
            "filial": 1,
            "marketing_channel": "680797ce-57ed-44dd-8f9a-795ec2fd54ba",
            "student_stage_type": "NEW_STUDENT",
            "new_student_stages": null,
            "balance": "0.00",
            "balance_status": "INACTIVE",
            "service_manager": "b4e679f8-aa06-4b39-b248-a2fc4b2fa93a",
            "sales_manager": "59bc1408-3a4d-4200-ba53-dc7fe027dd88",
            "is_archived": false,
            "is_frozen": false,
            "call_operator": null,
            "new_student_date": "2025-05-21T05:19:57.092Z",
            "active_date": null,
            "coins": "0.00",
            "points": "0.00",
            "file": []
        }
    },
    {
        "model": "student.student",
        "pk": "fb629a3d-936e-4d36-88a9-fab7da24f934",
        "fields": {
            "created_at": "2025-05-20T16:19:14.424Z",
            "updated_at": "2025-05-20T16:19:14.424Z",
            "deleted_at": null,
            "user": "3983742b-6eba-4b74-9954-bb2ff79ab8df",
            "photo": null,
            "first_name": "Zuhra",
            "last_name": "Musinboyeva",
            "middle_name": "a",
            "phone": "+998997077676",
            "date_of_birth": "2025-04-02",
            "password": "1234",
            "education_lang": "UZB",
            "student_type": "student",
            "edu_class": "SCHOOL",
            "edu_level": "10",
            "subject": "c147b7fa-4eb5-4880-88e2-fb8e0f7d2328",
            "ball": 0,
            "filial": 1,
            "marketing_channel": "680797ce-57ed-44dd-8f9a-795ec2fd54ba",
            "student_stage_type": "NEW_STUDENT",
            "new_student_stages": null,
            "balance": "0.00",
            "balance_status": "INACTIVE",
            "service_manager": "b4e679f8-aa06-4b39-b248-a2fc4b2fa93a",
            "sales_manager": "59bc1408-3a4d-4200-ba53-dc7fe027dd88",
            "is_archived": false,
            "is_frozen": false,
            "call_operator": null,
            "new_student_date": "2025-05-20T16:19:14.423Z",
            "active_date": null,
            "coins": "0.00",
            "points": "0.00",
            "file": []
        }
    },
    {
        "model": "student.fistlesson_data",
        "pk": "0430f04e-32c4-4ada-9abe-5e97af750281",
        "fields": {
            "filial": null,
            "created_at": "2025-04-22T14:38:46.788Z",
            "updated_at": "2025-04-22T14:38:46.788Z",
            "deleted_at": null,
            "teacher": null,
            "group": null,
            "lesson_date": null,
            "level": null,
            "lid": "6700a663-93f5-48d8-8f94-d5ea10d8c00f"
        }
    },
    {
        "model": "student.fistlesson_data",
        "pk": "0da6abef-1390-4ef9-a6d3-eb791b2be9ed",
        "fields": {
            "filial": null,
            "created_at": "2025-04-22T14:59:44.381Z",
            "updated_at": "2025-04-22T14:59:44.382Z",
            "deleted_at": null,
            "teacher": "fe91cfcf-378d-44a5-9a26-1afc17288585",
            "group": "a0a5e2bf-0c3d-48c5-8931-876e7b26507d",
            "lesson_date": "2025-04-22T19:00:00Z",
            "level": null,
            "lid": "5cf72319-d3db-4f85-be8d-579c3a455ea1"
        }
    },
    {
        "model": "student.fistlesson_data",
        "pk": "1a2a08d8-08b4-40eb-94bb-585665fe3256",
        "fields": {
            "filial": null,
            "created_at": "2025-04-22T14:39:32.231Z",
            "updated_at": "2025-04-22T14:39:32.231Z",
            "deleted_at": null,
            "teacher": null,
            "group": null,
            "lesson_date": null,
            "level": null,
            "lid": "939436ab-14b3-47fc-a18d-9e02a124a421"
        }
    },
    {
        "model": "student.fistlesson_data",
        "pk": "4d4c0905-e44c-438f-8f20-3747efe3ae91",
        "fields": {
            "filial": null,
            "created_at": "2025-04-22T15:00:38.449Z",
            "updated_at": "2025-04-22T15:00:38.450Z",
            "deleted_at": null,
            "teacher": "fe91cfcf-378d-44a5-9a26-1afc17288585",
            "group": "a0a5e2bf-0c3d-48c5-8931-876e7b26507d",
            "lesson_date": "2025-04-22T19:00:00Z",
            "level": null,
            "lid": "efeed4b9-e50a-48d3-bbbc-aa083b9f64c9"
        }
    },
    {
        "model": "student.fistlesson_data",
        "pk": "4e068bda-eb78-46f9-9271-13ab5dc23228",
        "fields": {
            "filial": null,
            "created_at": "2025-04-22T15:10:16.176Z",
            "updated_at": "2025-04-22T15:10:16.176Z",
            "deleted_at": null,
            "teacher": "fe91cfcf-378d-44a5-9a26-1afc17288585",
            "group": "b00d4949-14d5-41a3-b800-64ba7c60f613",
            "lesson_date": "2025-04-23T19:00:00Z",
            "level": null,
            "lid": "ecaa602d-cc91-40e4-805d-5145780f2d1f"
        }
    },
    {
        "model": "student.fistlesson_data",
        "pk": "5dad6faf-2157-454c-a0bd-9c15af95bf4a",
        "fields": {
            "filial": null,
            "created_at": "2025-04-22T15:00:13.263Z",
            "updated_at": "2025-04-22T15:00:13.264Z",
            "deleted_at": null,
            "teacher": "fe91cfcf-378d-44a5-9a26-1afc17288585",
            "group": "a0a5e2bf-0c3d-48c5-8931-876e7b26507d",
            "lesson_date": "2025-04-22T19:00:00Z",
            "level": null,
            "lid": "d0050f1c-d786-40c1-b59e-83a070b16c89"
        }
    },
    {
        "model": "student.fistlesson_data",
        "pk": "5ec21bdd-4c60-43e5-9fce-df73835ed680",
        "fields": {
            "filial": null,
            "created_at": "2025-04-22T14:39:05.636Z",
            "updated_at": "2025-04-22T14:39:05.637Z",
            "deleted_at": null,
            "teacher": null,
            "group": null,
            "lesson_date": null,
            "level": null,
            "lid": "f4f1839e-d32b-44d1-8eda-855c6d68fb63"
        }
    },
    {
        "model": "student.fistlesson_data",
        "pk": "620dd3bb-171e-4752-8f6b-327223d9cfcd",
        "fields": {
            "filial": null,
            "created_at": "2025-04-22T15:09:46.972Z",
            "updated_at": "2025-04-22T15:09:46.973Z",
            "deleted_at": null,
            "teacher": "fe91cfcf-378d-44a5-9a26-1afc17288585",
            "group": "b00d4949-14d5-41a3-b800-64ba7c60f613",
            "lesson_date": "2025-04-23T19:00:00Z",
            "level": null,
            "lid": "73caa115-b212-4f4e-8496-1f7ac9e791ba"
        }
    },
    {
        "model": "student.fistlesson_data",
        "pk": "68a11938-f196-4c0f-ac7a-18bccea191e1",
        "fields": {
            "filial": null,
            "created_at": "2025-04-22T15:09:54.392Z",
            "updated_at": "2025-04-22T15:09:54.393Z",
            "deleted_at": null,
            "teacher": "fe91cfcf-378d-44a5-9a26-1afc17288585",
            "group": "b00d4949-14d5-41a3-b800-64ba7c60f613",
            "lesson_date": "2025-04-23T19:00:00Z",
            "level": null,
            "lid": "03668d21-75ab-4b33-9355-79d1a298f8e2"
        }
    },
    {
        "model": "student.fistlesson_data",
        "pk": "692975c9-6872-48bd-bb18-2abc517e0bfb",
        "fields": {
            "filial": null,
            "created_at": "2025-04-22T14:39:55.222Z",
            "updated_at": "2025-04-22T14:39:55.222Z",
            "deleted_at": null,
            "teacher": null,
            "group": null,
            "lesson_date": null,
            "level": null,
            "lid": "3c671aa8-ec9f-4afb-a616-e7a8eca5da96"
        }
    },
    {
        "model": "student.fistlesson_data",
        "pk": "7d8821fe-19dd-4997-9544-5acc67a33459",
        "fields": {
            "filial": null,
            "created_at": "2025-04-22T15:10:24.710Z",
            "updated_at": "2025-04-22T15:10:24.710Z",
            "deleted_at": null,
            "teacher": "fe91cfcf-378d-44a5-9a26-1afc17288585",
            "group": "b00d4949-14d5-41a3-b800-64ba7c60f613",
            "lesson_date": "2025-04-23T19:00:00Z",
            "level": null,
            "lid": "d6e9d047-e097-418a-8e24-569b1b0d65e3"
        }
    },
    {
        "model": "student.fistlesson_data",
        "pk": "8080366f-c103-4f4f-bdf4-52247cf4757a",
        "fields": {
            "filial": null,
            "created_at": "2025-04-22T14:39:16.308Z",
            "updated_at": "2025-04-22T14:39:16.309Z",
            "deleted_at": null,
            "teacher": null,
            "group": null,
            "lesson_date": null,
            "level": null,
            "lid": "737a70c4-866d-4e33-8857-cdb47bced096"
        }
    },
    {
        "model": "student.fistlesson_data",
        "pk": "8c8b37f0-d99b-4910-9e60-6b9932ecee71",
        "fields": {
            "filial": null,
            "created_at": "2025-04-22T15:10:40.570Z",
            "updated_at": "2025-04-22T15:10:40.570Z",
            "deleted_at": null,
            "teacher": "fe91cfcf-378d-44a5-9a26-1afc17288585",
            "group": "b00d4949-14d5-41a3-b800-64ba7c60f613",
            "lesson_date": "2025-04-23T19:00:00Z",
            "level": null,
            "lid": "1e8176d6-9df9-4fa7-8c77-cf4d86abacbc"
        }
    },
    {
        "model": "student.fistlesson_data",
        "pk": "8d764de5-5f1f-4fb5-8293-03bc249ea839",
        "fields": {
            "filial": null,
            "created_at": "2025-04-22T15:10:01.460Z",
            "updated_at": "2025-04-22T15:10:08.639Z",
            "deleted_at": null,
            "teacher": "fe91cfcf-378d-44a5-9a26-1afc17288585",
            "group": "b00d4949-14d5-41a3-b800-64ba7c60f613",
            "lesson_date": "2025-04-23T19:00:00Z",
            "level": null,
            "lid": "5e5cc539-164d-4541-a7df-635b0d46efba"
        }
    },
    {
        "model": "student.fistlesson_data",
        "pk": "955db2c3-161a-48b8-86c2-0d711979e26d",
        "fields": {
            "filial": null,
            "created_at": "2025-04-22T15:12:32.931Z",
            "updated_at": "2025-04-22T15:12:32.932Z",
            "deleted_at": null,
            "teacher": "fe91cfcf-378d-44a5-9a26-1afc17288585",
            "group": "4b95b374-64ac-4780-8903-6c27a96f2fd0",
            "lesson_date": "2025-04-23T19:00:00Z",
            "level": null,
            "lid": "8d364a33-f2f2-4957-b4a5-9d2acb74b1da"
        }
    },
    {
        "model": "student.fistlesson_data",
        "pk": "a01893c7-fce8-4014-aafc-22514cbcec2d",
        "fields": {
            "filial": null,
            "created_at": "2025-04-22T14:38:55.059Z",
            "updated_at": "2025-04-22T14:38:55.060Z",
            "deleted_at": null,
            "teacher": null,
            "group": null,
            "lesson_date": null,
            "level": null,
            "lid": "3785d02e-d5aa-434a-936f-aa4e42169ff4"
        }
    },
    {
        "model": "student.fistlesson_data",
        "pk": "b69d173d-e8e8-4231-bc05-3ba332f617b5",
        "fields": {
            "filial": null,
            "created_at": "2025-04-22T15:10:47.053Z",
            "updated_at": "2025-04-22T15:10:47.053Z",
            "deleted_at": null,
            "teacher": "fe91cfcf-378d-44a5-9a26-1afc17288585",
            "group": "b00d4949-14d5-41a3-b800-64ba7c60f613",
            "lesson_date": "2025-04-23T19:00:00Z",
            "level": null,
            "lid": "52aa599f-2eb2-4528-bdc5-0383c08a58c1"
        }
    },
    {
        "model": "student.fistlesson_data",
        "pk": "bb7f4828-a33a-4f1f-93f1-f7e0b3676675",
        "fields": {
            "filial": null,
            "created_at": "2025-04-22T14:37:35.825Z",
            "updated_at": "2025-04-22T14:51:07.698Z",
            "deleted_at": null,
            "teacher": "fe91cfcf-378d-44a5-9a26-1afc17288585",
            "group": "b63cbf33-e0d5-4641-b7a6-caa09262ca35",
            "lesson_date": "2025-04-23T19:00:00Z",
            "level": null,
            "lid": "6e15c9c1-7d46-4d58-87c9-fa56cc66652e"
        }
    },
    {
        "model": "student.fistlesson_data",
        "pk": "cbeee818-3f4d-428c-bdc5-0887c626a492",
        "fields": {
            "filial": null,
            "created_at": "2025-04-22T15:12:19.009Z",
            "updated_at": "2025-04-22T15:12:19.010Z",
            "deleted_at": null,
            "teacher": "fe91cfcf-378d-44a5-9a26-1afc17288585",
            "group": "4b95b374-64ac-4780-8903-6c27a96f2fd0",
            "lesson_date": "2025-04-23T19:00:00Z",
            "level": null,
            "lid": "d6d6ad01-c81f-4af0-9420-480de2e6cc21"
        }
    },
    {
        "model": "student.fistlesson_data",
        "pk": "d6da7ceb-eadb-4eca-be77-6d86e38fb983",
        "fields": {
            "filial": null,
            "created_at": "2025-04-22T14:39:48.624Z",
            "updated_at": "2025-04-22T14:39:48.625Z",
            "deleted_at": null,
            "teacher": null,
            "group": null,
            "lesson_date": null,
            "level": null,
            "lid": "74c8cc86-4941-42a0-887f-90acfa898c00"
        }
    },
    {
        "model": "student.fistlesson_data",
        "pk": "dce845db-f12e-430c-93d8-8478b0e4953a",
        "fields": {
            "filial": null,
            "created_at": "2025-04-22T15:00:22.549Z",
            "updated_at": "2025-04-22T15:00:22.550Z",
            "deleted_at": null,
            "teacher": "fe91cfcf-378d-44a5-9a26-1afc17288585",
            "group": "a0a5e2bf-0c3d-48c5-8931-876e7b26507d",
            "lesson_date": "2025-04-22T19:00:00Z",
            "level": null,
            "lid": "5a241da2-50d7-4366-a62a-90b0f235ca94"
        }
    },
    {
        "model": "student.fistlesson_data",
        "pk": "ed253e21-c7d4-4d27-9a41-cb338eb1aba9",
        "fields": {
            "filial": null,
            "created_at": "2025-04-22T15:00:30.883Z",
            "updated_at": "2025-04-22T15:00:30.884Z",
            "deleted_at": null,
            "teacher": "fe91cfcf-378d-44a5-9a26-1afc17288585",
            "group": "a0a5e2bf-0c3d-48c5-8931-876e7b26507d",
            "lesson_date": "2025-04-22T19:00:00Z",
            "level": null,
            "lid": "90de3b43-8993-4131-81bc-da3b2c8e4e5b"
        }
    },
    {
        "model": "student.fistlesson_data",
        "pk": "f2ecf7d5-116b-4d62-9d0c-5cbf51d8ec1a",
        "fields": {
            "filial": null,
            "created_at": "2025-04-22T14:39:23.194Z",
            "updated_at": "2025-04-22T14:39:23.194Z",
            "deleted_at": null,
            "teacher": null,
            "group": null,
            "lesson_date": null,
            "level": null,
            "lid": "5b6bb083-17e2-4155-bb00-4fd54fba42c8"
        }
    },
    {
        "model": "student.fistlesson_data",
        "pk": "f4f22ecc-5163-4fda-b415-20928265b068",
        "fields": {
            "filial": null,
            "created_at": "2025-04-22T14:39:41.057Z",
            "updated_at": "2025-04-22T14:39:41.057Z",
            "deleted_at": null,
            "teacher": null,
            "group": null,
            "lesson_date": null,
            "level": null,
            "lid": "9002a218-93f9-4bdd-833c-b9d06bc04402"
        }
    },
    {
        "model": "student.fistlesson_data",
        "pk": "f9c84a76-e98a-43b9-af0e-1a661ed929c7",
        "fields": {
            "filial": null,
            "created_at": "2025-04-22T15:10:32.572Z",
            "updated_at": "2025-04-22T15:10:32.573Z",
            "deleted_at": null,
            "teacher": "fe91cfcf-378d-44a5-9a26-1afc17288585",
            "group": "b00d4949-14d5-41a3-b800-64ba7c60f613",
            "lesson_date": "2025-04-23T19:00:00Z",
            "level": null,
            "lid": "5e1cc0ab-71a9-4ac9-9f93-1a6eefad8e54"
        }
    },
    {
        "model": "groups.room",
        "pk": "1a76d209-709c-4625-8216-d0dbcd479659",
        "fields": {
            "filial": 1,
            "created_at": "2025-04-22T11:51:19.469Z",
            "updated_at": "2025-04-22T11:51:19.469Z",
            "deleted_at": null,
            "room_number": "TSINGHUA",
            "room_filling": 12.0
        }
    },
    {
        "model": "groups.room",
        "pk": "1cc2acde-f71e-4ee1-b1a6-f8c2851b11d9",
        "fields": {
            "filial": 1,
            "created_at": "2025-04-22T11:50:13.752Z",
            "updated_at": "2025-04-22T11:50:13.752Z",
            "deleted_at": null,
            "room_number": "HARVARD",
            "room_filling": 18.0
        }
    },
    {
        "model": "groups.room",
        "pk": "3a40ecf9-cd72-455c-8ee5-ecc8b35c6e1f",
        "fields": {
            "filial": 1,
            "created_at": "2025-04-22T11:50:20.811Z",
            "updated_at": "2025-04-22T11:50:20.811Z",
            "deleted_at": null,
            "room_number": "LOMONOSOV",
            "room_filling": 12.0
        }
    },
    {
        "model": "groups.room",
        "pk": "6ea808e2-9e2c-41f9-9db9-502757ee6345",
        "fields": {
            "filial": 1,
            "created_at": "2025-04-22T11:50:52.803Z",
            "updated_at": "2025-04-22T11:50:52.803Z",
            "deleted_at": null,
            "room_number": "AL-AZHAR",
            "room_filling": 10.0
        }
    },
    {
        "model": "groups.room",
        "pk": "6f720311-9245-4ff9-9395-7a1cb3578866",
        "fields": {
            "filial": 1,
            "created_at": "2025-04-22T11:51:34.328Z",
            "updated_at": "2025-04-22T11:51:34.328Z",
            "deleted_at": null,
            "room_number": "COWORKING ZONE",
            "room_filling": 32.0
        }
    },
    {
        "model": "groups.room",
        "pk": "70340c4a-b552-49e2-bada-bc3649f557de",
        "fields": {
            "filial": 1,
            "created_at": "2025-04-22T11:50:43.797Z",
            "updated_at": "2025-04-22T11:50:43.798Z",
            "deleted_at": null,
            "room_number": "STANFORD",
            "room_filling": 14.0
        }
    },
    {
        "model": "groups.room",
        "pk": "73cb011f-d928-451e-b1eb-98290b11a69f",
        "fields": {
            "filial": 1,
            "created_at": "2025-04-22T11:50:36.133Z",
            "updated_at": "2025-04-22T11:50:36.134Z",
            "deleted_at": null,
            "room_number": "WASHINGTON",
            "room_filling": 12.0
        }
    },
    {
        "model": "groups.room",
        "pk": "79527e26-5c2b-454c-af93-6b20b26263ad",
        "fields": {
            "filial": 1,
            "created_at": "2025-04-22T11:50:29.154Z",
            "updated_at": "2025-04-22T11:50:29.155Z",
            "deleted_at": null,
            "room_number": "SEOUL",
            "room_filling": 12.0
        }
    },
    {
        "model": "groups.room",
        "pk": "a1775e31-4208-4f95-aa3b-36ff95642d2c",
        "fields": {
            "filial": 1,
            "created_at": "2025-04-22T11:51:27.383Z",
            "updated_at": "2025-04-22T11:51:27.384Z",
            "deleted_at": null,
            "room_number": "O`ZBEKISTON MILLIY UNIVERSITETI",
            "room_filling": 14.0
        }
    },
    {
        "model": "groups.room",
        "pk": "b1f73ebb-662d-462a-b9c0-16179dc657f5",
        "fields": {
            "filial": 1,
            "created_at": "2025-04-22T11:51:05.200Z",
            "updated_at": "2025-04-22T11:51:05.201Z",
            "deleted_at": null,
            "room_number": "MIT",
            "room_filling": 12.0
        }
    },
    {
        "model": "groups.room",
        "pk": "eb132712-0089-443a-bfd2-64d16ef0cf77",
        "fields": {
            "filial": 1,
            "created_at": "2025-04-22T11:51:11.959Z",
            "updated_at": "2025-04-22T11:51:11.960Z",
            "deleted_at": null,
            "room_number": "OXFORD",
            "room_filling": 12.0
        }
    },
    {
        "model": "groups.day",
        "pk": "133195de-b1b1-4ffe-a92d-8d421a70b288",
        "fields": {
            "filial": null,
            "created_at": "2025-04-12T12:14:13.885Z",
            "updated_at": "2025-04-12T12:14:13.885Z",
            "deleted_at": null,
            "name": "Shanba"
        }
    },
    {
        "model": "groups.day",
        "pk": "349d9370-d88f-40d2-9ec4-a103873da563",
        "fields": {
            "filial": null,
            "created_at": "2025-04-12T12:14:13.895Z",
            "updated_at": "2025-04-12T12:14:13.896Z",
            "deleted_at": null,
            "name": "Chorshanba"
        }
    },
    {
        "model": "groups.day",
        "pk": "480d47e1-2ada-499a-b527-46d2a1104f05",
        "fields": {
            "filial": null,
            "created_at": "2025-04-12T12:14:13.891Z",
            "updated_at": "2025-04-12T12:14:13.891Z",
            "deleted_at": null,
            "name": "Juma"
        }
    },
    {
        "model": "groups.day",
        "pk": "6d71fbcc-79a8-4eaf-92ae-06f0c9049402",
        "fields": {
            "filial": null,
            "created_at": "2025-04-12T12:14:13.881Z",
            "updated_at": "2025-04-12T12:14:13.882Z",
            "deleted_at": null,
            "name": "Yakshanba"
        }
    },
    {
        "model": "groups.day",
        "pk": "b6e2e0f4-e643-47a6-9fc3-6f04dc694f4f",
        "fields": {
            "filial": null,
            "created_at": "2025-04-12T12:14:13.900Z",
            "updated_at": "2025-04-12T12:14:13.900Z",
            "deleted_at": null,
            "name": "Dushanba"
        }
    },
    {
        "model": "groups.day",
        "pk": "e1e098f4-6f0a-47b9-ac8c-29e5aba7f6ae",
        "fields": {
            "filial": null,
            "created_at": "2025-04-12T12:14:13.893Z",
            "updated_at": "2025-04-12T12:14:13.893Z",
            "deleted_at": null,
            "name": "Payshanba"
        }
    },
    {
        "model": "groups.day",
        "pk": "edb44089-b569-4103-80c7-b89e2f074b00",
        "fields": {
            "filial": null,
            "created_at": "2025-04-12T12:14:13.898Z",
            "updated_at": "2025-04-12T12:14:13.898Z",
            "deleted_at": null,
            "name": "Seshanba"
        }
    },
    {
        "model": "groups.group",
        "pk": "4b95b374-64ac-4780-8903-6c27a96f2fd0",
        "fields": {
            "filial": 1,
            "created_at": "2025-04-22T14:23:25.284Z",
            "updated_at": "2025-04-22T14:23:30.219Z",
            "deleted_at": null,
            "name": "I B K J - 18:00-20:00",
            "course": "c1cacd4b-428e-4a7e-89a8-5974af999cbc",
            "level": null,
            "teacher": "fe91cfcf-378d-44a5-9a26-1afc17288585",
            "secondary_teacher": "0c634ef1-3f99-4acb-9d8d-61c3016ce15b",
            "status": "ACTIVE",
            "room_number": "6ea808e2-9e2c-41f9-9db9-502757ee6345",
            "price_type": "MONTHLY",
            "price": 600000.0,
            "is_secondary": true,
            "started_at": "18:00:00",
            "ended_at": "20:00:00",
            "start_date": "2025-04-21T19:00:00Z",
            "finish_date": "2025-10-21T19:00:00Z",
            "comment": null,
            "scheduled_day_type": [
                "edb44089-b569-4103-80c7-b89e2f074b00",
                "e1e098f4-6f0a-47b9-ac8c-29e5aba7f6ae",
                "133195de-b1b1-4ffe-a92d-8d421a70b288"
            ]
        }
    },
    {
        "model": "groups.group",
        "pk": "9cfcd19e-584f-45a2-9e6b-6a696fe3fbfb",
        "fields": {
            "filial": 1,
            "created_at": "2025-05-20T13:04:41.039Z",
            "updated_at": "2025-05-20T13:04:41.039Z",
            "deleted_at": null,
            "name": "erhgter",
            "course": "3931e193-b8fb-4900-82f6-7fd0dd14777b",
            "level": "dbfea8e3-d8c9-4668-b6de-9632a0f7395c",
            "teacher": "1ec7447f-3a88-4302-ac64-74f1e371ba25",
            "secondary_teacher": "0c634ef1-3f99-4acb-9d8d-61c3016ce15b",
            "status": "ACTIVE",
            "room_number": "1a76d209-709c-4625-8216-d0dbcd479659",
            "price_type": "MONTHLY",
            "price": 2343443.0,
            "is_secondary": false,
            "started_at": "19:00:00",
            "ended_at": "21:00:00",
            "start_date": "2025-05-19T19:00:00Z",
            "finish_date": "2027-05-19T19:00:00Z",
            "comment": null,
            "scheduled_day_type": [
                "b6e2e0f4-e643-47a6-9fc3-6f04dc694f4f",
                "349d9370-d88f-40d2-9ec4-a103873da563",
                "480d47e1-2ada-499a-b527-46d2a1104f05"
            ]
        }
    },
    {
        "model": "groups.group",
        "pk": "a0a5e2bf-0c3d-48c5-8931-876e7b26507d",
        "fields": {
            "filial": 1,
            "created_at": "2025-04-22T14:22:11Z",
            "updated_at": "2025-05-21T05:17:55.631Z",
            "deleted_at": null,
            "name": "I B K T 10:00-23:00",
            "course": "c1cacd4b-428e-4a7e-89a8-5974af999cbc",
            "level": null,
            "teacher": "fe91cfcf-378d-44a5-9a26-1afc17288585",
            "secondary_teacher": "0c634ef1-3f99-4acb-9d8d-61c3016ce15b",
            "status": "ACTIVE",
            "room_number": "b1f73ebb-662d-462a-b9c0-16179dc657f5",
            "price_type": "MONTHLY",
            "price": 600000.0,
            "is_secondary": true,
            "started_at": "10:00:00",
            "ended_at": "23:00:00",
            "start_date": "2025-04-21T19:00:00Z",
            "finish_date": "2025-11-21T19:00:00Z",
            "comment": "",
            "scheduled_day_type": [
                "b6e2e0f4-e643-47a6-9fc3-6f04dc694f4f",
                "349d9370-d88f-40d2-9ec4-a103873da563",
                "480d47e1-2ada-499a-b527-46d2a1104f05"
            ]
        }
    },
    {
        "model": "groups.group",
        "pk": "b00d4949-14d5-41a3-b800-64ba7c60f613",
        "fields": {
            "filial": 1,
            "created_at": "2025-04-22T15:02:02Z",
            "updated_at": "2025-05-21T05:16:00.972Z",
            "deleted_at": null,
            "name": "I B K J -  10:00-22:00",
            "course": "c1cacd4b-428e-4a7e-89a8-5974af999cbc",
            "level": null,
            "teacher": "fe91cfcf-378d-44a5-9a26-1afc17288585",
            "secondary_teacher": "0c634ef1-3f99-4acb-9d8d-61c3016ce15b",
            "status": "ACTIVE",
            "room_number": "b1f73ebb-662d-462a-b9c0-16179dc657f5",
            "price_type": "MONTHLY",
            "price": 600000.0,
            "is_secondary": true,
            "started_at": "10:00:00",
            "ended_at": "22:00:00",
            "start_date": "2025-04-21T19:00:00Z",
            "finish_date": "2025-11-21T19:00:00Z",
            "comment": "",
            "scheduled_day_type": [
                "edb44089-b569-4103-80c7-b89e2f074b00",
                "e1e098f4-6f0a-47b9-ac8c-29e5aba7f6ae",
                "133195de-b1b1-4ffe-a92d-8d421a70b288"
            ]
        }
    },
    {
        "model": "groups.group",
        "pk": "b63cbf33-e0d5-4641-b7a6-caa09262ca35",
        "fields": {
            "filial": 1,
            "created_at": "2025-04-22T13:27:06Z",
            "updated_at": "2025-05-20T13:47:08.046Z",
            "deleted_at": null,
            "name": "I B K J - 14:00-16:00",
            "course": "c1cacd4b-428e-4a7e-89a8-5974af999cbc",
            "level": null,
            "teacher": "fe91cfcf-378d-44a5-9a26-1afc17288585",
            "secondary_teacher": "0c634ef1-3f99-4acb-9d8d-61c3016ce15b",
            "status": "ACTIVE",
            "room_number": "6ea808e2-9e2c-41f9-9db9-502757ee6345",
            "price_type": "MONTHLY",
            "price": 600000.0,
            "is_secondary": true,
            "started_at": "14:00:00",
            "ended_at": "16:00:00",
            "start_date": "2025-04-21T19:00:00Z",
            "finish_date": "2025-11-21T19:00:00Z",
            "comment": "",
            "scheduled_day_type": [
                "edb44089-b569-4103-80c7-b89e2f074b00",
                "e1e098f4-6f0a-47b9-ac8c-29e5aba7f6ae",
                "133195de-b1b1-4ffe-a92d-8d421a70b288"
            ]
        }
    },
    {
        "model": "groups.secondarygroup",
        "pk": "110076c0-6e0d-4c1b-9539-963888c8547e",
        "fields": {
            "filial": 1,
            "created_at": "2025-05-20T12:23:46Z",
            "updated_at": "2025-05-21T05:18:44.442Z",
            "deleted_at": null,
            "name": "I B K T 10:00-23:00 ning yordamchi guruhi",
            "group": "a0a5e2bf-0c3d-48c5-8931-876e7b26507d",
            "teacher": "0c634ef1-3f99-4acb-9d8d-61c3016ce15b",
            "status": "ACTIVE",
            "started_at": "10:00:46",
            "ended_at": "23:23:46",
            "start_date": "2025-05-20T12:23:46Z",
            "finish_date": "2025-05-20T12:23:46Z",
            "comment": "",
            "scheduled_day_type": [
                "b6e2e0f4-e643-47a6-9fc3-6f04dc694f4f",
                "349d9370-d88f-40d2-9ec4-a103873da563",
                "480d47e1-2ada-499a-b527-46d2a1104f05"
            ]
        }
    },
    {
        "model": "groups.secondarygroup",
        "pk": "a61f2d06-ff02-415b-91eb-9c6b68d5ba41",
        "fields": {
            "filial": 1,
            "created_at": "2025-05-20T12:23:46Z",
            "updated_at": "2025-05-20T17:18:56.493Z",
            "deleted_at": null,
            "name": "I B K J -  16:00-18:00 ning yordamchi guruhi",
            "group": "b00d4949-14d5-41a3-b800-64ba7c60f613",
            "teacher": "0c634ef1-3f99-4acb-9d8d-61c3016ce15b",
            "status": "ACTIVE",
            "started_at": "12:23:46",
            "ended_at": "22:50:46",
            "start_date": "2025-05-20T12:23:46Z",
            "finish_date": "2025-05-20T12:23:46Z",
            "comment": "",
            "scheduled_day_type": [
                "edb44089-b569-4103-80c7-b89e2f074b00",
                "e1e098f4-6f0a-47b9-ac8c-29e5aba7f6ae",
                "133195de-b1b1-4ffe-a92d-8d421a70b288"
            ]
        }
    },
    {
        "model": "groups.secondarygroup",
        "pk": "ca8d8290-a1ff-4b27-8d46-751426702487",
        "fields": {
            "filial": 1,
            "created_at": "2025-05-20T12:23:46Z",
            "updated_at": "2025-05-20T17:11:02.377Z",
            "deleted_at": null,
            "name": "I B K J - 14:00-16:00 ning yordamchi guruhi",
            "group": "b63cbf33-e0d5-4641-b7a6-caa09262ca35",
            "teacher": "0c634ef1-3f99-4acb-9d8d-61c3016ce15b",
            "status": "ACTIVE",
            "started_at": "12:23:46",
            "ended_at": "22:23:46",
            "start_date": "2025-05-20T12:23:46Z",
            "finish_date": "2025-05-20T12:23:46Z",
            "comment": "",
            "scheduled_day_type": [
                "edb44089-b569-4103-80c7-b89e2f074b00",
                "e1e098f4-6f0a-47b9-ac8c-29e5aba7f6ae",
                "133195de-b1b1-4ffe-a92d-8d421a70b288"
            ]
        }
    },
    {
        "model": "groups.secondarygroup",
        "pk": "fad0c7f2-14a0-48e8-a9e1-b1b0ce5f5298",
        "fields": {
            "filial": 1,
            "created_at": "2025-05-20T12:23:46Z",
            "updated_at": "2025-05-20T16:27:53.122Z",
            "deleted_at": null,
            "name": "I B K J - 20:00-23:00 ning yordamchi guruhi",
            "group": "4b95b374-64ac-4780-8903-6c27a96f2fd0",
            "teacher": "0c634ef1-3f99-4acb-9d8d-61c3016ce15b",
            "status": "ACTIVE",
            "started_at": "20:23:46",
            "ended_at": "23:23:46",
            "start_date": "2025-05-20T12:23:46Z",
            "finish_date": "2025-05-20T12:23:46Z",
            "comment": "",
            "scheduled_day_type": [
                "edb44089-b569-4103-80c7-b89e2f074b00",
                "e1e098f4-6f0a-47b9-ac8c-29e5aba7f6ae",
                "133195de-b1b1-4ffe-a92d-8d421a70b288"
            ]
        }
    },
    {
        "model": "studentgroup.studentgroup",
        "pk": "060754ae-7eba-45ec-9299-4e2ad087c848",
        "fields": {
            "filial": null,
            "created_at": "2025-04-22T15:12:43.339Z",
            "updated_at": "2025-04-22T15:12:43.339Z",
            "deleted_at": null,
            "group": "4b95b374-64ac-4780-8903-6c27a96f2fd0",
            "student": null,
            "lid": "d6d6ad01-c81f-4af0-9420-480de2e6cc21"
        }
    },
    {
        "model": "studentgroup.studentgroup",
        "pk": "1f627080-e8d0-4d6c-9450-b556b49727e7",
        "fields": {
            "filial": null,
            "created_at": "2025-05-21T04:19:18.395Z",
            "updated_at": "2025-05-21T04:19:18.395Z",
            "deleted_at": null,
            "group": "b00d4949-14d5-41a3-b800-64ba7c60f613",
            "student": "167655a3-08ef-4b4c-b2e7-23ffe0a2d9ad",
            "lid": null
        }
    },
    {
        "model": "studentgroup.studentgroup",
        "pk": "2196f1f3-9518-4702-849c-b54d2e80c95a",
        "fields": {
            "filial": null,
            "created_at": "2025-04-22T15:08:42.237Z",
            "updated_at": "2025-04-22T15:08:42.237Z",
            "deleted_at": null,
            "group": "b00d4949-14d5-41a3-b800-64ba7c60f613",
            "student": "3b08f21e-3655-427e-a7fa-861ef7b430d4",
            "lid": null
        }
    },
    {
        "model": "studentgroup.studentgroup",
        "pk": "239565ea-ee69-4adf-9d83-541893944dae",
        "fields": {
            "filial": null,
            "created_at": "2025-04-22T14:54:03.069Z",
            "updated_at": "2025-04-22T14:54:03.070Z",
            "deleted_at": null,
            "group": "b63cbf33-e0d5-4641-b7a6-caa09262ca35",
            "student": null,
            "lid": "3c671aa8-ec9f-4afb-a616-e7a8eca5da96"
        }
    },
    {
        "model": "studentgroup.studentgroup",
        "pk": "2705c57c-ba15-4dcc-8a81-222e6c19e990",
        "fields": {
            "filial": null,
            "created_at": "2025-04-22T15:08:30.263Z",
            "updated_at": "2025-04-22T15:08:30.263Z",
            "deleted_at": null,
            "group": "b00d4949-14d5-41a3-b800-64ba7c60f613",
            "student": "fb629a3d-936e-4d36-88a9-fab7da24f934",
            "lid": null
        }
    },
    {
        "model": "studentgroup.studentgroup",
        "pk": "296cbbfd-6492-4a36-bb31-47e8837d16da",
        "fields": {
            "filial": null,
            "created_at": "2025-04-22T14:53:28.735Z",
            "updated_at": "2025-04-22T14:53:28.735Z",
            "deleted_at": null,
            "group": "b63cbf33-e0d5-4641-b7a6-caa09262ca35",
            "student": null,
            "lid": "939436ab-14b3-47fc-a18d-9e02a124a421"
        }
    },
    {
        "model": "studentgroup.studentgroup",
        "pk": "3f01d4ca-b11a-48f3-8f46-6cf9100e0bd8",
        "fields": {
            "filial": null,
            "created_at": "2025-04-22T15:08:01.326Z",
            "updated_at": "2025-04-22T15:08:01.326Z",
            "deleted_at": null,
            "group": "b00d4949-14d5-41a3-b800-64ba7c60f613",
            "student": null,
            "lid": "73caa115-b212-4f4e-8496-1f7ac9e791ba"
        }
    },
    {
        "model": "studentgroup.studentgroup",
        "pk": "56cd20d8-3ed8-41a4-9d5e-74c001da82d0",
        "fields": {
            "filial": null,
            "created_at": "2025-04-22T14:53:39.945Z",
            "updated_at": "2025-04-22T14:53:39.945Z",
            "deleted_at": null,
            "group": "b63cbf33-e0d5-4641-b7a6-caa09262ca35",
            "student": null,
            "lid": "9002a218-93f9-4bdd-833c-b9d06bc04402"
        }
    },
    {
        "model": "studentgroup.studentgroup",
        "pk": "57678793-9c49-4840-b105-9dc0fea7da8c",
        "fields": {
            "filial": null,
            "created_at": "2025-04-22T15:00:01.594Z",
            "updated_at": "2025-04-22T15:00:01.595Z",
            "deleted_at": null,
            "group": "a0a5e2bf-0c3d-48c5-8931-876e7b26507d",
            "student": "23873fa2-14f4-4dcd-be7b-f20fc4088934",
            "lid": null
        }
    },
    {
        "model": "studentgroup.studentgroup",
        "pk": "60671c62-9400-4f56-866f-5dc52d31bfcb",
        "fields": {
            "filial": null,
            "created_at": "2025-04-22T15:09:35.173Z",
            "updated_at": "2025-04-22T15:09:35.173Z",
            "deleted_at": null,
            "group": "b00d4949-14d5-41a3-b800-64ba7c60f613",
            "student": null,
            "lid": "03668d21-75ab-4b33-9355-79d1a298f8e2"
        }
    },
    {
        "model": "studentgroup.studentgroup",
        "pk": "62e15e53-7cfd-444d-bf65-dade6a001eed",
        "fields": {
            "filial": null,
            "created_at": "2025-04-22T15:09:21.671Z",
            "updated_at": "2025-04-22T15:09:21.672Z",
            "deleted_at": null,
            "group": "b00d4949-14d5-41a3-b800-64ba7c60f613",
            "student": null,
            "lid": "5e5cc539-164d-4541-a7df-635b0d46efba"
        }
    },
    {
        "model": "studentgroup.studentgroup",
        "pk": "6725d3fc-beb4-412f-a6ec-67942d420790",
        "fields": {
            "filial": null,
            "created_at": "2025-04-22T14:51:23.698Z",
            "updated_at": "2025-04-22T14:51:23.699Z",
            "deleted_at": null,
            "group": "b63cbf33-e0d5-4641-b7a6-caa09262ca35",
            "student": null,
            "lid": "6e15c9c1-7d46-4d58-87c9-fa56cc66652e"
        }
    },
    {
        "model": "studentgroup.studentgroup",
        "pk": "74416b1a-16d3-44dd-ac8f-9463a0aa0c46",
        "fields": {
            "filial": null,
            "created_at": "2025-04-22T14:51:53.758Z",
            "updated_at": "2025-04-22T14:51:53.759Z",
            "deleted_at": null,
            "group": "b63cbf33-e0d5-4641-b7a6-caa09262ca35",
            "student": null,
            "lid": "6700a663-93f5-48d8-8f94-d5ea10d8c00f"
        }
    },
    {
        "model": "studentgroup.studentgroup",
        "pk": "7714facc-ed87-4457-8b5f-9993db152a38",
        "fields": {
            "filial": null,
            "created_at": "2025-04-22T14:59:13.762Z",
            "updated_at": "2025-04-22T14:59:13.763Z",
            "deleted_at": null,
            "group": "a0a5e2bf-0c3d-48c5-8931-876e7b26507d",
            "student": "7db4cf21-2cc7-4365-9a89-ab891f5ec8c8",
            "lid": null
        }
    },
    {
        "model": "studentgroup.studentgroup",
        "pk": "9bc0ad37-3c86-487e-adbb-d8c9b5f7cc13",
        "fields": {
            "filial": null,
            "created_at": "2025-04-22T14:53:00.767Z",
            "updated_at": "2025-04-22T14:53:00.768Z",
            "deleted_at": null,
            "group": "b63cbf33-e0d5-4641-b7a6-caa09262ca35",
            "student": null,
            "lid": "737a70c4-866d-4e33-8857-cdb47bced096"
        }
    },
    {
        "model": "studentgroup.studentgroup",
        "pk": "9f2c1ae1-bce2-482b-8d4e-23c1f56e136c",
        "fields": {
            "filial": null,
            "created_at": "2025-04-22T14:53:13.805Z",
            "updated_at": "2025-04-22T14:53:13.805Z",
            "deleted_at": null,
            "group": "b63cbf33-e0d5-4641-b7a6-caa09262ca35",
            "student": null,
            "lid": "5b6bb083-17e2-4155-bb00-4fd54fba42c8"
        }
    },
    {
        "model": "studentgroup.studentgroup",
        "pk": "9f54dd9c-d069-4c07-9327-f07c6e27ab6c",
        "fields": {
            "filial": null,
            "created_at": "2025-04-22T14:58:28.886Z",
            "updated_at": "2025-04-22T14:58:28.886Z",
            "deleted_at": null,
            "group": "a0a5e2bf-0c3d-48c5-8931-876e7b26507d",
            "student": "f75c88f5-da75-4360-956d-c59f6e0f8ed2",
            "lid": null
        }
    },
    {
        "model": "studentgroup.studentgroup",
        "pk": "a06f126f-77b7-4ac6-afd6-24bf496633a9",
        "fields": {
            "filial": null,
            "created_at": "2025-04-22T15:12:39.834Z",
            "updated_at": "2025-04-22T15:12:39.835Z",
            "deleted_at": null,
            "group": "4b95b374-64ac-4780-8903-6c27a96f2fd0",
            "student": null,
            "lid": "8d364a33-f2f2-4957-b4a5-9d2acb74b1da"
        }
    },
    {
        "model": "studentgroup.studentgroup",
        "pk": "a69879a6-dc16-4ca9-b5d0-bb7de79bf673",
        "fields": {
            "filial": null,
            "created_at": "2025-04-22T14:59:29.788Z",
            "updated_at": "2025-04-22T14:59:29.789Z",
            "deleted_at": null,
            "group": "a0a5e2bf-0c3d-48c5-8931-876e7b26507d",
            "student": "1666dcfc-cbd8-4bfa-a0af-88661676d31d",
            "lid": null
        }
    },
    {
        "model": "studentgroup.studentgroup",
        "pk": "ab33d7b1-acfe-4e9b-81a4-01925e643f4d",
        "fields": {
            "filial": null,
            "created_at": "2025-04-22T15:09:09.200Z",
            "updated_at": "2025-04-22T15:09:09.200Z",
            "deleted_at": null,
            "group": "b00d4949-14d5-41a3-b800-64ba7c60f613",
            "student": null,
            "lid": "ecaa602d-cc91-40e4-805d-5145780f2d1f"
        }
    },
    {
        "model": "studentgroup.studentgroup",
        "pk": "bfcea4c0-93d8-4963-b07f-38c6e9a9e101",
        "fields": {
            "filial": null,
            "created_at": "2025-04-22T14:52:21.729Z",
            "updated_at": "2025-04-22T14:52:21.729Z",
            "deleted_at": null,
            "group": "b63cbf33-e0d5-4641-b7a6-caa09262ca35",
            "student": null,
            "lid": "3785d02e-d5aa-434a-936f-aa4e42169ff4"
        }
    },
    {
        "model": "studentgroup.studentgroup",
        "pk": "ce0e3c55-6d56-49de-a9e4-6485f4b254f1",
        "fields": {
            "filial": null,
            "created_at": "2025-04-22T15:08:16.423Z",
            "updated_at": "2025-04-22T15:08:16.423Z",
            "deleted_at": null,
            "group": "b00d4949-14d5-41a3-b800-64ba7c60f613",
            "student": null,
            "lid": "52aa599f-2eb2-4528-bdc5-0383c08a58c1"
        }
    },
    {
        "model": "studentgroup.studentgroup",
        "pk": "e4124a30-dbe0-4ed1-9b0a-8e5a1c969112",
        "fields": {
            "filial": null,
            "created_at": "2025-04-22T15:08:57.511Z",
            "updated_at": "2025-04-22T15:08:57.511Z",
            "deleted_at": null,
            "group": "b00d4949-14d5-41a3-b800-64ba7c60f613",
            "student": null,
            "lid": "d6e9d047-e097-418a-8e24-569b1b0d65e3"
        }
    },
    {
        "model": "studentgroup.studentgroup",
        "pk": "e7ba47ab-c7ce-4a4d-a093-b8b1b427e98d",
        "fields": {
            "filial": null,
            "created_at": "2025-04-22T14:58:58.411Z",
            "updated_at": "2025-04-22T14:58:58.412Z",
            "deleted_at": null,
            "group": "a0a5e2bf-0c3d-48c5-8931-876e7b26507d",
            "student": "7204d9de-efa0-4922-a013-1baf16f14abf",
            "lid": null
        }
    },
    {
        "model": "studentgroup.studentgroup",
        "pk": "f062cb58-72e3-4a69-b8a6-d354ffed10ce",
        "fields": {
            "filial": null,
            "created_at": "2025-04-22T14:52:37.243Z",
            "updated_at": "2025-04-22T14:52:37.243Z",
            "deleted_at": null,
            "group": "b63cbf33-e0d5-4641-b7a6-caa09262ca35",
            "student": null,
            "lid": "f4f1839e-d32b-44d1-8eda-855c6d68fb63"
        }
    },
    {
        "model": "studentgroup.studentgroup",
        "pk": "fab7f16b-5eb3-42ea-819e-b2dda811a508",
        "fields": {
            "filial": null,
            "created_at": "2025-04-22T14:53:50.749Z",
            "updated_at": "2025-04-22T14:53:50.749Z",
            "deleted_at": null,
            "group": "b63cbf33-e0d5-4641-b7a6-caa09262ca35",
            "student": "23d61ecf-c82d-4188-8e8c-c4004075b916",
            "lid": null
        }
    },
    {
        "model": "studentgroup.secondarystudentgroup",
        "pk": "1148c4f3-a63d-4b43-8935-33cf42b32dd3",
        "fields": {
            "filial": null,
            "created_at": "2025-05-20T12:23:46.236Z",
            "updated_at": "2025-05-20T12:23:46.237Z",
            "deleted_at": null,
            "group": "a61f2d06-ff02-415b-91eb-9c6b68d5ba41",
            "student": null,
            "lid": "5e5cc539-164d-4541-a7df-635b0d46efba"
        }
    },
    {
        "model": "studentgroup.secondarystudentgroup",
        "pk": "17c888c6-1585-4db0-b506-477c39cbb98b",
        "fields": {
            "filial": null,
            "created_at": "2025-05-20T12:23:46.232Z",
            "updated_at": "2025-05-20T12:23:46.232Z",
            "deleted_at": null,
            "group": "a61f2d06-ff02-415b-91eb-9c6b68d5ba41",
            "student": "fb629a3d-936e-4d36-88a9-fab7da24f934",
            "lid": null
        }
    },
    {
        "model": "studentgroup.secondarystudentgroup",
        "pk": "181c0663-bc0d-4610-9634-4d7291244a6c",
        "fields": {
            "filial": null,
            "created_at": "2025-05-20T12:23:46.260Z",
            "updated_at": "2025-05-20T12:23:46.260Z",
            "deleted_at": null,
            "group": "ca8d8290-a1ff-4b27-8d46-751426702487",
            "student": null,
            "lid": "737a70c4-866d-4e33-8857-cdb47bced096"
        }
    },
    {
        "model": "studentgroup.secondarystudentgroup",
        "pk": "265b3542-43ef-4885-9ca3-9d55b2dc312d",
        "fields": {
            "filial": null,
            "created_at": "2025-05-20T12:23:46.263Z",
            "updated_at": "2025-05-20T12:23:46.263Z",
            "deleted_at": null,
            "group": "ca8d8290-a1ff-4b27-8d46-751426702487",
            "student": null,
            "lid": "3785d02e-d5aa-434a-936f-aa4e42169ff4"
        }
    },
    {
        "model": "studentgroup.secondarystudentgroup",
        "pk": "350b5138-4f72-40e4-870a-527f7a0540a5",
        "fields": {
            "filial": null,
            "created_at": "2025-05-20T12:23:46.214Z",
            "updated_at": "2025-05-20T12:23:46.214Z",
            "deleted_at": null,
            "group": "110076c0-6e0d-4c1b-9539-963888c8547e",
            "student": "f75c88f5-da75-4360-956d-c59f6e0f8ed2",
            "lid": null
        }
    },
    {
        "model": "studentgroup.secondarystudentgroup",
        "pk": "3aab2267-2a68-4ee4-9889-6215bb8313d4",
        "fields": {
            "filial": null,
            "created_at": "2025-05-20T12:23:46.231Z",
            "updated_at": "2025-05-20T12:23:46.231Z",
            "deleted_at": null,
            "group": "a61f2d06-ff02-415b-91eb-9c6b68d5ba41",
            "student": "3b08f21e-3655-427e-a7fa-861ef7b430d4",
            "lid": null
        }
    },
    {
        "model": "studentgroup.secondarystudentgroup",
        "pk": "41d2f977-aab7-4c64-97c4-19af92b1c908",
        "fields": {
            "filial": null,
            "created_at": "2025-05-20T12:23:46.217Z",
            "updated_at": "2025-05-20T12:23:46.217Z",
            "deleted_at": null,
            "group": "110076c0-6e0d-4c1b-9539-963888c8547e",
            "student": "7204d9de-efa0-4922-a013-1baf16f14abf",
            "lid": null
        }
    },
    {
        "model": "studentgroup.secondarystudentgroup",
        "pk": "45662b08-787d-414d-85d5-7b960e7f43de",
        "fields": {
            "filial": null,
            "created_at": "2025-05-20T12:23:46.190Z",
            "updated_at": "2025-05-20T12:23:46.190Z",
            "deleted_at": null,
            "group": "fad0c7f2-14a0-48e8-a9e1-b1b0ce5f5298",
            "student": null,
            "lid": "8d364a33-f2f2-4957-b4a5-9d2acb74b1da"
        }
    },
    {
        "model": "studentgroup.secondarystudentgroup",
        "pk": "471dbd7e-1ec8-4a3a-af03-acea7a321742",
        "fields": {
            "filial": null,
            "created_at": "2025-05-20T12:23:46.235Z",
            "updated_at": "2025-05-20T12:23:46.235Z",
            "deleted_at": null,
            "group": "a61f2d06-ff02-415b-91eb-9c6b68d5ba41",
            "student": null,
            "lid": "03668d21-75ab-4b33-9355-79d1a298f8e2"
        }
    },
    {
        "model": "studentgroup.secondarystudentgroup",
        "pk": "504a8867-f40b-4a95-a86c-f6e9a15ecdec",
        "fields": {
            "filial": 1,
            "created_at": "2025-05-21T08:20:20.626Z",
            "updated_at": "2025-05-21T08:20:20.626Z",
            "deleted_at": null,
            "group": "fad0c7f2-14a0-48e8-a9e1-b1b0ce5f5298",
            "student": "167655a3-08ef-4b4c-b2e7-23ffe0a2d9ad",
            "lid": null
        }
    },
    {
        "model": "studentgroup.secondarystudentgroup",
        "pk": "5d9dff97-3d4e-4f9d-b9f9-26c79d3e6a6a",
        "fields": {
            "filial": null,
            "created_at": "2025-05-20T12:23:46.255Z",
            "updated_at": "2025-05-20T12:23:46.255Z",
            "deleted_at": null,
            "group": "ca8d8290-a1ff-4b27-8d46-751426702487",
            "student": null,
            "lid": "939436ab-14b3-47fc-a18d-9e02a124a421"
        }
    },
    {
        "model": "studentgroup.secondarystudentgroup",
        "pk": "6246f4d3-67ee-4854-84aa-f1c466140c6c",
        "fields": {
            "filial": null,
            "created_at": "2025-05-20T12:23:46.238Z",
            "updated_at": "2025-05-20T12:23:46.238Z",
            "deleted_at": null,
            "group": "a61f2d06-ff02-415b-91eb-9c6b68d5ba41",
            "student": null,
            "lid": "ecaa602d-cc91-40e4-805d-5145780f2d1f"
        }
    },
    {
        "model": "studentgroup.secondarystudentgroup",
        "pk": "6c5c0f4c-776d-43fb-96d2-ab2a8b536345",
        "fields": {
            "filial": null,
            "created_at": "2025-05-20T12:23:46.213Z",
            "updated_at": "2025-05-20T12:23:46.213Z",
            "deleted_at": null,
            "group": "110076c0-6e0d-4c1b-9539-963888c8547e",
            "student": "7db4cf21-2cc7-4365-9a89-ab891f5ec8c8",
            "lid": null
        }
    },
    {
        "model": "studentgroup.secondarystudentgroup",
        "pk": "73d577db-5291-4a6c-b407-afacdbbc8153",
        "fields": {
            "filial": null,
            "created_at": "2025-05-20T12:23:46.254Z",
            "updated_at": "2025-05-20T12:23:46.254Z",
            "deleted_at": null,
            "group": "ca8d8290-a1ff-4b27-8d46-751426702487",
            "student": null,
            "lid": "3c671aa8-ec9f-4afb-a616-e7a8eca5da96"
        }
    },
    {
        "model": "studentgroup.secondarystudentgroup",
        "pk": "7aff1b39-8742-4000-b073-6caba11b10b7",
        "fields": {
            "filial": null,
            "created_at": "2025-05-20T12:23:46.258Z",
            "updated_at": "2025-05-20T12:23:46.258Z",
            "deleted_at": null,
            "group": "ca8d8290-a1ff-4b27-8d46-751426702487",
            "student": null,
            "lid": "6e15c9c1-7d46-4d58-87c9-fa56cc66652e"
        }
    },
    {
        "model": "studentgroup.secondarystudentgroup",
        "pk": "7c3a0817-6890-4001-a97b-d80aff073c1a",
        "fields": {
            "filial": null,
            "created_at": "2025-05-20T12:23:46.216Z",
            "updated_at": "2025-05-20T12:23:46.216Z",
            "deleted_at": null,
            "group": "110076c0-6e0d-4c1b-9539-963888c8547e",
            "student": "1666dcfc-cbd8-4bfa-a0af-88661676d31d",
            "lid": null
        }
    },
    {
        "model": "studentgroup.secondarystudentgroup",
        "pk": "a577845c-20ea-4684-915b-6ab1e40705af",
        "fields": {
            "filial": null,
            "created_at": "2025-05-20T12:23:46.234Z",
            "updated_at": "2025-05-20T12:23:46.234Z",
            "deleted_at": null,
            "group": "a61f2d06-ff02-415b-91eb-9c6b68d5ba41",
            "student": null,
            "lid": "73caa115-b212-4f4e-8496-1f7ac9e791ba"
        }
    },
    {
        "model": "studentgroup.secondarystudentgroup",
        "pk": "ae24b149-3b51-4d28-83da-2be5442eb2b6",
        "fields": {
            "filial": null,
            "created_at": "2025-05-20T12:23:46.256Z",
            "updated_at": "2025-05-20T12:23:46.256Z",
            "deleted_at": null,
            "group": "ca8d8290-a1ff-4b27-8d46-751426702487",
            "student": null,
            "lid": "9002a218-93f9-4bdd-833c-b9d06bc04402"
        }
    },
    {
        "model": "studentgroup.secondarystudentgroup",
        "pk": "ba2853d2-e32e-4fd6-a77b-7fb968312dc4",
        "fields": {
            "filial": null,
            "created_at": "2025-05-20T12:23:46.211Z",
            "updated_at": "2025-05-20T12:23:46.211Z",
            "deleted_at": null,
            "group": "110076c0-6e0d-4c1b-9539-963888c8547e",
            "student": "23873fa2-14f4-4dcd-be7b-f20fc4088934",
            "lid": null
        }
    },
    {
        "model": "studentgroup.secondarystudentgroup",
        "pk": "bd999325-ef54-4fc8-814b-d8a7fe79fbb1",
        "fields": {
            "filial": null,
            "created_at": "2025-05-20T12:23:46.265Z",
            "updated_at": "2025-05-20T12:23:46.265Z",
            "deleted_at": null,
            "group": "ca8d8290-a1ff-4b27-8d46-751426702487",
            "student": "23d61ecf-c82d-4188-8e8c-c4004075b916",
            "lid": null
        }
    },
    {
        "model": "studentgroup.secondarystudentgroup",
        "pk": "c044b2e3-493e-4f75-b89c-b526d9b7fb7c",
        "fields": {
            "filial": null,
            "created_at": "2025-05-20T12:23:46.188Z",
            "updated_at": "2025-05-20T12:23:46.188Z",
            "deleted_at": null,
            "group": "fad0c7f2-14a0-48e8-a9e1-b1b0ce5f5298",
            "student": null,
            "lid": "d6d6ad01-c81f-4af0-9420-480de2e6cc21"
        }
    },
    {
        "model": "studentgroup.secondarystudentgroup",
        "pk": "c5c50be0-14d4-458c-ba98-d8078d7dd7ae",
        "fields": {
            "filial": null,
            "created_at": "2025-05-20T12:23:46.239Z",
            "updated_at": "2025-05-20T12:23:46.239Z",
            "deleted_at": null,
            "group": "a61f2d06-ff02-415b-91eb-9c6b68d5ba41",
            "student": null,
            "lid": "52aa599f-2eb2-4528-bdc5-0383c08a58c1"
        }
    },
    {
        "model": "studentgroup.secondarystudentgroup",
        "pk": "c8bf8f66-9b01-4c19-b713-359ddd83ea89",
        "fields": {
            "filial": null,
            "created_at": "2025-05-20T12:23:46.264Z",
            "updated_at": "2025-05-20T12:23:46.264Z",
            "deleted_at": null,
            "group": "ca8d8290-a1ff-4b27-8d46-751426702487",
            "student": null,
            "lid": "f4f1839e-d32b-44d1-8eda-855c6d68fb63"
        }
    },
    {
        "model": "studentgroup.secondarystudentgroup",
        "pk": "caddc1d1-2f33-4d8c-953a-272cfef472b2",
        "fields": {
            "filial": null,
            "created_at": "2025-05-20T12:23:46.240Z",
            "updated_at": "2025-05-20T12:23:46.241Z",
            "deleted_at": null,
            "group": "a61f2d06-ff02-415b-91eb-9c6b68d5ba41",
            "student": null,
            "lid": "d6e9d047-e097-418a-8e24-569b1b0d65e3"
        }
    },
    {
        "model": "studentgroup.secondarystudentgroup",
        "pk": "e875817a-cc6e-4530-9086-51abde5189d6",
        "fields": {
            "filial": null,
            "created_at": "2025-05-20T12:23:46.261Z",
            "updated_at": "2025-05-20T12:23:46.262Z",
            "deleted_at": null,
            "group": "ca8d8290-a1ff-4b27-8d46-751426702487",
            "student": null,
            "lid": "5b6bb083-17e2-4155-bb00-4fd54fba42c8"
        }
    },
    {
        "model": "studentgroup.secondarystudentgroup",
        "pk": "f4df4542-2d4b-40c6-b84b-78c032898d24",
        "fields": {
            "filial": null,
            "created_at": "2025-05-20T12:23:46.259Z",
            "updated_at": "2025-05-20T12:23:46.259Z",
            "deleted_at": null,
            "group": "ca8d8290-a1ff-4b27-8d46-751426702487",
            "student": null,
            "lid": "6700a663-93f5-48d8-8f94-d5ea10d8c00f"
        }
    },
    {
        "model": "lesson.firstllesson",
        "pk": "03bf7c69-d964-4c01-a873-781840e7e4f5",
        "fields": {
            "filial": 1,
            "created_at": "2025-04-22T14:51:53.730Z",
            "updated_at": "2025-04-22T14:51:53.730Z",
            "deleted_at": null,
            "lid": "6700a663-93f5-48d8-8f94-d5ea10d8c00f",
            "group": "b63cbf33-e0d5-4641-b7a6-caa09262ca35",
            "date": "2025-04-24",
            "time": "14:00:00",
            "comment": null,
            "creator": null
        }
    },
    {
        "model": "lesson.firstllesson",
        "pk": "15498344-78f3-40d0-9472-71d5e691fa9a",
        "fields": {
            "filial": 1,
            "created_at": "2025-04-22T14:53:50.742Z",
            "updated_at": "2025-04-22T14:53:50.742Z",
            "deleted_at": null,
            "lid": "74c8cc86-4941-42a0-887f-90acfa898c00",
            "group": "b63cbf33-e0d5-4641-b7a6-caa09262ca35",
            "date": "2025-04-24",
            "time": "14:00:00",
            "comment": null,
            "creator": null
        }
    },
    {
        "model": "lesson.firstllesson",
        "pk": "17237301-e32e-4f91-a9e0-4ab7118d660e",
        "fields": {
            "filial": 1,
            "created_at": "2025-04-22T14:52:21.721Z",
            "updated_at": "2025-04-22T14:52:21.722Z",
            "deleted_at": null,
            "lid": "3785d02e-d5aa-434a-936f-aa4e42169ff4",
            "group": "b63cbf33-e0d5-4641-b7a6-caa09262ca35",
            "date": "2025-04-24",
            "time": "14:00:00",
            "comment": null,
            "creator": null
        }
    },
    {
        "model": "lesson.firstllesson",
        "pk": "1fb60087-1857-489b-84bf-6a538209e821",
        "fields": {
            "filial": 1,
            "created_at": "2025-04-22T15:08:57.484Z",
            "updated_at": "2025-04-22T15:08:57.485Z",
            "deleted_at": null,
            "lid": "d6e9d047-e097-418a-8e24-569b1b0d65e3",
            "group": "b00d4949-14d5-41a3-b800-64ba7c60f613",
            "date": "2025-04-24",
            "time": "16:00:00",
            "comment": null,
            "creator": null
        }
    },
    {
        "model": "lesson.firstllesson",
        "pk": "21805a91-333d-4bda-b2b0-32504f19b9c1",
        "fields": {
            "filial": 1,
            "created_at": "2025-04-22T15:09:09.189Z",
            "updated_at": "2025-04-22T15:09:09.190Z",
            "deleted_at": null,
            "lid": "ecaa602d-cc91-40e4-805d-5145780f2d1f",
            "group": "b00d4949-14d5-41a3-b800-64ba7c60f613",
            "date": "2025-04-24",
            "time": "16:00:00",
            "comment": null,
            "creator": null
        }
    },
    {
        "model": "lesson.firstllesson",
        "pk": "316a0c5c-3e58-4ea9-aa9e-789b01ae89b2",
        "fields": {
            "filial": 1,
            "created_at": "2025-04-22T15:00:01.585Z",
            "updated_at": "2025-04-22T15:00:01.586Z",
            "deleted_at": null,
            "lid": "efeed4b9-e50a-48d3-bbbc-aa083b9f64c9",
            "group": "a0a5e2bf-0c3d-48c5-8931-876e7b26507d",
            "date": "2025-04-23",
            "time": "14:00:00",
            "comment": null,
            "creator": null
        }
    },
    {
        "model": "lesson.firstllesson",
        "pk": "31f3cc96-91d0-41e3-8e16-2a5b96d243ee",
        "fields": {
            "filial": 1,
            "created_at": "2025-04-22T15:08:16.415Z",
            "updated_at": "2025-04-22T15:08:16.416Z",
            "deleted_at": null,
            "lid": "52aa599f-2eb2-4528-bdc5-0383c08a58c1",
            "group": "b00d4949-14d5-41a3-b800-64ba7c60f613",
            "date": "2025-04-24",
            "time": "16:00:00",
            "comment": null,
            "creator": null
        }
    },
    {
        "model": "lesson.firstllesson",
        "pk": "34beb5e3-2cbb-440a-8b14-d1348c37e2cb",
        "fields": {
            "filial": 1,
            "created_at": "2025-04-22T14:53:00.757Z",
            "updated_at": "2025-04-22T14:53:00.757Z",
            "deleted_at": null,
            "lid": "737a70c4-866d-4e33-8857-cdb47bced096",
            "group": "b63cbf33-e0d5-4641-b7a6-caa09262ca35",
            "date": "2025-04-24",
            "time": "14:00:00",
            "comment": null,
            "creator": null
        }
    },
    {
        "model": "lesson.firstllesson",
        "pk": "3683f571-5d05-4c8b-ac21-9c5646038e2a",
        "fields": {
            "filial": 1,
            "created_at": "2025-04-22T14:53:39.938Z",
            "updated_at": "2025-04-22T14:53:39.939Z",
            "deleted_at": null,
            "lid": "9002a218-93f9-4bdd-833c-b9d06bc04402",
            "group": "b63cbf33-e0d5-4641-b7a6-caa09262ca35",
            "date": "2025-04-24",
            "time": "14:00:00",
            "comment": null,
            "creator": null
        }
    },
    {
        "model": "lesson.firstllesson",
        "pk": "37657fd1-5e26-4456-9942-ac27bee3d0ed",
        "fields": {
            "filial": 1,
            "created_at": "2025-04-22T14:59:29.780Z",
            "updated_at": "2025-04-22T14:59:29.780Z",
            "deleted_at": null,
            "lid": "5cf72319-d3db-4f85-be8d-579c3a455ea1",
            "group": "a0a5e2bf-0c3d-48c5-8931-876e7b26507d",
            "date": "2025-04-23",
            "time": "14:00:00",
            "comment": null,
            "creator": null
        }
    },
    {
        "model": "lesson.firstllesson",
        "pk": "3b82e0b3-ee90-4d9e-8ae6-5efc9a18a585",
        "fields": {
            "filial": 1,
            "created_at": "2025-04-22T15:08:01.318Z",
            "updated_at": "2025-04-22T15:08:01.318Z",
            "deleted_at": null,
            "lid": "73caa115-b212-4f4e-8496-1f7ac9e791ba",
            "group": "b00d4949-14d5-41a3-b800-64ba7c60f613",
            "date": "2025-04-24",
            "time": "16:00:00",
            "comment": null,
            "creator": null
        }
    },
    {
        "model": "lesson.firstllesson",
        "pk": "455f6e9d-d29e-4577-bdc4-ecbca7a39cf4",
        "fields": {
            "filial": 1,
            "created_at": "2025-05-21T04:19:18.390Z",
            "updated_at": "2025-05-21T04:19:18.390Z",
            "deleted_at": null,
            "lid": "bcc7a32d-472f-4e2a-aede-5825d0705145",
            "group": "b00d4949-14d5-41a3-b800-64ba7c60f613",
            "date": "2025-05-22",
            "time": "19:00:00",
            "comment": "dsfgs",
            "creator": "8f648e4e-beb1-4f59-990f-a04408c6a078"
        }
    },
    {
        "model": "lesson.firstllesson",
        "pk": "4716a1a7-e20e-450b-a205-f36cf289c873",
        "fields": {
            "filial": 1,
            "created_at": "2025-04-22T14:53:13.799Z",
            "updated_at": "2025-04-22T14:53:13.799Z",
            "deleted_at": null,
            "lid": "5b6bb083-17e2-4155-bb00-4fd54fba42c8",
            "group": "b63cbf33-e0d5-4641-b7a6-caa09262ca35",
            "date": "2025-04-24",
            "time": "14:00:00",
            "comment": null,
            "creator": null
        }
    },
    {
        "model": "lesson.firstllesson",
        "pk": "4e1b9758-3966-4031-bc75-24c68a8684f2",
        "fields": {
            "filial": 1,
            "created_at": "2025-04-22T14:59:13.750Z",
            "updated_at": "2025-04-22T14:59:13.751Z",
            "deleted_at": null,
            "lid": "90de3b43-8993-4131-81bc-da3b2c8e4e5b",
            "group": "a0a5e2bf-0c3d-48c5-8931-876e7b26507d",
            "date": "2025-04-23",
            "time": "14:00:00",
            "comment": null,
            "creator": null
        }
    },
    {
        "model": "lesson.firstllesson",
        "pk": "56e00eb9-10a6-4e92-9ad8-32e1034ad87b",
        "fields": {
            "filial": 1,
            "created_at": "2025-04-22T14:54:03.057Z",
            "updated_at": "2025-04-22T14:54:03.058Z",
            "deleted_at": null,
            "lid": "3c671aa8-ec9f-4afb-a616-e7a8eca5da96",
            "group": "b63cbf33-e0d5-4641-b7a6-caa09262ca35",
            "date": "2025-04-24",
            "time": "14:00:00",
            "comment": null,
            "creator": null
        }
    },
    {
        "model": "lesson.firstllesson",
        "pk": "570cb1d7-a802-4f32-961d-5974c82b5dae",
        "fields": {
            "filial": 1,
            "created_at": "2025-04-22T15:09:35.165Z",
            "updated_at": "2025-04-22T15:09:35.166Z",
            "deleted_at": null,
            "lid": "03668d21-75ab-4b33-9355-79d1a298f8e2",
            "group": "b00d4949-14d5-41a3-b800-64ba7c60f613",
            "date": "2025-04-24",
            "time": "16:00:00",
            "comment": null,
            "creator": null
        }
    },
    {
        "model": "lesson.firstllesson",
        "pk": "609d8249-a192-4c62-9444-2a43132c0da0",
        "fields": {
            "filial": 1,
            "created_at": "2025-04-22T15:09:21.665Z",
            "updated_at": "2025-04-22T15:09:21.666Z",
            "deleted_at": null,
            "lid": "5e5cc539-164d-4541-a7df-635b0d46efba",
            "group": "b00d4949-14d5-41a3-b800-64ba7c60f613",
            "date": "2025-04-24",
            "time": "16:00:00",
            "comment": null,
            "creator": null
        }
    },
    {
        "model": "lesson.firstllesson",
        "pk": "77073fa6-6e5c-4846-9933-e73d3b07096f",
        "fields": {
            "filial": 1,
            "created_at": "2025-04-22T14:58:28.878Z",
            "updated_at": "2025-04-22T14:58:28.879Z",
            "deleted_at": null,
            "lid": "d0050f1c-d786-40c1-b59e-83a070b16c89",
            "group": "a0a5e2bf-0c3d-48c5-8931-876e7b26507d",
            "date": "2025-04-23",
            "time": "14:00:00",
            "comment": null,
            "creator": null
        }
    },
    {
        "model": "lesson.firstllesson",
        "pk": "7889128f-57b1-44b4-902b-23de0ea1cbe1",
        "fields": {
            "filial": 1,
            "created_at": "2025-04-22T15:08:42.231Z",
            "updated_at": "2025-04-22T15:08:42.232Z",
            "deleted_at": null,
            "lid": "5e1cc0ab-71a9-4ac9-9f93-1a6eefad8e54",
            "group": "b00d4949-14d5-41a3-b800-64ba7c60f613",
            "date": "2025-04-24",
            "time": "16:00:00",
            "comment": null,
            "creator": null
        }
    },
    {
        "model": "lesson.firstllesson",
        "pk": "80fff671-1bb9-4a78-a442-76387e3b82df",
        "fields": {
            "filial": 1,
            "created_at": "2025-04-22T14:52:37.237Z",
            "updated_at": "2025-04-22T14:52:37.238Z",
            "deleted_at": null,
            "lid": "f4f1839e-d32b-44d1-8eda-855c6d68fb63",
            "group": "b63cbf33-e0d5-4641-b7a6-caa09262ca35",
            "date": "2025-04-24",
            "time": "14:00:00",
            "comment": null,
            "creator": null
        }
    },
    {
        "model": "lesson.firstllesson",
        "pk": "a642f7fd-45c3-48c0-9456-b3f8bbbbba1e",
        "fields": {
            "filial": 1,
            "created_at": "2025-04-22T14:53:28.729Z",
            "updated_at": "2025-04-22T14:53:28.730Z",
            "deleted_at": null,
            "lid": "939436ab-14b3-47fc-a18d-9e02a124a421",
            "group": "b63cbf33-e0d5-4641-b7a6-caa09262ca35",
            "date": "2025-04-24",
            "time": "14:00:00",
            "comment": null,
            "creator": null
        }
    },
    {
        "model": "lesson.firstllesson",
        "pk": "be9564e6-7575-4ddf-8a3c-c8263f94df04",
        "fields": {
            "filial": 1,
            "created_at": "2025-04-22T15:12:43.327Z",
            "updated_at": "2025-04-22T15:12:43.327Z",
            "deleted_at": null,
            "lid": "d6d6ad01-c81f-4af0-9420-480de2e6cc21",
            "group": "4b95b374-64ac-4780-8903-6c27a96f2fd0",
            "date": "2025-04-24",
            "time": "18:00:00",
            "comment": null,
            "creator": null
        }
    },
    {
        "model": "lesson.firstllesson",
        "pk": "c9ec7290-bb5b-4481-a681-cf74e33f5b52",
        "fields": {
            "filial": 1,
            "created_at": "2025-04-22T14:58:58.405Z",
            "updated_at": "2025-04-22T14:58:58.405Z",
            "deleted_at": null,
            "lid": "5a241da2-50d7-4366-a62a-90b0f235ca94",
            "group": "a0a5e2bf-0c3d-48c5-8931-876e7b26507d",
            "date": "2025-04-23",
            "time": "14:00:00",
            "comment": null,
            "creator": null
        }
    },
    {
        "model": "lesson.firstllesson",
        "pk": "ec73472e-4fcc-457c-a704-0466be508157",
        "fields": {
            "filial": 1,
            "created_at": "2025-04-22T14:51:23.691Z",
            "updated_at": "2025-04-22T14:51:23.692Z",
            "deleted_at": null,
            "lid": "6e15c9c1-7d46-4d58-87c9-fa56cc66652e",
            "group": "b63cbf33-e0d5-4641-b7a6-caa09262ca35",
            "date": "2025-04-24",
            "time": "14:00:00",
            "comment": null,
            "creator": null
        }
    },
    {
        "model": "lesson.firstllesson",
        "pk": "eee020d5-b997-4f03-ac0d-4b4dbdc194e0",
        "fields": {
            "filial": 1,
            "created_at": "2025-04-22T15:12:39.825Z",
            "updated_at": "2025-04-22T15:12:39.825Z",
            "deleted_at": null,
            "lid": "8d364a33-f2f2-4957-b4a5-9d2acb74b1da",
            "group": "4b95b374-64ac-4780-8903-6c27a96f2fd0",
            "date": "2025-04-24",
            "time": "18:00:00",
            "comment": null,
            "creator": null
        }
    },
    {
        "model": "lesson.firstllesson",
        "pk": "f2784e80-98bd-495a-9410-94e4d5a80085",
        "fields": {
            "filial": 1,
            "created_at": "2025-04-22T15:08:30.254Z",
            "updated_at": "2025-04-22T15:08:30.255Z",
            "deleted_at": null,
            "lid": "1e8176d6-9df9-4fa7-8c77-cf4d86abacbc",
            "group": "b00d4949-14d5-41a3-b800-64ba7c60f613",
            "date": "2025-04-24",
            "time": "16:00:00",
            "comment": null,
            "creator": null
        }
    },
    {
        "model": "subject.subject",
        "pk": "58711060-c6b3-47bb-966c-f0e24dee08cf",
        "fields": {
            "filial": 1,
            "created_at": "2025-04-14T12:05:49.821Z",
            "updated_at": "2025-04-14T14:40:46.725Z",
            "deleted_at": null,
            "name": "TURK TILI",
            "label": "#4a90e2",
            "image": "c7d87e73-d9ba-40d8-a2e8-bc019b377ac6",
            "has_level": true
        }
    },
    {
        "model": "subject.subject",
        "pk": "abee3d71-7653-4b6a-9c03-ab98ce8b3ebf",
        "fields": {
            "filial": 1,
            "created_at": "2025-04-14T15:19:16.254Z",
            "updated_at": "2025-04-14T15:40:29.675Z",
            "deleted_at": null,
            "name": "XITOY TILI",
            "label": "#47C77D",
            "image": "75ea1cff-751c-41d3-bf05-4d4ac416e557",
            "has_level": true
        }
    },
    {
        "model": "subject.subject",
        "pk": "c147b7fa-4eb5-4880-88e2-fb8e0f7d2328",
        "fields": {
            "filial": 1,
            "created_at": "2025-04-14T12:05:20.160Z",
            "updated_at": "2025-04-21T13:11:09.385Z",
            "deleted_at": null,
            "name": "KIMYO",
            "label": "#f8e71c",
            "image": null,
            "has_level": false
        }
    },
    {
        "model": "subject.subject",
        "pk": "db2ae60f-981e-455c-8298-eea48f36c92c",
        "fields": {
            "filial": 1,
            "created_at": "2025-04-14T12:00:37.124Z",
            "updated_at": "2025-04-14T14:36:51.012Z",
            "deleted_at": null,
            "name": "ENGLISH",
            "label": "#d0021b",
            "image": "d4313555-f377-4b67-8b26-7260c691f7bf",
            "has_level": true
        }
    },
    {
        "model": "subject.subject",
        "pk": "f81afaae-402c-4a0e-ac0d-33650704ca6a",
        "fields": {
            "filial": 1,
            "created_at": "2025-04-14T12:00:15.629Z",
            "updated_at": "2025-04-14T14:35:46.840Z",
            "deleted_at": null,
            "name": "MATEMATIKA",
            "label": "#47C77D",
            "image": "e597607c-6553-4878-8963-6752676cd700",
            "has_level": true
        }
    },
    {
        "model": "subject.level",
        "pk": "25c88649-62d0-4841-b6e7-c9a83e5a2cac",
        "fields": {
            "filial": null,
            "created_at": "2025-04-14T12:02:25.206Z",
            "updated_at": "2025-04-14T12:02:25.207Z",
            "deleted_at": null,
            "subject": "db2ae60f-981e-455c-8298-eea48f36c92c",
            "name": "PRE-INRETMEDIATE",
            "courses": "1b727615-aea4-4a84-b462-f48bd81feff2"
        }
    },
    {
        "model": "subject.level",
        "pk": "79faf5b6-5ff5-46ea-8268-b2a7c4a814b5",
        "fields": {
            "filial": null,
            "created_at": "2025-04-14T12:02:31.508Z",
            "updated_at": "2025-04-14T12:02:31.509Z",
            "deleted_at": null,
            "subject": "db2ae60f-981e-455c-8298-eea48f36c92c",
            "name": "INTERMEDIATE",
            "courses": "1b727615-aea4-4a84-b462-f48bd81feff2"
        }
    },
    {
        "model": "subject.level",
        "pk": "d3b114db-8117-4251-b387-e350a992cffc",
        "fields": {
            "filial": null,
            "created_at": "2025-04-14T12:02:16.188Z",
            "updated_at": "2025-04-14T12:02:16.188Z",
            "deleted_at": null,
            "subject": "db2ae60f-981e-455c-8298-eea48f36c92c",
            "name": "ELEMENTARY",
            "courses": "1b727615-aea4-4a84-b462-f48bd81feff2"
        }
    },
    {
        "model": "subject.level",
        "pk": "d44aa3b7-2d53-42d9-88b1-d1cf2faa13fc",
        "fields": {
            "filial": null,
            "created_at": "2025-04-15T14:03:57.103Z",
            "updated_at": "2025-04-15T14:03:57.104Z",
            "deleted_at": null,
            "subject": "f81afaae-402c-4a0e-ac0d-33650704ca6a",
            "name": "PIMA",
            "courses": "3931e193-b8fb-4900-82f6-7fd0dd14777b"
        }
    },
    {
        "model": "subject.level",
        "pk": "dbfea8e3-d8c9-4668-b6de-9632a0f7395c",
        "fields": {
            "filial": null,
            "created_at": "2025-04-14T12:02:08.992Z",
            "updated_at": "2025-04-14T12:02:08.993Z",
            "deleted_at": null,
            "subject": "db2ae60f-981e-455c-8298-eea48f36c92c",
            "name": "BIGENNER",
            "courses": "1b727615-aea4-4a84-b462-f48bd81feff2"
        }
    },
    {
        "model": "subject.level",
        "pk": "fd5678f9-9868-40a7-bb6a-725ed3855c1b",
        "fields": {
            "filial": null,
            "created_at": "2025-04-14T12:02:53.214Z",
            "updated_at": "2025-04-14T12:02:53.214Z",
            "deleted_at": null,
            "subject": "db2ae60f-981e-455c-8298-eea48f36c92c",
            "name": "IELTS",
            "courses": "1b727615-aea4-4a84-b462-f48bd81feff2"
        }
    },
    {
        "model": "subject.theme",
        "pk": "00c346c5-77f3-4276-bd33-a7a9f1b8570e",
        "fields": {
            "filial": null,
            "created_at": "2025-04-17T03:03:51.434Z",
            "updated_at": "2025-04-17T03:03:51.434Z",
            "deleted_at": null,
            "subject": "c147b7fa-4eb5-4880-88e2-fb8e0f7d2328",
            "title": "Takrorlash",
            "description": "Tuzlar gidrolizi bilan bog'liq masalalar",
            "theme": "Lesson",
            "course": "c1cacd4b-428e-4a7e-89a8-5974af999cbc",
            "level": null,
            "repeated_theme": [],
            "homework_files": [],
            "course_work_files": [],
            "extra_work_files": [],
            "videos": [],
            "files": [],
            "photos": []
        }
    },
    {
        "model": "subject.theme",
        "pk": "04ec7215-2c13-4f44-88cb-57e33941bbc8",
        "fields": {
            "filial": null,
            "created_at": "2025-04-17T03:03:51.490Z",
            "updated_at": "2025-04-17T03:03:51.491Z",
            "deleted_at": null,
            "subject": "c147b7fa-4eb5-4880-88e2-fb8e0f7d2328",
            "title": "Oleum",
            "description": "Oleumga oid murakkab misollar",
            "theme": "Lesson",
            "course": "c1cacd4b-428e-4a7e-89a8-5974af999cbc",
            "level": null,
            "repeated_theme": [],
            "homework_files": [],
            "course_work_files": [],
            "extra_work_files": [],
            "videos": [],
            "files": [],
            "photos": []
        }
    },
    {
        "model": "subject.theme",
        "pk": "094a35fb-532a-461f-98b4-03f5a630617a",
        "fields": {
            "filial": null,
            "created_at": "2025-04-17T03:03:51.069Z",
            "updated_at": "2025-04-17T03:03:51.069Z",
            "deleted_at": null,
            "subject": "c147b7fa-4eb5-4880-88e2-fb8e0f7d2328",
            "title": "Valentlik",
            "description": "Valentlik\no'zgaruvchan va o'zgarmas valentlik \nelementlar valentligi\nvalentlik asosida formula xosil qilish",
            "theme": "Lesson",
            "course": "c1cacd4b-428e-4a7e-89a8-5974af999cbc",
            "level": null,
            "repeated_theme": [],
            "homework_files": [],
            "course_work_files": [],
            "extra_work_files": [],
            "videos": [],
            "files": [],
            "photos": []
        }
    },
    {
        "model": "subject.theme",
        "pk": "097c16a0-5833-4787-a1ee-5e73d4eb8c7e",
        "fields": {
            "filial": null,
            "created_at": "2025-04-15T18:35:34.276Z",
            "updated_at": "2025-04-15T18:35:34.277Z",
            "deleted_at": null,
            "subject": "db2ae60f-981e-455c-8298-eea48f36c92c",
            "title": "Lesson 28. Unit 9. Science/Gadgets",
            "description": "Materials\nDescribing technology \nZero conditional\nThe passive form of present simple and past simple \nAdverbs with the passive",
            "theme": "Lesson",
            "course": "1b727615-aea4-4a84-b462-f48bd81feff2",
            "level": "25c88649-62d0-4841-b6e7-c9a83e5a2cac",
            "repeated_theme": [],
            "homework_files": [],
            "course_work_files": [],
            "extra_work_files": [],
            "videos": [],
            "files": [],
            "photos": []
        }
    },
    {
        "model": "subject.theme",
        "pk": "09b6ba8d-6dd5-4a47-956f-cdfca5b6e357",
        "fields": {
            "filial": null,
            "created_at": "2025-04-17T03:03:51.074Z",
            "updated_at": "2025-04-17T03:03:51.074Z",
            "deleted_at": null,
            "subject": "c147b7fa-4eb5-4880-88e2-fb8e0f7d2328",
            "title": "Anorganik birikmalarning \neng muhim sinflari",
            "description": "Moddalar klassifikatsiyasi\nOksidlar\numumiy formulasi\nnomlanishi \ngrafik formulasi \nsigma va pi bog' soni",
            "theme": "Lesson",
            "course": "c1cacd4b-428e-4a7e-89a8-5974af999cbc",
            "level": null,
            "repeated_theme": [],
            "homework_files": [],
            "course_work_files": [],
            "extra_work_files": [],
            "videos": [],
            "files": [],
            "photos": []
        }
    },
    {
        "model": "subject.theme",
        "pk": "0cc97b86-2171-4b7d-9487-ecb477c08771",
        "fields": {
            "filial": null,
            "created_at": "2025-04-17T03:03:51.280Z",
            "updated_at": "2025-04-17T03:03:51.280Z",
            "deleted_at": null,
            "subject": "c147b7fa-4eb5-4880-88e2-fb8e0f7d2328",
            "title": "Gazlar",
            "description": "Gazlarning zichligi va nisbiy zichlik, ",
            "theme": "Lesson",
            "course": "c1cacd4b-428e-4a7e-89a8-5974af999cbc",
            "level": null,
            "repeated_theme": [],
            "homework_files": [],
            "course_work_files": [],
            "extra_work_files": [],
            "videos": [],
            "files": [],
            "photos": []
        }
    },
    {
        "model": "subject.theme",
        "pk": "0db28c6c-b752-410b-9b87-1f7d8e30600b",
        "fields": {
            "filial": null,
            "created_at": "2025-04-17T03:03:51.205Z",
            "updated_at": "2025-04-17T03:03:51.205Z",
            "deleted_at": null,
            "subject": "c147b7fa-4eb5-4880-88e2-fb8e0f7d2328",
            "title": "Davriy sistema va davriy qonun",
            "description": "Metallik va metalmaslik xossa\nNEM qiymati \noksidlovchilik va qaytaruvchilik xossa\natom radis\nion radius\nBinar birikmalar",
            "theme": "Lesson",
            "course": "c1cacd4b-428e-4a7e-89a8-5974af999cbc",
            "level": null,
            "repeated_theme": [],
            "homework_files": [],
            "course_work_files": [],
            "extra_work_files": [],
            "videos": [],
            "files": [],
            "photos": []
        }
    },
    {
        "model": "subject.theme",
        "pk": "0f062b92-2648-46c1-be9b-81d4546af85b",
        "fields": {
            "filial": null,
            "created_at": "2025-04-17T03:03:51.114Z",
            "updated_at": "2025-04-17T03:03:51.115Z",
            "deleted_at": null,
            "subject": "c147b7fa-4eb5-4880-88e2-fb8e0f7d2328",
            "title": "Nordon tuz",
            "description": "Nordon tuz \nnomlanishi \nolinishi\nfizik va kimyoviy xossalari\ngrafik formulasi\nsigma va pi bog' soni",
            "theme": "Lesson",
            "course": "c1cacd4b-428e-4a7e-89a8-5974af999cbc",
            "level": null,
            "repeated_theme": [],
            "homework_files": [],
            "course_work_files": [],
            "extra_work_files": [],
            "videos": [],
            "files": [],
            "photos": []
        }
    },
    {
        "model": "subject.theme",
        "pk": "0f1fbd81-b93f-4b14-90a9-e1067f435b59",
        "fields": {
            "filial": null,
            "created_at": "2025-04-17T03:03:51.413Z",
            "updated_at": "2025-04-17T03:03:51.413Z",
            "deleted_at": null,
            "subject": "c147b7fa-4eb5-4880-88e2-fb8e0f7d2328",
            "title": "Takrorlash",
            "description": "Kimyoviy muvozanatga oid msiol va masalalar ishlash",
            "theme": "Lesson",
            "course": "c1cacd4b-428e-4a7e-89a8-5974af999cbc",
            "level": null,
            "repeated_theme": [],
            "homework_files": [],
            "course_work_files": [],
            "extra_work_files": [],
            "videos": [],
            "files": [],
            "photos": []
        }
    },
    {
        "model": "subject.theme",
        "pk": "0f91c065-5851-4ca0-a32b-a7b711c12dde",
        "fields": {
            "filial": null,
            "created_at": "2025-04-15T17:29:46.106Z",
            "updated_at": "2025-04-15T17:30:35.730Z",
            "deleted_at": null,
            "subject": "db2ae60f-981e-455c-8298-eea48f36c92c",
            "title": "Lesson 5. Unit 2. Adventure/Landscapes",
            "description": "Landscape features, adjectives \nPrepositions of movement and position \nThere is there are for countable and uncountable nouns\nPast continuous \nPast simple and past continuous \nWhile as when",
            "theme": "Lesson",
            "course": "1b727615-aea4-4a84-b462-f48bd81feff2",
            "level": "25c88649-62d0-4841-b6e7-c9a83e5a2cac",
            "repeated_theme": [],
            "homework_files": [],
            "course_work_files": [],
            "extra_work_files": [],
            "videos": [],
            "files": [],
            "photos": []
        }
    },
    {
        "model": "subject.theme",
        "pk": "11e0b1e2-ec8e-446f-bfe6-e3af64960b7c",
        "fields": {
            "filial": null,
            "created_at": "2025-04-15T18:32:59.817Z",
            "updated_at": "2025-04-15T18:32:59.818Z",
            "deleted_at": null,
            "subject": "db2ae60f-981e-455c-8298-eea48f36c92c",
            "title": "Lesson 27. Unit 8 cont",
            "description": "Compound nouns\nPhoto description and comparison \nUsing phrases\nEspressing an opinion\nGiving a tentative opinion \nAn email \nSequencing phrases",
            "theme": "Lesson",
            "course": "1b727615-aea4-4a84-b462-f48bd81feff2",
            "level": "25c88649-62d0-4841-b6e7-c9a83e5a2cac",
            "repeated_theme": [],
            "homework_files": [],
            "course_work_files": [],
            "extra_work_files": [],
            "videos": [],
            "files": [],
            "photos": []
        }
    },
    {
        "model": "subject.theme",
        "pk": "1419d67b-58a9-4e6a-acc0-4dbdb7dfec8f",
        "fields": {
            "filial": null,
            "created_at": "2025-04-17T03:03:51.522Z",
            "updated_at": "2025-04-17T03:03:51.522Z",
            "deleted_at": null,
            "subject": "c147b7fa-4eb5-4880-88e2-fb8e0f7d2328",
            "title": "Alkenlar",
            "description": "Alkenlar tarifi, umumiy formulasi, gomologik \nqatori, gibridlanishi, nomenklaturasi, izomeriyasi, olinishi, fizik va kimyoviy xossalari",
            "theme": "Lesson",
            "course": "c1cacd4b-428e-4a7e-89a8-5974af999cbc",
            "level": null,
            "repeated_theme": [],
            "homework_files": [],
            "course_work_files": [],
            "extra_work_files": [],
            "videos": [],
            "files": [],
            "photos": []
        }
    },
    {
        "model": "subject.theme",
        "pk": "17de4746-fdd8-406c-9835-20b38a5d56de",
        "fields": {
            "filial": null,
            "created_at": "2025-04-17T03:03:51.506Z",
            "updated_at": "2025-04-17T03:03:51.506Z",
            "deleted_at": null,
            "subject": "c147b7fa-4eb5-4880-88e2-fb8e0f7d2328",
            "title": "Alkanlar",
            "description": "olinishi, fizik va kimyoviy xossalari",
            "theme": "Lesson",
            "course": "c1cacd4b-428e-4a7e-89a8-5974af999cbc",
            "level": null,
            "repeated_theme": [],
            "homework_files": [],
            "course_work_files": [],
            "extra_work_files": [],
            "videos": [],
            "files": [],
            "photos": []
        }
    },
    {
        "model": "subject.theme",
        "pk": "19099fa1-9a3d-4758-aa58-14729d65b409",
        "fields": {
            "filial": null,
            "created_at": "2025-04-17T03:03:51.064Z",
            "updated_at": "2025-04-17T03:03:51.064Z",
            "deleted_at": null,
            "subject": "c147b7fa-4eb5-4880-88e2-fb8e0f7d2328",
            "title": "Agregat holat, Modda xossalari",
            "description": "4 xil agregat xolat\nfizik - kimyoviy xodisalar \nfizik\nkimyoviy \nbiologik xossalar\n",
            "theme": "Lesson",
            "course": "c1cacd4b-428e-4a7e-89a8-5974af999cbc",
            "level": null,
            "repeated_theme": [],
            "homework_files": [],
            "course_work_files": [],
            "extra_work_files": [],
            "videos": [],
            "files": [],
            "photos": []
        }
    },
    {
        "model": "subject.theme",
        "pk": "1a82b94a-51cf-49a1-afae-90c15c4155ae",
        "fields": {
            "filial": null,
            "created_at": "2025-04-15T17:51:37.723Z",
            "updated_at": "2025-04-15T17:51:37.724Z",
            "deleted_at": null,
            "subject": "db2ae60f-981e-455c-8298-eea48f36c92c",
            "title": "Lesson 12. Unit 4 cont",
            "description": "Superlative adjectives/ too, enough \nPhrasal verbs \nExpressing opinions \nEnvironment ( compound nouns)\nChecking a gapped sentence task\nVerbs of movement",
            "theme": "Lesson",
            "course": "1b727615-aea4-4a84-b462-f48bd81feff2",
            "level": "25c88649-62d0-4841-b6e7-c9a83e5a2cac",
            "repeated_theme": [],
            "homework_files": [],
            "course_work_files": [],
            "extra_work_files": [],
            "videos": [],
            "files": [],
            "photos": []
        }
    },
    {
        "model": "subject.theme",
        "pk": "1ad4658b-1552-40e9-87e7-c7734e9e4360",
        "fields": {
            "filial": null,
            "created_at": "2025-04-17T03:03:51.041Z",
            "updated_at": "2025-04-17T03:03:51.041Z",
            "deleted_at": null,
            "subject": "c147b7fa-4eb5-4880-88e2-fb8e0f7d2328",
            "title": "Davriy sistema ",
            "description": "Davriy sistemadagi 118 xil element\ns, p, d, f oilalar haqida ma'lumot\ndavr(katta va kichik)\nguruxlar haqida ma'lumot\nmetall va metalmaslar",
            "theme": "Lesson",
            "course": "c1cacd4b-428e-4a7e-89a8-5974af999cbc",
            "level": null,
            "repeated_theme": [],
            "homework_files": [],
            "course_work_files": [],
            "extra_work_files": [],
            "videos": [],
            "files": [],
            "photos": []
        }
    },
    {
        "model": "subject.theme",
        "pk": "1ce2f54f-b75e-4870-b378-03c72b422221",
        "fields": {
            "filial": null,
            "created_at": "2025-04-17T03:03:51.120Z",
            "updated_at": "2025-04-17T03:03:51.120Z",
            "deleted_at": null,
            "subject": "c147b7fa-4eb5-4880-88e2-fb8e0f7d2328",
            "title": "Asosli tuz",
            "description": "Asosli tuz \nnomlanishi \nolinishi\nfizik va kimyoviy xossalari\ngrafik formulasi\nsigma va pi bog' soni",
            "theme": "Lesson",
            "course": "c1cacd4b-428e-4a7e-89a8-5974af999cbc",
            "level": null,
            "repeated_theme": [],
            "homework_files": [],
            "course_work_files": [],
            "extra_work_files": [],
            "videos": [],
            "files": [],
            "photos": []
        }
    },
    {
        "model": "subject.theme",
        "pk": "1d61145b-9508-485d-beef-da89f9743739",
        "fields": {
            "filial": null,
            "created_at": "2025-04-17T03:03:51.456Z",
            "updated_at": "2025-04-17T03:03:51.457Z",
            "deleted_at": null,
            "subject": "c147b7fa-4eb5-4880-88e2-fb8e0f7d2328",
            "title": "Elektrostatik jarayonlar",
            "description": "Elektroliz\nelektroliz tushunchasi\nmetallarning aktivlik qatori\nsuyuqlanmalar elektrolizi\neritmalar elektroliz",
            "theme": "Lesson",
            "course": "c1cacd4b-428e-4a7e-89a8-5974af999cbc",
            "level": null,
            "repeated_theme": [],
            "homework_files": [],
            "course_work_files": [],
            "extra_work_files": [],
            "videos": [],
            "files": [],
            "photos": []
        }
    },
    {
        "model": "subject.theme",
        "pk": "1e7f3e03-ea19-4657-919b-6dc2116748c6",
        "fields": {
            "filial": null,
            "created_at": "2025-04-15T19:02:36.152Z",
            "updated_at": "2025-04-15T19:02:36.152Z",
            "deleted_at": null,
            "subject": "db2ae60f-981e-455c-8298-eea48f36c92c",
            "title": "Lesson 32. Culture 4-5-6",
            "description": "The English language \nBritish entrepreneurs\nAlcatraz\nAll related reading listening writing and speaking tasks",
            "theme": "Lesson",
            "course": "1b727615-aea4-4a84-b462-f48bd81feff2",
            "level": "25c88649-62d0-4841-b6e7-c9a83e5a2cac",
            "repeated_theme": [],
            "homework_files": [],
            "course_work_files": [],
            "extra_work_files": [],
            "videos": [],
            "files": [],
            "photos": []
        }
    },
    {
        "model": "subject.theme",
        "pk": "21d6889d-e20f-4909-943b-089e39c084c1",
        "fields": {
            "filial": null,
            "created_at": "2025-04-17T03:03:51.337Z",
            "updated_at": "2025-04-17T03:03:51.337Z",
            "deleted_at": null,
            "subject": "c147b7fa-4eb5-4880-88e2-fb8e0f7d2328",
            "title": "Eritmalar",
            "description": "Molyar konsentratsiya\neritmalarni aralashtirish, \nfoiz konsentratsiyadan molyar konsentratsiyaga o`tish",
            "theme": "Lesson",
            "course": "c1cacd4b-428e-4a7e-89a8-5974af999cbc",
            "level": null,
            "repeated_theme": [],
            "homework_files": [],
            "course_work_files": [],
            "extra_work_files": [],
            "videos": [],
            "files": [],
            "photos": []
        }
    },
    {
        "model": "subject.theme",
        "pk": "235e8163-45fe-4723-8fce-212c2d861adb",
        "fields": {
            "filial": null,
            "created_at": "2025-04-17T03:03:51.144Z",
            "updated_at": "2025-04-17T03:03:51.144Z",
            "deleted_at": null,
            "subject": "c147b7fa-4eb5-4880-88e2-fb8e0f7d2328",
            "title": "Miqdoriy qonunlar",
            "description": "foiz tarkibga ko`ra molekulyar formula xosil qilish\nmol ulushiga ko`ra molekular formulasini xosil qilish",
            "theme": "Lesson",
            "course": "c1cacd4b-428e-4a7e-89a8-5974af999cbc",
            "level": null,
            "repeated_theme": [],
            "homework_files": [],
            "course_work_files": [],
            "extra_work_files": [],
            "videos": [],
            "files": [],
            "photos": []
        }
    },
    {
        "model": "subject.theme",
        "pk": "24d2cd8e-1393-45ed-be4c-8f1a21362e5d",
        "fields": {
            "filial": null,
            "created_at": "2025-04-17T03:03:51.480Z",
            "updated_at": "2025-04-17T03:03:51.480Z",
            "deleted_at": null,
            "subject": "c147b7fa-4eb5-4880-88e2-fb8e0f7d2328",
            "title": "Plastinka",
            "description": "Plastinka haqida tushuncha unga oid misol va masalalar",
            "theme": "Lesson",
            "course": "c1cacd4b-428e-4a7e-89a8-5974af999cbc",
            "level": null,
            "repeated_theme": [],
            "homework_files": [],
            "course_work_files": [],
            "extra_work_files": [],
            "videos": [],
            "files": [],
            "photos": []
        }
    },
    {
        "model": "subject.theme",
        "pk": "28e9747b-6d8c-4fde-b204-0ba661610fab",
        "fields": {
            "filial": null,
            "created_at": "2025-04-17T03:03:51.347Z",
            "updated_at": "2025-04-17T03:03:51.347Z",
            "deleted_at": null,
            "subject": "c147b7fa-4eb5-4880-88e2-fb8e0f7d2328",
            "title": "Eritmalar",
            "description": "Titr konsentratsiya",
            "theme": "Lesson",
            "course": "c1cacd4b-428e-4a7e-89a8-5974af999cbc",
            "level": null,
            "repeated_theme": [],
            "homework_files": [],
            "course_work_files": [],
            "extra_work_files": [],
            "videos": [],
            "files": [],
            "photos": []
        }
    },
    {
        "model": "subject.theme",
        "pk": "2ddfcb7c-362b-4db6-9dc9-43c574584aac",
        "fields": {
            "filial": null,
            "created_at": "2025-04-17T03:03:51.609Z",
            "updated_at": "2025-04-17T03:03:51.609Z",
            "deleted_at": null,
            "subject": "c147b7fa-4eb5-4880-88e2-fb8e0f7d2328",
            "title": "Yog'lar va sovunlar",
            "description": "Yog' va sovunlarning, tarifi, umumiy formulasi, gomologik qatori, toifalanishi, gibridlanishi, nomenklaturasi, izomeriyasi, olinishi, fizik va kimyoviy xossalari",
            "theme": "Lesson",
            "course": "c1cacd4b-428e-4a7e-89a8-5974af999cbc",
            "level": null,
            "repeated_theme": [],
            "homework_files": [],
            "course_work_files": [],
            "extra_work_files": [],
            "videos": [],
            "files": [],
            "photos": []
        }
    },
    {
        "model": "subject.theme",
        "pk": "2e3d72e4-3004-4a81-b3a3-5610660c1d2c",
        "fields": {
            "filial": null,
            "created_at": "2025-04-17T03:03:51.125Z",
            "updated_at": "2025-04-17T03:03:51.125Z",
            "deleted_at": null,
            "subject": "c147b7fa-4eb5-4880-88e2-fb8e0f7d2328",
            "title": "Qo`sh va aralash tuzlar",
            "description": "Qo`sh va aralash tuzlar\nnomlanishi \nolinishi\nfizik va kimyoviy xossalari\ngrafik formulasi\nsigma va pi bog' soni",
            "theme": "Lesson",
            "course": "c1cacd4b-428e-4a7e-89a8-5974af999cbc",
            "level": null,
            "repeated_theme": [],
            "homework_files": [],
            "course_work_files": [],
            "extra_work_files": [],
            "videos": [],
            "files": [],
            "photos": []
        }
    },
    {
        "model": "subject.theme",
        "pk": "303e2b28-882b-49be-839f-17e18ea6b9d0",
        "fields": {
            "filial": null,
            "created_at": "2025-04-17T03:03:51.149Z",
            "updated_at": "2025-04-17T03:03:51.149Z",
            "deleted_at": null,
            "subject": "c147b7fa-4eb5-4880-88e2-fb8e0f7d2328",
            "title": "Miqdoriy qonunlar",
            "description": "Massaning saqlanish qonuni\nreaksiyada proporsiya orqali hisoblashlar",
            "theme": "Lesson",
            "course": "c1cacd4b-428e-4a7e-89a8-5974af999cbc",
            "level": null,
            "repeated_theme": [],
            "homework_files": [],
            "course_work_files": [],
            "extra_work_files": [],
            "videos": [],
            "files": [],
            "photos": []
        }
    },
    {
        "model": "subject.theme",
        "pk": "30a83078-4fa1-43d9-ba82-f42a3516c3ae",
        "fields": {
            "filial": null,
            "created_at": "2025-04-17T03:03:51.153Z",
            "updated_at": "2025-04-17T03:03:51.153Z",
            "deleted_at": null,
            "subject": "c147b7fa-4eb5-4880-88e2-fb8e0f7d2328",
            "title": "Miqdoriy qonunlar",
            "description": "Hajmiy nisbatlar\nKarrali  nisbatlar qonuni\nAvogadro qonuni",
            "theme": "Lesson",
            "course": "c1cacd4b-428e-4a7e-89a8-5974af999cbc",
            "level": null,
            "repeated_theme": [],
            "homework_files": [],
            "course_work_files": [],
            "extra_work_files": [],
            "videos": [],
            "files": [],
            "photos": []
        }
    },
    {
        "model": "subject.theme",
        "pk": "33806d3a-d0fc-475c-8836-6bc7212c026e",
        "fields": {
            "filial": null,
            "created_at": "2025-04-17T03:03:51.313Z",
            "updated_at": "2025-04-17T03:03:51.313Z",
            "deleted_at": null,
            "subject": "c147b7fa-4eb5-4880-88e2-fb8e0f7d2328",
            "title": "Gaz qonunlari",
            "description": "Mendeleyev-Klapeyron tenglamasi va \nmavzuga oid misollar",
            "theme": "Lesson",
            "course": "c1cacd4b-428e-4a7e-89a8-5974af999cbc",
            "level": null,
            "repeated_theme": [],
            "homework_files": [],
            "course_work_files": [],
            "extra_work_files": [],
            "videos": [],
            "files": [],
            "photos": []
        }
    },
    {
        "model": "subject.theme",
        "pk": "3730132c-bf8f-402d-a3ee-c05f3d307eac",
        "fields": {
            "filial": null,
            "created_at": "2025-04-16T00:42:30.172Z",
            "updated_at": "2025-04-16T00:42:30.172Z",
            "deleted_at": null,
            "subject": "db2ae60f-981e-455c-8298-eea48f36c92c",
            "title": "Lesson 38. Grammar builder and Grammar Reference",
            "description": "Grammar builder and grammar reference of 7-8-9th units",
            "theme": "Lesson",
            "course": "1b727615-aea4-4a84-b462-f48bd81feff2",
            "level": "25c88649-62d0-4841-b6e7-c9a83e5a2cac",
            "repeated_theme": [],
            "homework_files": [],
            "course_work_files": [],
            "extra_work_files": [],
            "videos": [],
            "files": [],
            "photos": []
        }
    },
    {
        "model": "subject.theme",
        "pk": "3a268c90-edfb-449c-b44b-144554571b6d",
        "fields": {
            "filial": null,
            "created_at": "2025-04-17T03:03:51.172Z",
            "updated_at": "2025-04-17T03:03:51.172Z",
            "deleted_at": null,
            "subject": "c147b7fa-4eb5-4880-88e2-fb8e0f7d2328",
            "title": "Kimyoviy reaksiya orqali \nxisoblashlar ",
            "description": "Kimyoviy reaksiyalar bo`yicha xisoblashlar, reaksiya \nunumi",
            "theme": "Lesson",
            "course": "c1cacd4b-428e-4a7e-89a8-5974af999cbc",
            "level": null,
            "repeated_theme": [],
            "homework_files": [],
            "course_work_files": [],
            "extra_work_files": [],
            "videos": [],
            "files": [],
            "photos": []
        }
    },
    {
        "model": "subject.theme",
        "pk": "3a903ad1-bd13-491c-b728-0ec9565028f5",
        "fields": {
            "filial": null,
            "created_at": "2025-04-17T03:03:51.577Z",
            "updated_at": "2025-04-17T03:03:51.577Z",
            "deleted_at": null,
            "subject": "c147b7fa-4eb5-4880-88e2-fb8e0f7d2328",
            "title": "Fenollar va aromatik spirtlar",
            "description": "Fenollar va aromatik spirtlarning, tarifi, umumiy formulasi, gomologik qatori, toifalanishi, gibridlanishi, nomenklaturasi, izomeriyasi, olinishi, fizik va kimyoviy xossalari",
            "theme": "Lesson",
            "course": "c1cacd4b-428e-4a7e-89a8-5974af999cbc",
            "level": null,
            "repeated_theme": [],
            "homework_files": [],
            "course_work_files": [],
            "extra_work_files": [],
            "videos": [],
            "files": [],
            "photos": []
        }
    },
    {
        "model": "subject.theme",
        "pk": "3c4f56a8-60df-4322-896b-876fc7b1b218",
        "fields": {
            "filial": null,
            "created_at": "2025-04-17T03:03:51.408Z",
            "updated_at": "2025-04-17T03:03:51.409Z",
            "deleted_at": null,
            "subject": "c147b7fa-4eb5-4880-88e2-fb8e0f7d2328",
            "title": "Kimyoviy reaksiya kinetikasi",
            "description": " Le Shatelye prinsipi\nmuvozanatga ta'sir etuvchi omillar konsentratsiya\nbosim\ntemperatura va katalizator tasiri",
            "theme": "Lesson",
            "course": "c1cacd4b-428e-4a7e-89a8-5974af999cbc",
            "level": null,
            "repeated_theme": [],
            "homework_files": [],
            "course_work_files": [],
            "extra_work_files": [],
            "videos": [],
            "files": [],
            "photos": []
        }
    },
    {
        "model": "subject.theme",
        "pk": "3d347971-34d3-41f1-bbba-37ff819c4af8",
        "fields": {
            "filial": null,
            "created_at": "2025-04-17T03:03:51.185Z",
            "updated_at": "2025-04-17T03:03:51.186Z",
            "deleted_at": null,
            "subject": "c147b7fa-4eb5-4880-88e2-fb8e0f7d2328",
            "title": "Ekvivalentlik qonuni",
            "description": "Ekvivalent masssa xisoblash \noddiy modda \noksid \nasos\nkislota\ntuzlar uchun",
            "theme": "Lesson",
            "course": "c1cacd4b-428e-4a7e-89a8-5974af999cbc",
            "level": null,
            "repeated_theme": [],
            "homework_files": [],
            "course_work_files": [],
            "extra_work_files": [],
            "videos": [],
            "files": [],
            "photos": []
        }
    },
    {
        "model": "subject.theme",
        "pk": "3d5d1a0e-86f6-432f-b60b-76863bf14cdc",
        "fields": {
            "filial": null,
            "created_at": "2025-04-17T03:03:51.356Z",
            "updated_at": "2025-04-17T03:03:51.357Z",
            "deleted_at": null,
            "subject": "c147b7fa-4eb5-4880-88e2-fb8e0f7d2328",
            "title": "Takrorlash",
            "description": "Eritmalar tayyorlash, turli konsentratsiyalarini aniqlash va bir turdagi konsentratsiyadan boshqa turdagi konsentratsiyaga o`tish",
            "theme": "Lesson",
            "course": "c1cacd4b-428e-4a7e-89a8-5974af999cbc",
            "level": null,
            "repeated_theme": [],
            "homework_files": [],
            "course_work_files": [],
            "extra_work_files": [],
            "videos": [],
            "files": [],
            "photos": []
        }
    },
    {
        "model": "subject.theme",
        "pk": "3d911fe5-4027-4d6d-a32a-7a36dd84af1b",
        "fields": {
            "filial": null,
            "created_at": "2025-04-15T17:16:48.217Z",
            "updated_at": "2025-04-15T17:16:48.218Z",
            "deleted_at": null,
            "subject": "db2ae60f-981e-455c-8298-eea48f36c92c",
            "title": "Lesson 2. Unit 1. Feelings",
            "description": "Adjectives to describe feelings \nModifying adverbs \nPresent continuous stative verbs\nPast simple affirmative \nShould ( giving advice)",
            "theme": "Lesson",
            "course": "1b727615-aea4-4a84-b462-f48bd81feff2",
            "level": "25c88649-62d0-4841-b6e7-c9a83e5a2cac",
            "repeated_theme": [],
            "homework_files": [],
            "course_work_files": [],
            "extra_work_files": [],
            "videos": [],
            "files": [],
            "photos": []
        }
    },
    {
        "model": "subject.theme",
        "pk": "3deeda5b-127d-469d-8239-6b811e571731",
        "fields": {
            "filial": null,
            "created_at": "2025-04-17T03:03:51.261Z",
            "updated_at": "2025-04-17T03:03:51.261Z",
            "deleted_at": null,
            "subject": "c147b7fa-4eb5-4880-88e2-fb8e0f7d2328",
            "title": "Kimyoviy bog'lanish",
            "description": "Kimyoviy bog' turlari\nKovalent bog'\nion bog'\nvodorod bog'lanish\nmetall bog'lanish\ndonor-akseptor bog'lanish",
            "theme": "Lesson",
            "course": "c1cacd4b-428e-4a7e-89a8-5974af999cbc",
            "level": null,
            "repeated_theme": [],
            "homework_files": [],
            "course_work_files": [],
            "extra_work_files": [],
            "videos": [],
            "files": [],
            "photos": []
        }
    },
    {
        "model": "subject.theme",
        "pk": "3f9dd35f-a5e5-48fc-9ca1-58d52314bf28",
        "fields": {
            "filial": null,
            "created_at": "2025-04-17T03:03:51.288Z",
            "updated_at": "2025-04-17T03:03:51.289Z",
            "deleted_at": null,
            "subject": "c147b7fa-4eb5-4880-88e2-fb8e0f7d2328",
            "title": "Gazlar",
            "description": "o`rtacha massani aniqlash\nhajmiy ulush \nmassa ulushlarni aniqlash",
            "theme": "Lesson",
            "course": "c1cacd4b-428e-4a7e-89a8-5974af999cbc",
            "level": null,
            "repeated_theme": [],
            "homework_files": [],
            "course_work_files": [],
            "extra_work_files": [],
            "videos": [],
            "files": [],
            "photos": []
        }
    },
    {
        "model": "subject.theme",
        "pk": "40b4186a-5400-4088-a0c6-49ecfb9f76f5",
        "fields": {
            "filial": null,
            "created_at": "2025-04-17T03:03:51.501Z",
            "updated_at": "2025-04-17T03:03:51.501Z",
            "deleted_at": null,
            "subject": "c147b7fa-4eb5-4880-88e2-fb8e0f7d2328",
            "title": "Uglevodorodlar",
            "description": "Uglevodorodlar tarifi, toifalanishi, \nAlkanlar, umumiy formulasi, gomologik qatori, radikallar, nomlanishi, izomeriyasi",
            "theme": "Lesson",
            "course": "c1cacd4b-428e-4a7e-89a8-5974af999cbc",
            "level": null,
            "repeated_theme": [],
            "homework_files": [],
            "course_work_files": [],
            "extra_work_files": [],
            "videos": [],
            "files": [],
            "photos": []
        }
    },
    {
        "model": "subject.theme",
        "pk": "410f4908-b501-450d-9ffd-aaa6ec4c2f7a",
        "fields": {
            "filial": null,
            "created_at": "2025-04-17T03:03:51.593Z",
            "updated_at": "2025-04-17T03:03:51.593Z",
            "deleted_at": null,
            "subject": "c147b7fa-4eb5-4880-88e2-fb8e0f7d2328",
            "title": "Karbon kislotalar",
            "description": "Karbon kislotalar tariflari, toifalanishi, umumiy \nformulalari, nomenklaturasi, izomeriyasi, olinishi, fizik va kimyoviy xossalari",
            "theme": "Lesson",
            "course": "c1cacd4b-428e-4a7e-89a8-5974af999cbc",
            "level": null,
            "repeated_theme": [],
            "homework_files": [],
            "course_work_files": [],
            "extra_work_files": [],
            "videos": [],
            "files": [],
            "photos": []
        }
    },
    {
        "model": "subject.theme",
        "pk": "43b76f26-d642-4244-be40-09806deab3b2",
        "fields": {
            "filial": null,
            "created_at": "2025-04-17T03:03:51.050Z",
            "updated_at": "2025-04-17T03:03:51.050Z",
            "deleted_at": null,
            "subject": "c147b7fa-4eb5-4880-88e2-fb8e0f7d2328",
            "title": "Ionlar va atom turlari",
            "description": "Ionlar, ular tarkibidagi elektron, proton, neytronlar \nsonini hisoblash, ion valentligi, oksidlanish daraja aniqlash. \nKimyoviy element, Atom turlari, izotop, izobar, izoton, izoelektron moddalar",
            "theme": "Lesson",
            "course": "c1cacd4b-428e-4a7e-89a8-5974af999cbc",
            "level": null,
            "repeated_theme": [],
            "homework_files": [],
            "course_work_files": [],
            "extra_work_files": [],
            "videos": [],
            "files": [],
            "photos": []
        }
    },
    {
        "model": "subject.theme",
        "pk": "4478380b-3853-4043-8a32-41fab6b1b8f9",
        "fields": {
            "filial": null,
            "created_at": "2025-04-15T17:42:29.892Z",
            "updated_at": "2025-04-15T17:42:29.893Z",
            "deleted_at": null,
            "subject": "db2ae60f-981e-455c-8298-eea48f36c92c",
            "title": "Lesson 9. Unit 3 cont",
            "description": "Must, musn’t, \nNeed, needn’t, don’t have to\nTalking about game shows\nNegative adjective prefixes",
            "theme": "Lesson",
            "course": "1b727615-aea4-4a84-b462-f48bd81feff2",
            "level": "25c88649-62d0-4841-b6e7-c9a83e5a2cac",
            "repeated_theme": [],
            "homework_files": [],
            "course_work_files": [],
            "extra_work_files": [],
            "videos": [],
            "files": [],
            "photos": []
        }
    },
    {
        "model": "subject.theme",
        "pk": "460e251d-20ab-4136-938e-0ee5268ed6c6",
        "fields": {
            "filial": null,
            "created_at": "2025-04-15T17:39:58.035Z",
            "updated_at": "2025-04-15T17:39:58.036Z",
            "deleted_at": null,
            "subject": "db2ae60f-981e-455c-8298-eea48f36c92c",
            "title": "Lesson 8. Unit 3. On screen/Films and Tv programmes",
            "description": "Films and Tv programmes \nAspects of a film\nOmitting the definite article for generalisations\nQuantity ( some any a few a little a lot of much many how much/ many)\nAdvertising",
            "theme": "Lesson",
            "course": "1b727615-aea4-4a84-b462-f48bd81feff2",
            "level": "25c88649-62d0-4841-b6e7-c9a83e5a2cac",
            "repeated_theme": [],
            "homework_files": [],
            "course_work_files": [],
            "extra_work_files": [],
            "videos": [],
            "files": [],
            "photos": []
        }
    },
    {
        "model": "subject.theme",
        "pk": "475b9693-2a4d-4316-acd9-c887ce92ef53",
        "fields": {
            "filial": null,
            "created_at": "2025-04-17T03:03:51.304Z",
            "updated_at": "2025-04-17T03:03:51.304Z",
            "deleted_at": null,
            "subject": "c147b7fa-4eb5-4880-88e2-fb8e0f7d2328",
            "title": "Gaz qonunlari",
            "description": "Sharl qonuni \nmavzuga oid misollar",
            "theme": "Lesson",
            "course": "c1cacd4b-428e-4a7e-89a8-5974af999cbc",
            "level": null,
            "repeated_theme": [],
            "homework_files": [],
            "course_work_files": [],
            "extra_work_files": [],
            "videos": [],
            "files": [],
            "photos": []
        }
    },
    {
        "model": "subject.theme",
        "pk": "4b65e399-bc59-416a-ab76-96a672ad3ede",
        "fields": {
            "filial": null,
            "created_at": "2025-04-16T13:57:54.777Z",
            "updated_at": "2025-04-16T13:57:54.778Z",
            "deleted_at": null,
            "subject": "db2ae60f-981e-455c-8298-eea48f36c92c",
            "title": "LESSON 2",
            "description": "1 A/B\n\nPast simple\nPast perfect \nPast continious",
            "theme": "Lesson",
            "course": "1b727615-aea4-4a84-b462-f48bd81feff2",
            "level": "79faf5b6-5ff5-46ea-8268-b2a7c4a814b5",
            "repeated_theme": [],
            "homework_files": [],
            "course_work_files": [],
            "extra_work_files": [],
            "videos": [],
            "files": [],
            "photos": []
        }
    },
    {
        "model": "subject.theme",
        "pk": "4b730bc7-14e3-44b6-82de-6e969e64a9ca",
        "fields": {
            "filial": null,
            "created_at": "2025-04-17T03:03:51.403Z",
            "updated_at": "2025-04-17T03:03:51.404Z",
            "deleted_at": null,
            "subject": "c147b7fa-4eb5-4880-88e2-fb8e0f7d2328",
            "title": "Kimyoviy reaksiya kinetikasi",
            "description": "Kimyoviy muvozanat\nqaytar va qaytmas reaksiyalar \nto`g'ri va teskari reaksiyalar\nkimyoviy muvozanat konstantasi kimyoviy muvozanatning siljishi",
            "theme": "Lesson",
            "course": "c1cacd4b-428e-4a7e-89a8-5974af999cbc",
            "level": null,
            "repeated_theme": [],
            "homework_files": [],
            "course_work_files": [],
            "extra_work_files": [],
            "videos": [],
            "files": [],
            "photos": []
        }
    },
    {
        "model": "subject.theme",
        "pk": "4f59aaa3-6e76-4219-a9da-fa9cfa0fb2e7",
        "fields": {
            "filial": null,
            "created_at": "2025-04-17T03:03:51.399Z",
            "updated_at": "2025-04-17T03:03:51.399Z",
            "deleted_at": null,
            "subject": "c147b7fa-4eb5-4880-88e2-fb8e0f7d2328",
            "title": "Kimyoviy reaksiya kinetikasi",
            "description": "reaksiya tezligiga ta'sir etuvchi omillar konsentratsiya\ntemperatura\nVant - Goff qonuni\nhajm va bosim ta'siri",
            "theme": "Lesson",
            "course": "c1cacd4b-428e-4a7e-89a8-5974af999cbc",
            "level": null,
            "repeated_theme": [],
            "homework_files": [],
            "course_work_files": [],
            "extra_work_files": [],
            "videos": [],
            "files": [],
            "photos": []
        }
    },
    {
        "model": "subject.theme",
        "pk": "50284bc1-9bcf-4836-b126-d4803df40227",
        "fields": {
            "filial": null,
            "created_at": "2025-04-17T03:03:51.265Z",
            "updated_at": "2025-04-17T03:03:51.266Z",
            "deleted_at": null,
            "subject": "c147b7fa-4eb5-4880-88e2-fb8e0f7d2328",
            "title": "Gibridlanish",
            "description": "Gibridlanish haqida tushuncha\ngibridlangan orbitallar hosil bo'lishi\nsp, sp2, sp3, spd, spd2 gibridlanish turlari\nmolekula geometrik shakllari\nvalent burchaklari(gradus)",
            "theme": "Lesson",
            "course": "c1cacd4b-428e-4a7e-89a8-5974af999cbc",
            "level": null,
            "repeated_theme": [],
            "homework_files": [],
            "course_work_files": [],
            "extra_work_files": [],
            "videos": [],
            "files": [],
            "photos": []
        }
    },
    {
        "model": "subject.theme",
        "pk": "51bd65c9-cf13-499e-a2d2-2b550a8186ae",
        "fields": {
            "filial": null,
            "created_at": "2025-04-17T03:03:51.195Z",
            "updated_at": "2025-04-17T03:03:51.196Z",
            "deleted_at": null,
            "subject": "c147b7fa-4eb5-4880-88e2-fb8e0f7d2328",
            "title": "Ekvivalentlik qonuni",
            "description": "Moddalar ekvivalenti orqali formula aniqlash\nmurakkab modda tarkibidagi nomalum elementni aniqlash\n",
            "theme": "Lesson",
            "course": "c1cacd4b-428e-4a7e-89a8-5974af999cbc",
            "level": null,
            "repeated_theme": [],
            "homework_files": [],
            "course_work_files": [],
            "extra_work_files": [],
            "videos": [],
            "files": [],
            "photos": []
        }
    },
    {
        "model": "subject.theme",
        "pk": "52979929-ae71-442e-a8a4-b1806e5c9a31",
        "fields": {
            "filial": null,
            "created_at": "2025-04-17T03:03:51.256Z",
            "updated_at": "2025-04-17T03:03:51.256Z",
            "deleted_at": null,
            "subject": "c147b7fa-4eb5-4880-88e2-fb8e0f7d2328",
            "title": "Yadro reaksiyalari ",
            "description": "Mavzuga oid murakkabroq masalalar, miqdoriy hisoblash orqali 2 - 3 darajali",
            "theme": "Lesson",
            "course": "c1cacd4b-428e-4a7e-89a8-5974af999cbc",
            "level": null,
            "repeated_theme": [],
            "homework_files": [],
            "course_work_files": [],
            "extra_work_files": [],
            "videos": [],
            "files": [],
            "photos": []
        }
    },
    {
        "model": "subject.theme",
        "pk": "549b299d-e347-4e7a-bcd3-a76ed4ced2ba",
        "fields": {
            "filial": null,
            "created_at": "2025-04-15T18:42:23.443Z",
            "updated_at": "2025-04-15T18:42:23.444Z",
            "deleted_at": null,
            "subject": "db2ae60f-981e-455c-8298-eea48f36c92c",
            "title": "Lesson 30. Unit 9 cont",
            "description": "Passive forms revision \nInventions \nTrue, false, not given question task\nNoun endings\nMaking a complaint \nA formal letter\nUsing conjunctions to make complex sentences",
            "theme": "Lesson",
            "course": "1b727615-aea4-4a84-b462-f48bd81feff2",
            "level": "25c88649-62d0-4841-b6e7-c9a83e5a2cac",
            "repeated_theme": [],
            "homework_files": [],
            "course_work_files": [],
            "extra_work_files": [],
            "videos": [],
            "files": [],
            "photos": []
        }
    },
    {
        "model": "subject.theme",
        "pk": "55423fe1-c57d-49db-87a2-5d3086aa985a",
        "fields": {
            "filial": null,
            "created_at": "2025-04-15T18:18:30.017Z",
            "updated_at": "2025-04-15T18:18:30.017Z",
            "deleted_at": null,
            "subject": "db2ae60f-981e-455c-8298-eea48f36c92c",
            "title": "Lesson 22. Unit 7 cont",
            "description": "Second conditional review \nVideo\nPast perfect \nTheme related game\nVerb+ infinitive or ing form\nVerb patterns",
            "theme": "Lesson",
            "course": "1b727615-aea4-4a84-b462-f48bd81feff2",
            "level": "25c88649-62d0-4841-b6e7-c9a83e5a2cac",
            "repeated_theme": [],
            "homework_files": [],
            "course_work_files": [],
            "extra_work_files": [],
            "videos": [],
            "files": [],
            "photos": []
        }
    },
    {
        "model": "subject.theme",
        "pk": "563c1ccc-e1e1-4e36-943b-2e2b91272b12",
        "fields": {
            "filial": null,
            "created_at": "2025-04-17T03:03:51.308Z",
            "updated_at": "2025-04-17T03:03:51.308Z",
            "deleted_at": null,
            "subject": "c147b7fa-4eb5-4880-88e2-fb8e0f7d2328",
            "title": "Gaz qonunlari",
            "description": "Geyy - Lyussak qonuni \nmavzuga oid misollar",
            "theme": "Lesson",
            "course": "c1cacd4b-428e-4a7e-89a8-5974af999cbc",
            "level": null,
            "repeated_theme": [],
            "homework_files": [],
            "course_work_files": [],
            "extra_work_files": [],
            "videos": [],
            "files": [],
            "photos": []
        }
    },
    {
        "model": "subject.theme",
        "pk": "5769163e-0df0-456c-9a95-6afa594fb9ad",
        "fields": {
            "filial": null,
            "created_at": "2025-04-17T03:03:51.089Z",
            "updated_at": "2025-04-17T03:03:51.089Z",
            "deleted_at": null,
            "subject": "c147b7fa-4eb5-4880-88e2-fb8e0f7d2328",
            "title": "Kislotalar",
            "description": "Kislotalar\numumiy formulasi\nnomlanishi\ntoifalanishi\nolinishi\ngrafik formulasi\nsigma va pi bog' soni\nfizik va kimyoviy xossalari",
            "theme": "Lesson",
            "course": "c1cacd4b-428e-4a7e-89a8-5974af999cbc",
            "level": null,
            "repeated_theme": [],
            "homework_files": [],
            "course_work_files": [],
            "extra_work_files": [],
            "videos": [],
            "files": [],
            "photos": []
        }
    },
    {
        "model": "subject.theme",
        "pk": "5955505f-8173-44f1-aa0e-4f823387816e",
        "fields": {
            "filial": null,
            "created_at": "2025-04-17T03:03:51.055Z",
            "updated_at": "2025-04-17T03:03:51.055Z",
            "deleted_at": null,
            "subject": "c147b7fa-4eb5-4880-88e2-fb8e0f7d2328",
            "title": "Absolut massa",
            "description": "Absolut masssa haqida tushuncha, aniqlash usullari\nelementlar\noddiy va murakkab moddalar uchun absolut massa hisoblash usullari",
            "theme": "Lesson",
            "course": "c1cacd4b-428e-4a7e-89a8-5974af999cbc",
            "level": null,
            "repeated_theme": [],
            "homework_files": [],
            "course_work_files": [],
            "extra_work_files": [],
            "videos": [],
            "files": [],
            "photos": []
        }
    },
    {
        "model": "subject.theme",
        "pk": "59d2e091-3491-4a1b-a5a3-a7b0bafb3955",
        "fields": {
            "filial": null,
            "created_at": "2025-04-17T03:03:51.485Z",
            "updated_at": "2025-04-17T03:03:51.486Z",
            "deleted_at": null,
            "subject": "c147b7fa-4eb5-4880-88e2-fb8e0f7d2328",
            "title": "Oleum",
            "description": "Oleum tarifi, unga oid misol va masalalar",
            "theme": "Lesson",
            "course": "c1cacd4b-428e-4a7e-89a8-5974af999cbc",
            "level": null,
            "repeated_theme": [],
            "homework_files": [],
            "course_work_files": [],
            "extra_work_files": [],
            "videos": [],
            "files": [],
            "photos": []
        }
    },
    {
        "model": "subject.theme",
        "pk": "5a1acbfe-95b6-4247-bbce-a19215b74300",
        "fields": {
            "filial": null,
            "created_at": "2025-04-17T03:03:51.549Z",
            "updated_at": "2025-04-17T03:03:51.549Z",
            "deleted_at": null,
            "subject": "c147b7fa-4eb5-4880-88e2-fb8e0f7d2328",
            "title": "Takrorlash",
            "description": "Alken\nAlkadien\nAlkinlar mavzusiga oid reaskiya yozish",
            "theme": "Lesson",
            "course": "c1cacd4b-428e-4a7e-89a8-5974af999cbc",
            "level": null,
            "repeated_theme": [],
            "homework_files": [],
            "course_work_files": [],
            "extra_work_files": [],
            "videos": [],
            "files": [],
            "photos": []
        }
    },
    {
        "model": "subject.theme",
        "pk": "5c0606c3-1d82-44bb-a555-d97af71914c9",
        "fields": {
            "filial": null,
            "created_at": "2025-04-17T03:03:51.251Z",
            "updated_at": "2025-04-17T03:03:51.251Z",
            "deleted_at": null,
            "subject": "c147b7fa-4eb5-4880-88e2-fb8e0f7d2328",
            "title": "Yadro reaksiyalari ",
            "description": "Yadro reaksiyalari\nalfa\nbetta yemirilishlar\nmavzuga oid masalalar",
            "theme": "Lesson",
            "course": "c1cacd4b-428e-4a7e-89a8-5974af999cbc",
            "level": null,
            "repeated_theme": [],
            "homework_files": [],
            "course_work_files": [],
            "extra_work_files": [],
            "videos": [],
            "files": [],
            "photos": []
        }
    },
    {
        "model": "subject.theme",
        "pk": "5d357a21-2979-4d66-b34a-52fdf3931973",
        "fields": {
            "filial": null,
            "created_at": "2025-04-15T18:38:51.409Z",
            "updated_at": "2025-04-15T18:38:51.410Z",
            "deleted_at": null,
            "subject": "db2ae60f-981e-455c-8298-eea48f36c92c",
            "title": "Lesson 29. Unit 9 cont",
            "description": "Zero conditional and passive forms revision \nVocabularies of intentions\nThe passive the passive forms of present perfect and future \nVerb + prepositions",
            "theme": "Lesson",
            "course": "1b727615-aea4-4a84-b462-f48bd81feff2",
            "level": "25c88649-62d0-4841-b6e7-c9a83e5a2cac",
            "repeated_theme": [],
            "homework_files": [],
            "course_work_files": [],
            "extra_work_files": [],
            "videos": [],
            "files": [],
            "photos": []
        }
    },
    {
        "model": "subject.theme",
        "pk": "62ec294c-ddce-48e3-9641-538e45d4954a",
        "fields": {
            "filial": null,
            "created_at": "2025-04-17T03:03:51.555Z",
            "updated_at": "2025-04-17T03:03:51.556Z",
            "deleted_at": null,
            "subject": "c147b7fa-4eb5-4880-88e2-fb8e0f7d2328",
            "title": "Aromatik uglevodorlar",
            "description": "Aromatik uglevorodlar tarifi\numumiy formulasi\ngomologik qatori\ntoifalanishi\ngibridlanishi\nnomenklaturasi\nizomeriyasi ",
            "theme": "Lesson",
            "course": "c1cacd4b-428e-4a7e-89a8-5974af999cbc",
            "level": null,
            "repeated_theme": [],
            "homework_files": [],
            "course_work_files": [],
            "extra_work_files": [],
            "videos": [],
            "files": [],
            "photos": []
        }
    },
    {
        "model": "subject.theme",
        "pk": "660e71a9-f1ae-465c-a4ec-eaf850fa4763",
        "fields": {
            "filial": null,
            "created_at": "2025-04-17T03:03:51.179Z",
            "updated_at": "2025-04-17T03:03:51.179Z",
            "deleted_at": null,
            "subject": "c147b7fa-4eb5-4880-88e2-fb8e0f7d2328",
            "title": "Kimyoviy reaksiya orqali \nxisoblashlar ",
            "description": "Kimyoviy reaksiyalar bo`yicha xisoblashlar tarkibida qo`shimcha saqalagan moddalar",
            "theme": "Lesson",
            "course": "c1cacd4b-428e-4a7e-89a8-5974af999cbc",
            "level": null,
            "repeated_theme": [],
            "homework_files": [],
            "course_work_files": [],
            "extra_work_files": [],
            "videos": [],
            "files": [],
            "photos": []
        }
    },
    {
        "model": "subject.theme",
        "pk": "666daa5c-54d3-403f-9497-8396628e8596",
        "fields": {
            "filial": null,
            "created_at": "2025-04-15T17:45:27.890Z",
            "updated_at": "2025-04-15T17:45:27.891Z",
            "deleted_at": null,
            "subject": "db2ae60f-981e-455c-8298-eea48f36c92c",
            "title": "Lesson 10. Unit 3 cont",
            "description": "Video games and health \nReaching an agreement \nPlanning holiday activities \nCollocations \nAn informal letter \nUsing paragraphs to structure writing",
            "theme": "Lesson",
            "course": "1b727615-aea4-4a84-b462-f48bd81feff2",
            "level": "25c88649-62d0-4841-b6e7-c9a83e5a2cac",
            "repeated_theme": [],
            "homework_files": [],
            "course_work_files": [],
            "extra_work_files": [],
            "videos": [],
            "files": [],
            "photos": []
        }
    },
    {
        "model": "subject.theme",
        "pk": "683df895-88b4-490f-80be-4fd736aa7a13",
        "fields": {
            "filial": null,
            "created_at": "2025-04-17T03:03:51.342Z",
            "updated_at": "2025-04-17T03:03:51.342Z",
            "deleted_at": null,
            "subject": "c147b7fa-4eb5-4880-88e2-fb8e0f7d2328",
            "title": "Eritmalar",
            "description": "Normal konsentratsiya\nEkvivalent soni aniqlash takrorlash\n",
            "theme": "Lesson",
            "course": "c1cacd4b-428e-4a7e-89a8-5974af999cbc",
            "level": null,
            "repeated_theme": [],
            "homework_files": [],
            "course_work_files": [],
            "extra_work_files": [],
            "videos": [],
            "files": [],
            "photos": []
        }
    },
    {
        "model": "subject.theme",
        "pk": "6d47c30f-5bba-4457-ba98-718f903d8d60",
        "fields": {
            "filial": null,
            "created_at": "2025-04-15T17:36:06.801Z",
            "updated_at": "2025-04-15T17:36:06.802Z",
            "deleted_at": null,
            "subject": "db2ae60f-981e-455c-8298-eea48f36c92c",
            "title": "Lesson 7. Unit 2 cont",
            "description": "Photo description \nA structure for a photo description \nSpeculating about feelings \nUsing abbreviations and short forms\nOutdoor activities \nMaking suggestions",
            "theme": "Lesson",
            "course": "1b727615-aea4-4a84-b462-f48bd81feff2",
            "level": "25c88649-62d0-4841-b6e7-c9a83e5a2cac",
            "repeated_theme": [],
            "homework_files": [],
            "course_work_files": [],
            "extra_work_files": [],
            "videos": [],
            "files": [],
            "photos": []
        }
    },
    {
        "model": "subject.theme",
        "pk": "6e212b33-3d0e-4502-8cff-3d7b915052b0",
        "fields": {
            "filial": null,
            "created_at": "2025-04-17T03:03:51.630Z",
            "updated_at": "2025-04-17T03:03:51.631Z",
            "deleted_at": null,
            "subject": "c147b7fa-4eb5-4880-88e2-fb8e0f7d2328",
            "title": "Azotli organik birikmalar",
            "description": "Amino kislotalar. nomlanishi, olinishi va fizik-kimyoviy xossalari.",
            "theme": "Lesson",
            "course": "c1cacd4b-428e-4a7e-89a8-5974af999cbc",
            "level": null,
            "repeated_theme": [],
            "homework_files": [],
            "course_work_files": [],
            "extra_work_files": [],
            "videos": [],
            "files": [],
            "photos": []
        }
    },
    {
        "model": "subject.theme",
        "pk": "70149044-11d4-431f-b6e6-e884b8dc97e5",
        "fields": {
            "filial": null,
            "created_at": "2025-04-16T00:47:30.124Z",
            "updated_at": "2025-04-16T00:47:30.124Z",
            "deleted_at": null,
            "subject": "db2ae60f-981e-455c-8298-eea48f36c92c",
            "title": "Lesson 40. Video exercises",
            "description": "The English language \nMarks and Spencer\nSan Francisco \nAll related exercises and videos",
            "theme": "Lesson",
            "course": "1b727615-aea4-4a84-b462-f48bd81feff2",
            "level": "25c88649-62d0-4841-b6e7-c9a83e5a2cac",
            "repeated_theme": [],
            "homework_files": [],
            "course_work_files": [],
            "extra_work_files": [],
            "videos": [],
            "files": [],
            "photos": []
        }
    },
    {
        "model": "subject.theme",
        "pk": "7081aef9-26ac-4302-90b7-0a6324812ebc",
        "fields": {
            "filial": null,
            "created_at": "2025-04-15T17:48:41.633Z",
            "updated_at": "2025-04-15T17:48:41.634Z",
            "deleted_at": null,
            "subject": "db2ae60f-981e-455c-8298-eea48f36c92c",
            "title": "Lesson 11. Unit 4. Our Planet/Weather",
            "description": "Weather nouns, verbs, adjectives \nDescribing temperature \nPreparing and presenting a weather report \nComparative adjectives \nNatural disasters",
            "theme": "Lesson",
            "course": "1b727615-aea4-4a84-b462-f48bd81feff2",
            "level": "25c88649-62d0-4841-b6e7-c9a83e5a2cac",
            "repeated_theme": [],
            "homework_files": [],
            "course_work_files": [],
            "extra_work_files": [],
            "videos": [],
            "files": [],
            "photos": []
        }
    },
    {
        "model": "subject.theme",
        "pk": "7518be0d-9370-41e9-8ba8-d871e0d23573",
        "fields": {
            "filial": null,
            "created_at": "2025-04-17T03:03:51.332Z",
            "updated_at": "2025-04-17T03:03:51.332Z",
            "deleted_at": null,
            "subject": "c147b7fa-4eb5-4880-88e2-fb8e0f7d2328",
            "title": "Eritmalar",
            "description": "Foiz konsentratsiya\nmassa ulush aniqlash",
            "theme": "Lesson",
            "course": "c1cacd4b-428e-4a7e-89a8-5974af999cbc",
            "level": null,
            "repeated_theme": [],
            "homework_files": [],
            "course_work_files": [],
            "extra_work_files": [],
            "videos": [],
            "files": [],
            "photos": []
        }
    },
    {
        "model": "subject.theme",
        "pk": "774c2123-f226-41e1-ac3a-9d125f64fb4f",
        "fields": {
            "filial": null,
            "created_at": "2025-04-17T03:03:51.533Z",
            "updated_at": "2025-04-17T03:03:51.533Z",
            "deleted_at": null,
            "subject": "c147b7fa-4eb5-4880-88e2-fb8e0f7d2328",
            "title": "Alkinlar",
            "description": "Alkinlar tarifi, umumiy formulasi, gomologik \nqatori, gibridlanishi, nomenklaturasi, izomeriyasi, olinishi, fizik va kimyoviy xossalari",
            "theme": "Lesson",
            "course": "c1cacd4b-428e-4a7e-89a8-5974af999cbc",
            "level": null,
            "repeated_theme": [],
            "homework_files": [],
            "course_work_files": [],
            "extra_work_files": [],
            "videos": [],
            "files": [],
            "photos": []
        }
    },
    {
        "model": "subject.theme",
        "pk": "7d6f4ceb-74f0-465e-81e2-1c4b71dbddf3",
        "fields": {
            "filial": null,
            "created_at": "2025-04-17T03:03:51.351Z",
            "updated_at": "2025-04-17T03:03:51.352Z",
            "deleted_at": null,
            "subject": "c147b7fa-4eb5-4880-88e2-fb8e0f7d2328",
            "title": "Eritmalar",
            "description": "Molyal konsentratsiya",
            "theme": "Lesson",
            "course": "c1cacd4b-428e-4a7e-89a8-5974af999cbc",
            "level": null,
            "repeated_theme": [],
            "homework_files": [],
            "course_work_files": [],
            "extra_work_files": [],
            "videos": [],
            "files": [],
            "photos": []
        }
    },
    {
        "model": "subject.theme",
        "pk": "7e776738-fe75-4a13-977d-86bdd3ea5a9a",
        "fields": {
            "filial": null,
            "created_at": "2025-04-15T17:24:53.243Z",
            "updated_at": "2025-04-15T17:24:53.244Z",
            "deleted_at": null,
            "subject": "db2ae60f-981e-455c-8298-eea48f36c92c",
            "title": "Lesson 4. Unit 1 cont",
            "description": "Accidents and injuries \nNarrating events \nA structure for narrating events \nReacting and showing interest \nSummer activities \nPhrasal verbs and register",
            "theme": "Lesson",
            "course": "1b727615-aea4-4a84-b462-f48bd81feff2",
            "level": "25c88649-62d0-4841-b6e7-c9a83e5a2cac",
            "repeated_theme": [],
            "homework_files": [],
            "course_work_files": [],
            "extra_work_files": [],
            "videos": [],
            "files": [],
            "photos": []
        }
    },
    {
        "model": "subject.theme",
        "pk": "7ec48f6a-a950-4d7c-96fc-947a5f4cedff",
        "fields": {
            "filial": null,
            "created_at": "2025-04-15T17:59:47.426Z",
            "updated_at": "2025-04-15T17:59:47.426Z",
            "deleted_at": null,
            "subject": "db2ae60f-981e-455c-8298-eea48f36c92c",
            "title": "Lesson 15. Unit 5. Ambition/Jobs",
            "description": "Describing jobs\nWork activities \nA questionnaire \nPast simple affirmative and negative \nWill and going to\nSignposting",
            "theme": "Lesson",
            "course": "1b727615-aea4-4a84-b462-f48bd81feff2",
            "level": "25c88649-62d0-4841-b6e7-c9a83e5a2cac",
            "repeated_theme": [],
            "homework_files": [],
            "course_work_files": [],
            "extra_work_files": [],
            "videos": [],
            "files": [],
            "photos": []
        }
    },
    {
        "model": "subject.theme",
        "pk": "7f42256c-708d-4327-9230-8eb575a17680",
        "fields": {
            "filial": null,
            "created_at": "2025-04-16T00:45:40.121Z",
            "updated_at": "2025-04-16T00:45:40.121Z",
            "deleted_at": null,
            "subject": "db2ae60f-981e-455c-8298-eea48f36c92c",
            "title": "Lesson 39. Video exercises",
            "description": "The British and the weather \nThe British landscape \nThe CSI effect \nAll related exercises and videos",
            "theme": "Lesson",
            "course": "1b727615-aea4-4a84-b462-f48bd81feff2",
            "level": "25c88649-62d0-4841-b6e7-c9a83e5a2cac",
            "repeated_theme": [],
            "homework_files": [],
            "course_work_files": [],
            "extra_work_files": [],
            "videos": [],
            "files": [],
            "photos": []
        }
    },
    {
        "model": "subject.theme",
        "pk": "806eaf20-5d1d-40f0-a869-e6a6fbd1bb67",
        "fields": {
            "filial": null,
            "created_at": "2025-04-17T03:03:51.108Z",
            "updated_at": "2025-04-17T03:03:51.108Z",
            "deleted_at": null,
            "subject": "c147b7fa-4eb5-4880-88e2-fb8e0f7d2328",
            "title": "Tuzlar",
            "description": "Tuzlar\numumiy formulasi\ntoifalanishi\no`rta tuz\nnomlanishi \nolinishi\nfizik va kimyoviy xossalari\ngrafik formulasi\nsigma va pi bog' soni",
            "theme": "Lesson",
            "course": "c1cacd4b-428e-4a7e-89a8-5974af999cbc",
            "level": null,
            "repeated_theme": [],
            "homework_files": [],
            "course_work_files": [],
            "extra_work_files": [],
            "videos": [],
            "files": [],
            "photos": []
        }
    },
    {
        "model": "subject.theme",
        "pk": "86bb2956-a89f-48de-b778-c1a21d1fd0a6",
        "fields": {
            "filial": null,
            "created_at": "2025-04-17T03:03:51.614Z",
            "updated_at": "2025-04-17T03:03:51.614Z",
            "deleted_at": null,
            "subject": "c147b7fa-4eb5-4880-88e2-fb8e0f7d2328",
            "title": "Uglevodlar",
            "description": "Uglevodlar ta'rifi, monosaxarid, disaxarid, \npolisaxaridlar tariflarni, umumiy formulalari, olinishi, fizik va kimyoviy xossalari",
            "theme": "Lesson",
            "course": "c1cacd4b-428e-4a7e-89a8-5974af999cbc",
            "level": null,
            "repeated_theme": [],
            "homework_files": [],
            "course_work_files": [],
            "extra_work_files": [],
            "videos": [],
            "files": [],
            "photos": []
        }
    },
    {
        "model": "subject.theme",
        "pk": "86d6fc38-3295-4c7e-8746-e22615a3f423",
        "fields": {
            "filial": null,
            "created_at": "2025-04-15T18:29:58.291Z",
            "updated_at": "2025-04-15T18:29:58.292Z",
            "deleted_at": null,
            "subject": "db2ae60f-981e-455c-8298-eea48f36c92c",
            "title": "Lesson 26. Unit 8 cont",
            "description": "Reported speech\nTheme related game\nVideo\nMultiple choice questions\nEvery day items vocabulary",
            "theme": "Lesson",
            "course": "1b727615-aea4-4a84-b462-f48bd81feff2",
            "level": "25c88649-62d0-4841-b6e7-c9a83e5a2cac",
            "repeated_theme": [],
            "homework_files": [],
            "course_work_files": [],
            "extra_work_files": [],
            "videos": [],
            "files": [],
            "photos": []
        }
    },
    {
        "model": "subject.theme",
        "pk": "8a99de95-4f88-49d7-bf21-ce9d80a67206",
        "fields": {
            "filial": null,
            "created_at": "2025-04-17T03:03:51.451Z",
            "updated_at": "2025-04-17T03:03:51.451Z",
            "deleted_at": null,
            "subject": "c147b7fa-4eb5-4880-88e2-fb8e0f7d2328",
            "title": "Aralashmalar",
            "description": "Metall va metallmaslar aralashmasiga oid masalalar",
            "theme": "Lesson",
            "course": "c1cacd4b-428e-4a7e-89a8-5974af999cbc",
            "level": null,
            "repeated_theme": [],
            "homework_files": [],
            "course_work_files": [],
            "extra_work_files": [],
            "videos": [],
            "files": [],
            "photos": []
        }
    },
    {
        "model": "subject.theme",
        "pk": "8c60c126-036d-4118-8ce5-fc002f6b09c8",
        "fields": {
            "filial": null,
            "created_at": "2025-04-17T03:03:51.469Z",
            "updated_at": "2025-04-17T03:03:51.470Z",
            "deleted_at": null,
            "subject": "c147b7fa-4eb5-4880-88e2-fb8e0f7d2328",
            "title": "Elektrostatik jarayonlar",
            "description": "Faradeyning 1-qonuni tarifi\nFaradeyning 2-qonuni tarifi\nqonunlarga oid misollar",
            "theme": "Lesson",
            "course": "c1cacd4b-428e-4a7e-89a8-5974af999cbc",
            "level": null,
            "repeated_theme": [],
            "homework_files": [],
            "course_work_files": [],
            "extra_work_files": [],
            "videos": [],
            "files": [],
            "photos": []
        }
    },
    {
        "model": "subject.theme",
        "pk": "8df69186-50ee-4b35-b1cf-05fca26ce086",
        "fields": {
            "filial": null,
            "created_at": "2025-04-17T03:03:51.139Z",
            "updated_at": "2025-04-17T03:03:51.140Z",
            "deleted_at": null,
            "subject": "c147b7fa-4eb5-4880-88e2-fb8e0f7d2328",
            "title": "Miqdoriy qonunlar",
            "description": "Tarkibning doimiylik qonuni, mol nisbat massa nisbat, \nmoddda tarkibidagi elementlarni foiz va mol ulushuni aniqlash",
            "theme": "Lesson",
            "course": "c1cacd4b-428e-4a7e-89a8-5974af999cbc",
            "level": null,
            "repeated_theme": [],
            "homework_files": [],
            "course_work_files": [],
            "extra_work_files": [],
            "videos": [],
            "files": [],
            "photos": []
        }
    },
    {
        "model": "subject.theme",
        "pk": "8efd9eed-c91a-4821-8360-ebcf03763c29",
        "fields": {
            "filial": null,
            "created_at": "2025-04-16T13:59:24.357Z",
            "updated_at": "2025-04-16T13:59:24.358Z",
            "deleted_at": null,
            "subject": "db2ae60f-981e-455c-8298-eea48f36c92c",
            "title": "LESSON 3",
            "description": "1 C/D\n\nListening\nTo be/ get used to\nUsed to",
            "theme": "Lesson",
            "course": "1b727615-aea4-4a84-b462-f48bd81feff2",
            "level": "79faf5b6-5ff5-46ea-8268-b2a7c4a814b5",
            "repeated_theme": [],
            "homework_files": [],
            "course_work_files": [],
            "extra_work_files": [],
            "videos": [],
            "files": [],
            "photos": []
        }
    },
    {
        "model": "subject.theme",
        "pk": "906543aa-d4b4-490f-9e79-ac1d4b957485",
        "fields": {
            "filial": null,
            "created_at": "2025-04-15T18:21:23.451Z",
            "updated_at": "2025-04-15T18:21:23.452Z",
            "deleted_at": null,
            "subject": "db2ae60f-981e-455c-8298-eea48f36c92c",
            "title": "Lesson 23. Unit 7 cont",
            "description": "Gapped sentences task\nPhoto comparison and presentation \nComparing similarities and differences \nAn opinion essay varying sentence structure",
            "theme": "Lesson",
            "course": "1b727615-aea4-4a84-b462-f48bd81feff2",
            "level": "25c88649-62d0-4841-b6e7-c9a83e5a2cac",
            "repeated_theme": [],
            "homework_files": [],
            "course_work_files": [],
            "extra_work_files": [],
            "videos": [],
            "files": [],
            "photos": []
        }
    },
    {
        "model": "subject.theme",
        "pk": "907ce259-7806-4d5e-8309-5efd252e361a",
        "fields": {
            "filial": null,
            "created_at": "2025-04-17T03:03:51.093Z",
            "updated_at": "2025-04-17T03:03:51.094Z",
            "deleted_at": null,
            "subject": "c147b7fa-4eb5-4880-88e2-fb8e0f7d2328",
            "title": "Asos va kislota qoldig'i",
            "description": "Asos va kislotalarning qoldig'larini yozish\nnomlash\nularning grafik formulalari",
            "theme": "Lesson",
            "course": "c1cacd4b-428e-4a7e-89a8-5974af999cbc",
            "level": null,
            "repeated_theme": [],
            "homework_files": [],
            "course_work_files": [],
            "extra_work_files": [],
            "videos": [],
            "files": [],
            "photos": []
        }
    },
    {
        "model": "subject.theme",
        "pk": "9251ed8d-f79e-4172-98fc-2a48a4852bb1",
        "fields": {
            "filial": null,
            "created_at": "2025-04-17T03:03:51.389Z",
            "updated_at": "2025-04-17T03:03:51.389Z",
            "deleted_at": null,
            "subject": "c147b7fa-4eb5-4880-88e2-fb8e0f7d2328",
            "title": "Oksidlanish qaytarilishi \nreaksiyalari",
            "description": "oksidlanish-qaytarilish reaksiyalarini elektron balans usuli orqali tenglashtirish\nreaksiyalarda moddalarning ekvivalent massasini aniqlash",
            "theme": "Lesson",
            "course": "c1cacd4b-428e-4a7e-89a8-5974af999cbc",
            "level": null,
            "repeated_theme": [],
            "homework_files": [],
            "course_work_files": [],
            "extra_work_files": [],
            "videos": [],
            "files": [],
            "photos": []
        }
    },
    {
        "model": "subject.theme",
        "pk": "92bd36b1-7e51-429a-a7b4-a7499d1e52ce",
        "fields": {
            "filial": null,
            "created_at": "2025-04-17T03:03:51.625Z",
            "updated_at": "2025-04-17T03:03:51.625Z",
            "deleted_at": null,
            "subject": "c147b7fa-4eb5-4880-88e2-fb8e0f7d2328",
            "title": "Azotli organik birikmalar",
            "description": "Aminlar. nomlanishi, izomeriyasi olinishi va fizik-kimyoviy xossalari.",
            "theme": "Lesson",
            "course": "c1cacd4b-428e-4a7e-89a8-5974af999cbc",
            "level": null,
            "repeated_theme": [],
            "homework_files": [],
            "course_work_files": [],
            "extra_work_files": [],
            "videos": [],
            "files": [],
            "photos": []
        }
    },
    {
        "model": "subject.theme",
        "pk": "949f3843-360d-4646-8ab0-13a3affff368",
        "fields": {
            "filial": null,
            "created_at": "2025-04-15T18:27:37.359Z",
            "updated_at": "2025-04-15T18:27:37.359Z",
            "deleted_at": null,
            "subject": "db2ae60f-981e-455c-8298-eea48f36c92c",
            "title": "Lesson 25. Unit 8. Crime and criminals",
            "description": "Theme related vocabularies \nCollocations \nComparative and superlatives \nPronouns and time expressions in reported speech\nListening strategies",
            "theme": "Lesson",
            "course": "1b727615-aea4-4a84-b462-f48bd81feff2",
            "level": "25c88649-62d0-4841-b6e7-c9a83e5a2cac",
            "repeated_theme": [],
            "homework_files": [],
            "course_work_files": [],
            "extra_work_files": [],
            "videos": [],
            "files": [],
            "photos": []
        }
    },
    {
        "model": "subject.theme",
        "pk": "95df796d-e4a4-4f88-89f9-5f59530b5e40",
        "fields": {
            "filial": null,
            "created_at": "2025-04-15T17:54:31.743Z",
            "updated_at": "2025-04-15T17:54:31.744Z",
            "deleted_at": null,
            "subject": "db2ae60f-981e-455c-8298-eea48f36c92c",
            "title": "Lesson 13. Unit 4 cont",
            "description": "Photo comparison \nA structure for a photo description \nMust and can’t for making deductions \nComparing and contrasting \nAn article \nPresenting opinions\nAnd counter arguments",
            "theme": "Lesson",
            "course": "1b727615-aea4-4a84-b462-f48bd81feff2",
            "level": "25c88649-62d0-4841-b6e7-c9a83e5a2cac",
            "repeated_theme": [],
            "homework_files": [],
            "course_work_files": [],
            "extra_work_files": [],
            "videos": [],
            "files": [],
            "photos": []
        }
    },
    {
        "model": "subject.theme",
        "pk": "9616ca4f-b21d-4635-a359-1e8436d65e9a",
        "fields": {
            "filial": null,
            "created_at": "2025-04-17T03:03:51.158Z",
            "updated_at": "2025-04-17T03:03:51.158Z",
            "deleted_at": null,
            "subject": "c147b7fa-4eb5-4880-88e2-fb8e0f7d2328",
            "title": "Takrorlash",
            "description": "Massaning saqlanish qonuni, Hajmiy nisbatlar, Karrali  nisbatlar qonuni, Avogadro qonunlari bo'yicha masala ishlash, barhasini bir biriga bog'lagan holatda misollar ishlash.",
            "theme": "Lesson",
            "course": "c1cacd4b-428e-4a7e-89a8-5974af999cbc",
            "level": null,
            "repeated_theme": [],
            "homework_files": [],
            "course_work_files": [],
            "extra_work_files": [],
            "videos": [],
            "files": [],
            "photos": []
        }
    },
    {
        "model": "subject.theme",
        "pk": "96b50df9-b828-40e1-8d27-bf6875119f3c",
        "fields": {
            "filial": null,
            "created_at": "2025-04-15T18:09:50.199Z",
            "updated_at": "2025-04-15T18:09:50.200Z",
            "deleted_at": null,
            "subject": "db2ae60f-981e-455c-8298-eea48f36c92c",
            "title": "Lesson 19. Unit 6 cont",
            "description": "Video\nPast simple and present perfect contrast \nFinished time expressions\nCompound nouns",
            "theme": "Lesson",
            "course": "1b727615-aea4-4a84-b462-f48bd81feff2",
            "level": "25c88649-62d0-4841-b6e7-c9a83e5a2cac",
            "repeated_theme": [],
            "homework_files": [],
            "course_work_files": [],
            "extra_work_files": [],
            "videos": [],
            "files": [],
            "photos": []
        }
    },
    {
        "model": "subject.theme",
        "pk": "9d921a27-65a5-40b9-b1ac-664fd4b77140",
        "fields": {
            "filial": null,
            "created_at": "2025-04-17T03:03:51.098Z",
            "updated_at": "2025-04-17T03:03:51.098Z",
            "deleted_at": null,
            "subject": "c147b7fa-4eb5-4880-88e2-fb8e0f7d2328",
            "title": "Kimyoviy reaksiya",
            "description": "Kimyoviy reaksiya va uning turlari, toifalanishi, \nBirikish\no`rin olish\nalmashinish\nparchalanish reaksiyalari\nqaytar va qaytmas reaksiyalar\nekzotermik \nendotermik reaksiyalar\nreaksiyani tenglash",
            "theme": "Lesson",
            "course": "c1cacd4b-428e-4a7e-89a8-5974af999cbc",
            "level": null,
            "repeated_theme": [],
            "homework_files": [],
            "course_work_files": [],
            "extra_work_files": [],
            "videos": [],
            "files": [],
            "photos": []
        }
    },
    {
        "model": "subject.theme",
        "pk": "9f0458af-6d3d-4042-89a6-925b9089e688",
        "fields": {
            "filial": null,
            "created_at": "2025-04-17T03:03:51.214Z",
            "updated_at": "2025-04-17T03:03:51.214Z",
            "deleted_at": null,
            "subject": "c147b7fa-4eb5-4880-88e2-fb8e0f7d2328",
            "title": "Elektron konfiguratsiya",
            "description": "energetik pog‘onalar  \nenergetik pog‘onachalar  \nelektron konfiguratsiya\nmurakkab modda tarkibidagi atomlarni elektron konfiguratsiyasi\n",
            "theme": "Lesson",
            "course": "c1cacd4b-428e-4a7e-89a8-5974af999cbc",
            "level": null,
            "repeated_theme": [],
            "homework_files": [],
            "course_work_files": [],
            "extra_work_files": [],
            "videos": [],
            "files": [],
            "photos": []
        }
    },
    {
        "model": "subject.theme",
        "pk": "a24e1bc7-17d7-427c-9cfe-f685d0c3c1d6",
        "fields": {
            "filial": null,
            "created_at": "2025-04-17T03:03:51.603Z",
            "updated_at": "2025-04-17T03:03:51.604Z",
            "deleted_at": null,
            "subject": "c147b7fa-4eb5-4880-88e2-fb8e0f7d2328",
            "title": "Murakkab efirlar",
            "description": "Murakkab efirlarning, tarifi, umumiy formulasi, gomologik qatori, toifalanishi, gibridlanishi, nomenklaturasi, izomeriyasi, olinishi, fizik va kimyoviy xossalari",
            "theme": "Lesson",
            "course": "c1cacd4b-428e-4a7e-89a8-5974af999cbc",
            "level": null,
            "repeated_theme": [],
            "homework_files": [],
            "course_work_files": [],
            "extra_work_files": [],
            "videos": [],
            "files": [],
            "photos": []
        }
    },
    {
        "model": "subject.theme",
        "pk": "a33c59c4-e3b1-4bd2-a9bf-cafc66a34974",
        "fields": {
            "filial": null,
            "created_at": "2025-04-16T00:37:20.149Z",
            "updated_at": "2025-04-16T00:39:50.846Z",
            "deleted_at": null,
            "subject": "db2ae60f-981e-455c-8298-eea48f36c92c",
            "title": "Lesson 36. Grammar builder and grammar reference",
            "description": "Grammar builder and grammar reference of introduction unit , and 1-2-3rd units",
            "theme": "Lesson",
            "course": "1b727615-aea4-4a84-b462-f48bd81feff2",
            "level": "25c88649-62d0-4841-b6e7-c9a83e5a2cac",
            "repeated_theme": [],
            "homework_files": [],
            "course_work_files": [],
            "extra_work_files": [],
            "videos": [],
            "files": [],
            "photos": []
        }
    },
    {
        "model": "subject.theme",
        "pk": "a3807384-5f46-48c7-bc51-3c3a4080a39d",
        "fields": {
            "filial": null,
            "created_at": "2025-04-17T03:03:51.423Z",
            "updated_at": "2025-04-17T03:03:51.423Z",
            "deleted_at": null,
            "subject": "c147b7fa-4eb5-4880-88e2-fb8e0f7d2328",
            "title": "Elektrolitik dissotsialanish",
            "description": "kislota\nasos \ntuzlarning eritmalarda dissotsiyalanishi dissotsiyalanish doimiysi",
            "theme": "Lesson",
            "course": "c1cacd4b-428e-4a7e-89a8-5974af999cbc",
            "level": null,
            "repeated_theme": [],
            "homework_files": [],
            "course_work_files": [],
            "extra_work_files": [],
            "videos": [],
            "files": [],
            "photos": []
        }
    },
    {
        "model": "subject.theme",
        "pk": "a6bd48de-ab81-4675-898b-9c46f92acd4d",
        "fields": {
            "filial": null,
            "created_at": "2025-04-15T17:57:03.552Z",
            "updated_at": "2025-04-15T17:57:03.552Z",
            "deleted_at": null,
            "subject": "db2ae60f-981e-455c-8298-eea48f36c92c",
            "title": "Lesson 14. Revision",
            "description": "Repitition\nUnit related tasks\nGames\nVideo",
            "theme": "Lesson",
            "course": "1b727615-aea4-4a84-b462-f48bd81feff2",
            "level": "25c88649-62d0-4841-b6e7-c9a83e5a2cac",
            "repeated_theme": [],
            "homework_files": [],
            "course_work_files": [],
            "extra_work_files": [],
            "videos": [],
            "files": [],
            "photos": []
        }
    },
    {
        "model": "subject.theme",
        "pk": "a6cf6aec-198e-47b6-96e3-5072e64d740a",
        "fields": {
            "filial": null,
            "created_at": "2025-04-17T03:03:51.103Z",
            "updated_at": "2025-04-17T03:03:51.103Z",
            "deleted_at": null,
            "subject": "c147b7fa-4eb5-4880-88e2-fb8e0f7d2328",
            "title": "Oksid , Asos va Kislotalarning \nolinishi",
            "description": "Oksid\nkislota va asoslarni olinish usullari\nkimyoxiy xossalari\nreaksiya yozishni o'rganish",
            "theme": "Lesson",
            "course": "c1cacd4b-428e-4a7e-89a8-5974af999cbc",
            "level": null,
            "repeated_theme": [],
            "homework_files": [],
            "course_work_files": [],
            "extra_work_files": [],
            "videos": [],
            "files": [],
            "photos": []
        }
    },
    {
        "model": "subject.theme",
        "pk": "a774f3ec-a05b-4bff-9247-e32a3692e158",
        "fields": {
            "filial": null,
            "created_at": "2025-04-17T03:03:51.566Z",
            "updated_at": "2025-04-17T03:03:51.566Z",
            "deleted_at": null,
            "subject": "c147b7fa-4eb5-4880-88e2-fb8e0f7d2328",
            "title": "Kislorodli organik birikmalar",
            "description": "Bir atomli spirtlar, tarifi, umumiy formulasi, gomologik qatori, toifalanishi, gibridlanishi, nomenklaturasi, izomeriyasi, olinishi, fizik va kimyoviy xossalari",
            "theme": "Lesson",
            "course": "c1cacd4b-428e-4a7e-89a8-5974af999cbc",
            "level": null,
            "repeated_theme": [],
            "homework_files": [],
            "course_work_files": [],
            "extra_work_files": [],
            "videos": [],
            "files": [],
            "photos": []
        }
    },
    {
        "model": "subject.theme",
        "pk": "a7a8109d-472d-45cf-a6b3-8d59d8e544ec",
        "fields": {
            "filial": null,
            "created_at": "2025-04-17T03:03:51.372Z",
            "updated_at": "2025-04-17T03:03:51.373Z",
            "deleted_at": null,
            "subject": "c147b7fa-4eb5-4880-88e2-fb8e0f7d2328",
            "title": "Takrorlash",
            "description": "Eritma va eruvchanlikka oid muammoli  masalalar ",
            "theme": "Lesson",
            "course": "c1cacd4b-428e-4a7e-89a8-5974af999cbc",
            "level": null,
            "repeated_theme": [],
            "homework_files": [],
            "course_work_files": [],
            "extra_work_files": [],
            "videos": [],
            "files": [],
            "photos": []
        }
    },
    {
        "model": "subject.theme",
        "pk": "a86db21d-8626-4f72-a5bd-99705147a297",
        "fields": {
            "filial": null,
            "created_at": "2025-04-17T03:03:51.079Z",
            "updated_at": "2025-04-17T03:03:51.079Z",
            "deleted_at": null,
            "subject": "c147b7fa-4eb5-4880-88e2-fb8e0f7d2328",
            "title": "Oksidlar",
            "description": "toifalanishi\nolinishi fizik\nkimyoviy xossalar",
            "theme": "Lesson",
            "course": "c1cacd4b-428e-4a7e-89a8-5974af999cbc",
            "level": null,
            "repeated_theme": [],
            "homework_files": [],
            "course_work_files": [],
            "extra_work_files": [],
            "videos": [],
            "files": [],
            "photos": []
        }
    },
    {
        "model": "subject.theme",
        "pk": "abb7a7d2-87b6-4209-9a92-0a87c760eee2",
        "fields": {
            "filial": null,
            "created_at": "2025-04-17T03:03:51.270Z",
            "updated_at": "2025-04-17T03:03:51.271Z",
            "deleted_at": null,
            "subject": "c147b7fa-4eb5-4880-88e2-fb8e0f7d2328",
            "title": "Kristall panjara turlari",
            "description": "Amorf va kristall tuzilishli moddalar\nKristall tuzilish turlari\nmolekulyar kristal panjara hosil qiluvchi\nmoddalar va ularning xossalari\natom kristal panjara hosil qiluvchi moddalar va ularning xossalari\nion kristal panjara hosil qiluvchi moddalar\nva ularning xossalari\nmetal kristal panjara hosil qiluvchi moddalar va ularning xossalari",
            "theme": "Lesson",
            "course": "c1cacd4b-428e-4a7e-89a8-5974af999cbc",
            "level": null,
            "repeated_theme": [],
            "homework_files": [],
            "course_work_files": [],
            "extra_work_files": [],
            "videos": [],
            "files": [],
            "photos": []
        }
    },
    {
        "model": "subject.theme",
        "pk": "ac7a3876-551b-4876-9310-647d71db23d6",
        "fields": {
            "filial": null,
            "created_at": "2025-04-17T03:03:51.323Z",
            "updated_at": "2025-04-17T03:03:51.323Z",
            "deleted_at": null,
            "subject": "c147b7fa-4eb5-4880-88e2-fb8e0f7d2328",
            "title": "Gazlar aralashmasi",
            "description": "Gazlar aralashmasiga oid masalalar, kimyoviy reaksiya orqali hisoblashlar",
            "theme": "Lesson",
            "course": "c1cacd4b-428e-4a7e-89a8-5974af999cbc",
            "level": null,
            "repeated_theme": [],
            "homework_files": [],
            "course_work_files": [],
            "extra_work_files": [],
            "videos": [],
            "files": [],
            "photos": []
        }
    },
    {
        "model": "subject.theme",
        "pk": "ac9cc41a-8415-4f74-8552-8f3335e4339d",
        "fields": {
            "filial": null,
            "created_at": "2025-04-17T03:03:51.511Z",
            "updated_at": "2025-04-17T03:03:51.512Z",
            "deleted_at": null,
            "subject": "c147b7fa-4eb5-4880-88e2-fb8e0f7d2328",
            "title": "Sikloalkan",
            "description": "Sikloalkanlar tarifi, umumiy formulasi, gomologik \nqatori, gibridlanishi, nomenklaturasi, izomeriyasi, olinishi, fizik va kimyoviy xossalari",
            "theme": "Lesson",
            "course": "c1cacd4b-428e-4a7e-89a8-5974af999cbc",
            "level": null,
            "repeated_theme": [],
            "homework_files": [],
            "course_work_files": [],
            "extra_work_files": [],
            "videos": [],
            "files": [],
            "photos": []
        }
    },
    {
        "model": "subject.theme",
        "pk": "ae4a58e8-1269-4ecf-90bf-a23e1a3abb81",
        "fields": {
            "filial": null,
            "created_at": "2025-04-15T18:16:17.204Z",
            "updated_at": "2025-04-15T18:16:17.205Z",
            "deleted_at": null,
            "subject": "db2ae60f-981e-455c-8298-eea48f36c92c",
            "title": "Lesson 21. Unit 7. Money/Spending Power",
            "description": "Numbers and currency \nShops and services \nPresent perfect with ever for asking experiences\nSecond conditional\nGame( unit related",
            "theme": "Lesson",
            "course": "1b727615-aea4-4a84-b462-f48bd81feff2",
            "level": "25c88649-62d0-4841-b6e7-c9a83e5a2cac",
            "repeated_theme": [],
            "homework_files": [],
            "course_work_files": [],
            "extra_work_files": [],
            "videos": [],
            "files": [],
            "photos": []
        }
    },
    {
        "model": "subject.theme",
        "pk": "af24a531-b391-4f7b-9446-8446b8c40a5f",
        "fields": {
            "filial": null,
            "created_at": "2025-04-17T03:03:51.379Z",
            "updated_at": "2025-04-17T03:03:51.379Z",
            "deleted_at": null,
            "subject": "c147b7fa-4eb5-4880-88e2-fb8e0f7d2328",
            "title": "Oksidlanish qaytarilishi \nreaksiyalari",
            "description": "oksidlanish darajasi \noksidlanish-qaytarilish reaksiyalari oksidlovchi va qaytaruvchini topish oksidlanish va qaytarilish jarayoni\nfaqat qaytaruvchi\nfaqat oksidlovchi\nham oksidlovchi ham qaytaruvchi moddalarni ajratish\nOksidlanish qaytarilishi reaksiya turlari\n",
            "theme": "Lesson",
            "course": "c1cacd4b-428e-4a7e-89a8-5974af999cbc",
            "level": null,
            "repeated_theme": [],
            "homework_files": [],
            "course_work_files": [],
            "extra_work_files": [],
            "videos": [],
            "files": [],
            "photos": []
        }
    },
    {
        "model": "subject.theme",
        "pk": "af7a3eb3-77b3-4a5f-8d45-b2cd804434cb",
        "fields": {
            "filial": null,
            "created_at": "2025-04-17T03:03:51.236Z",
            "updated_at": "2025-04-17T03:03:51.237Z",
            "deleted_at": null,
            "subject": "c147b7fa-4eb5-4880-88e2-fb8e0f7d2328",
            "title": "nan",
            "description": "to’lgan va to’lmagan pog’ona\nto’lgan va to’lmagan pog’onacha\ntoq elektronlar va juftlashgan elektronlar\ntashqi pog’onadagi elektronlarni hisoblash\nvalent elektronlarni hisoblash\nelektron berish va qabul qilish\nionlarning elektron konfiguratsiyasi",
            "theme": "Lesson",
            "course": "c1cacd4b-428e-4a7e-89a8-5974af999cbc",
            "level": null,
            "repeated_theme": [],
            "homework_files": [],
            "course_work_files": [],
            "extra_work_files": [],
            "videos": [],
            "files": [],
            "photos": []
        }
    },
    {
        "model": "subject.theme",
        "pk": "b0b976c5-c405-47ee-8422-4bac911b7fc1",
        "fields": {
            "filial": null,
            "created_at": "2025-04-16T14:02:33.964Z",
            "updated_at": "2025-04-16T14:02:33.965Z",
            "deleted_at": null,
            "subject": "db2ae60f-981e-455c-8298-eea48f36c92c",
            "title": "LESSON 4",
            "description": "1 E/F\n\nPhrasal verbs\nReading\nSpeaking",
            "theme": "Lesson",
            "course": "1b727615-aea4-4a84-b462-f48bd81feff2",
            "level": "79faf5b6-5ff5-46ea-8268-b2a7c4a814b5",
            "repeated_theme": [],
            "homework_files": [],
            "course_work_files": [],
            "extra_work_files": [],
            "videos": [],
            "files": [],
            "photos": []
        }
    },
    {
        "model": "subject.theme",
        "pk": "b192e04e-dffa-4780-95c1-ed8ec2dee2a2",
        "fields": {
            "filial": null,
            "created_at": "2025-04-17T03:03:51.496Z",
            "updated_at": "2025-04-17T03:03:51.496Z",
            "deleted_at": null,
            "subject": "c147b7fa-4eb5-4880-88e2-fb8e0f7d2328",
            "title": "Organik kimyoga kirish",
            "description": "Organik kimyo tarixi, organik birikmalarning o‘ziga xos xususiyatlari, organik moddalarning tuzilish nazariyasi, organik birikmalarning sinflanishi, organik birikmalarda elementlarning oksidlanish darjasini hisoblash, izomeriya tushunchasi",
            "theme": "Lesson",
            "course": "c1cacd4b-428e-4a7e-89a8-5974af999cbc",
            "level": null,
            "repeated_theme": [],
            "homework_files": [],
            "course_work_files": [],
            "extra_work_files": [],
            "videos": [],
            "files": [],
            "photos": []
        }
    },
    {
        "model": "subject.theme",
        "pk": "b2249c50-44ea-4b33-9151-f505b079066c",
        "fields": {
            "filial": null,
            "created_at": "2025-04-17T03:03:51.428Z",
            "updated_at": "2025-04-17T03:03:51.428Z",
            "deleted_at": null,
            "subject": "c147b7fa-4eb5-4880-88e2-fb8e0f7d2328",
            "title": "Tuzlar gidrolizi",
            "description": "kuchsiz asos bilan kuchli kislotadan hosil bo‘lgan tuzlar gidrolizi\neritma muhiti\nkuchli asos bilan kuchsiz kislotadan hosil  bo‘lgan tuzlar gidrolizi\neritma muhiti\nkuchsiz asos bilan kuchsiz kislotadan hosil bo‘lgan tuzlar gidrolizi\neritma muhiti\ngidrolizga ta’sir etuvchi omillar: harorat, konsentratsiya, eritma muhiti",
            "theme": "Lesson",
            "course": "c1cacd4b-428e-4a7e-89a8-5974af999cbc",
            "level": null,
            "repeated_theme": [],
            "homework_files": [],
            "course_work_files": [],
            "extra_work_files": [],
            "videos": [],
            "files": [],
            "photos": []
        }
    },
    {
        "model": "subject.theme",
        "pk": "b2423d40-c625-4d9f-b088-7c14e2539470",
        "fields": {
            "filial": null,
            "created_at": "2025-04-17T03:03:51.209Z",
            "updated_at": "2025-04-17T03:03:51.210Z",
            "deleted_at": null,
            "subject": "c147b7fa-4eb5-4880-88e2-fb8e0f7d2328",
            "title": "Atom tuzilishi ",
            "description": "Atom tarkibi\natom haqidagi olimlar fikri va qilgan ishlari\nelektron konfiguratsiya \nelektronlarni to`lib borish tartibi\nKlechkovskiy qoidasi\npog'ona va pog'onacha",
            "theme": "Lesson",
            "course": "c1cacd4b-428e-4a7e-89a8-5974af999cbc",
            "level": null,
            "repeated_theme": [],
            "homework_files": [],
            "course_work_files": [],
            "extra_work_files": [],
            "videos": [],
            "files": [],
            "photos": []
        }
    },
    {
        "model": "subject.theme",
        "pk": "b62767a1-6b06-4e24-b5e0-a08b49b513e9",
        "fields": {
            "filial": null,
            "created_at": "2025-04-17T03:03:51.394Z",
            "updated_at": "2025-04-17T03:03:51.394Z",
            "deleted_at": null,
            "subject": "c147b7fa-4eb5-4880-88e2-fb8e0f7d2328",
            "title": "Kimyoviy reaksiya kinetikasi",
            "description": "Reaksiya tezligi, u haqida tushuncha\n reaksiya o`rtacha  tezligi\n",
            "theme": "Lesson",
            "course": "c1cacd4b-428e-4a7e-89a8-5974af999cbc",
            "level": null,
            "repeated_theme": [],
            "homework_files": [],
            "course_work_files": [],
            "extra_work_files": [],
            "videos": [],
            "files": [],
            "photos": []
        }
    },
    {
        "model": "subject.theme",
        "pk": "ba263d39-8c7e-4721-aaf9-e8817fcdd2e2",
        "fields": {
            "filial": null,
            "created_at": "2025-04-17T03:03:51.475Z",
            "updated_at": "2025-04-17T03:03:51.475Z",
            "deleted_at": null,
            "subject": "c147b7fa-4eb5-4880-88e2-fb8e0f7d2328",
            "title": "Takrorlash",
            "description": "elektrolizga oid murakkabroq masalalar",
            "theme": "Lesson",
            "course": "c1cacd4b-428e-4a7e-89a8-5974af999cbc",
            "level": null,
            "repeated_theme": [],
            "homework_files": [],
            "course_work_files": [],
            "extra_work_files": [],
            "videos": [],
            "files": [],
            "photos": []
        }
    },
    {
        "model": "subject.theme",
        "pk": "bab353ac-bb79-4cf6-b702-586c7cdec5ab",
        "fields": {
            "filial": null,
            "created_at": "2025-04-17T03:03:51.162Z",
            "updated_at": "2025-04-17T03:03:51.163Z",
            "deleted_at": null,
            "subject": "c147b7fa-4eb5-4880-88e2-fb8e0f7d2328",
            "title": "Mol modda miqdori",
            "description": "Modda massasini xisoblash, molyar hajm, miqdorga qarab hajm va massa hisoblash, avagadro doimiysi, molekula tarkibidagi atom va molekula sonini xisoblash",
            "theme": "Lesson",
            "course": "c1cacd4b-428e-4a7e-89a8-5974af999cbc",
            "level": null,
            "repeated_theme": [],
            "homework_files": [],
            "course_work_files": [],
            "extra_work_files": [],
            "videos": [],
            "files": [],
            "photos": []
        }
    },
    {
        "model": "subject.theme",
        "pk": "bb8e434f-5a09-49a7-8845-27217d3b55cf",
        "fields": {
            "filial": null,
            "created_at": "2025-04-17T03:03:51.539Z",
            "updated_at": "2025-04-17T03:03:51.539Z",
            "deleted_at": null,
            "subject": "c147b7fa-4eb5-4880-88e2-fb8e0f7d2328",
            "title": "Alkinlar",
            "description": "sis trans izomeriyalarni farqlash,\nmustaqil holatda moddalarni nomlab izomeriya yozish",
            "theme": "Lesson",
            "course": "c1cacd4b-428e-4a7e-89a8-5974af999cbc",
            "level": null,
            "repeated_theme": [],
            "homework_files": [],
            "course_work_files": [],
            "extra_work_files": [],
            "videos": [],
            "files": [],
            "photos": []
        }
    },
    {
        "model": "subject.theme",
        "pk": "bf32c3ad-1c6c-409f-813c-baa0136b86b2",
        "fields": {
            "filial": null,
            "created_at": "2025-04-16T00:49:27.554Z",
            "updated_at": "2025-04-16T00:49:27.554Z",
            "deleted_at": null,
            "subject": "db2ae60f-981e-455c-8298-eea48f36c92c",
            "title": "Lesson 41. Video exercises",
            "description": "The Wall Street crash\nCrime writers \nTim Berners-Lee\nAll related videos and exercises",
            "theme": "Lesson",
            "course": "1b727615-aea4-4a84-b462-f48bd81feff2",
            "level": "25c88649-62d0-4841-b6e7-c9a83e5a2cac",
            "repeated_theme": [],
            "homework_files": [],
            "course_work_files": [],
            "extra_work_files": [],
            "videos": [],
            "files": [],
            "photos": []
        }
    },
    {
        "model": "subject.theme",
        "pk": "bff7985d-d141-4a6f-b91b-609e38b41937",
        "fields": {
            "filial": null,
            "created_at": "2025-04-15T17:32:54.240Z",
            "updated_at": "2025-04-15T17:32:54.241Z",
            "deleted_at": null,
            "subject": "db2ae60f-981e-455c-8298-eea48f36c92c",
            "title": "Lesson 6. Unit 2 cont",
            "description": "Word building \nRelated verbs and nouns \nGapped sentence task\nExtreme adjectives",
            "theme": "Lesson",
            "course": "1b727615-aea4-4a84-b462-f48bd81feff2",
            "level": "25c88649-62d0-4841-b6e7-c9a83e5a2cac",
            "repeated_theme": [],
            "homework_files": [],
            "course_work_files": [],
            "extra_work_files": [],
            "videos": [],
            "files": [],
            "photos": []
        }
    },
    {
        "model": "subject.theme",
        "pk": "c3942248-0994-4f50-9794-dd4e08a4f9ee",
        "fields": {
            "filial": null,
            "created_at": "2025-04-17T03:03:51.439Z",
            "updated_at": "2025-04-17T03:03:51.439Z",
            "deleted_at": null,
            "subject": "c147b7fa-4eb5-4880-88e2-fb8e0f7d2328",
            "title": "Suvning ion ko`paytmasi. \npH",
            "description": "suvning ion ko’paytmasi\neritma muhitini pH ga qarab aniqlash eritma konsentratsiyasiga qarab pH yoki pOH ni aniqlash\n",
            "theme": "Lesson",
            "course": "c1cacd4b-428e-4a7e-89a8-5974af999cbc",
            "level": null,
            "repeated_theme": [],
            "homework_files": [],
            "course_work_files": [],
            "extra_work_files": [],
            "videos": [],
            "files": [],
            "photos": []
        }
    },
    {
        "model": "subject.theme",
        "pk": "c42dcb88-3fd5-4b11-b3a2-7ee0fa4ff2ec",
        "fields": {
            "filial": null,
            "created_at": "2025-04-16T00:39:24.799Z",
            "updated_at": "2025-04-16T00:39:24.799Z",
            "deleted_at": null,
            "subject": "db2ae60f-981e-455c-8298-eea48f36c92c",
            "title": "Lesson 37. Grammar builder and grammar reference",
            "description": "Grammar builder and grammar reference of 4-5-6 th units",
            "theme": "Lesson",
            "course": "1b727615-aea4-4a84-b462-f48bd81feff2",
            "level": "25c88649-62d0-4841-b6e7-c9a83e5a2cac",
            "repeated_theme": [],
            "homework_files": [],
            "course_work_files": [],
            "extra_work_files": [],
            "videos": [],
            "files": [],
            "photos": []
        }
    },
    {
        "model": "subject.theme",
        "pk": "c458b127-92f5-444f-9ddd-ab125bde2ec4",
        "fields": {
            "filial": null,
            "created_at": "2025-04-17T03:03:51.190Z",
            "updated_at": "2025-04-17T03:03:51.191Z",
            "deleted_at": null,
            "subject": "c147b7fa-4eb5-4880-88e2-fb8e0f7d2328",
            "title": "Ekvivalentlik qonuni",
            "description": "ekvivalent sonini hisoblash\nekvivalent soni orqali hajm, mol va massa hisoblash usullari",
            "theme": "Lesson",
            "course": "c1cacd4b-428e-4a7e-89a8-5974af999cbc",
            "level": null,
            "repeated_theme": [],
            "homework_files": [],
            "course_work_files": [],
            "extra_work_files": [],
            "videos": [],
            "files": [],
            "photos": []
        }
    },
    {
        "model": "subject.theme",
        "pk": "c474d850-963a-4889-8ef4-69d1bcc46e2c",
        "fields": {
            "filial": null,
            "created_at": "2025-04-17T03:03:51.059Z",
            "updated_at": "2025-04-17T03:03:51.060Z",
            "deleted_at": null,
            "subject": "c147b7fa-4eb5-4880-88e2-fb8e0f7d2328",
            "title": "Kimyoviy element va atom turlari",
            "description": "Tabiatdagi atomlar soni\n118 xil element\nIUPAC tomonidan tavsiya\nKimyoviy element tarif\nAtom turlari\nIzotop\nIzobar\nIzoton\nIzoelektron",
            "theme": "Lesson",
            "course": "c1cacd4b-428e-4a7e-89a8-5974af999cbc",
            "level": null,
            "repeated_theme": [],
            "homework_files": [],
            "course_work_files": [],
            "extra_work_files": [],
            "videos": [],
            "files": [],
            "photos": []
        }
    },
    {
        "model": "subject.theme",
        "pk": "c64c1a39-55b0-4059-ba0f-3d9786f56756",
        "fields": {
            "filial": null,
            "created_at": "2025-04-17T03:03:51.298Z",
            "updated_at": "2025-04-17T03:03:51.299Z",
            "deleted_at": null,
            "subject": "c147b7fa-4eb5-4880-88e2-fb8e0f7d2328",
            "title": "Gaz qonunlari",
            "description": "Boyl Mariot qonuni \nmavzuga oid misollar",
            "theme": "Lesson",
            "course": "c1cacd4b-428e-4a7e-89a8-5974af999cbc",
            "level": null,
            "repeated_theme": [],
            "homework_files": [],
            "course_work_files": [],
            "extra_work_files": [],
            "videos": [],
            "files": [],
            "photos": []
        }
    },
    {
        "model": "subject.theme",
        "pk": "c6c57b04-8fb9-46c1-affc-e535d2f41087",
        "fields": {
            "filial": null,
            "created_at": "2025-04-17T03:03:51.318Z",
            "updated_at": "2025-04-17T03:03:51.318Z",
            "deleted_at": null,
            "subject": "c147b7fa-4eb5-4880-88e2-fb8e0f7d2328",
            "title": "Takrorlash",
            "description": "Gaz qonunlari bo'yicha aralash testlar",
            "theme": "Lesson",
            "course": "c1cacd4b-428e-4a7e-89a8-5974af999cbc",
            "level": null,
            "repeated_theme": [],
            "homework_files": [],
            "course_work_files": [],
            "extra_work_files": [],
            "videos": [],
            "files": [],
            "photos": []
        }
    },
    {
        "model": "subject.theme",
        "pk": "c88f30b0-9718-4148-8b2d-91d363a772da",
        "fields": {
            "filial": null,
            "created_at": "2025-04-17T03:03:51.445Z",
            "updated_at": "2025-04-17T03:03:51.445Z",
            "deleted_at": null,
            "subject": "c147b7fa-4eb5-4880-88e2-fb8e0f7d2328",
            "title": "Suvning ion ko`paytmasi. \npH",
            "description": "pH yoki pOH ga qarab eritma konsentratsiyasini aniqlash",
            "theme": "Lesson",
            "course": "c1cacd4b-428e-4a7e-89a8-5974af999cbc",
            "level": null,
            "repeated_theme": [],
            "homework_files": [],
            "course_work_files": [],
            "extra_work_files": [],
            "videos": [],
            "files": [],
            "photos": []
        }
    },
    {
        "model": "subject.theme",
        "pk": "c9b4e1b3-d767-429c-8f7e-3f16fbe6ec6b",
        "fields": {
            "filial": null,
            "created_at": "2025-04-17T03:03:51.367Z",
            "updated_at": "2025-04-17T03:03:51.367Z",
            "deleted_at": null,
            "subject": "c147b7fa-4eb5-4880-88e2-fb8e0f7d2328",
            "title": "Eruvchanlik",
            "description": "Ervchanlik koefitsenti\nto`yingan eritma\no`ta to`yingan eritma\nto`yinmagan eritma\ngaz va qattiq moddalarning eruvchanligiga ta'sir etuvchi omillar",
            "theme": "Lesson",
            "course": "c1cacd4b-428e-4a7e-89a8-5974af999cbc",
            "level": null,
            "repeated_theme": [],
            "homework_files": [],
            "course_work_files": [],
            "extra_work_files": [],
            "videos": [],
            "files": [],
            "photos": []
        }
    },
    {
        "model": "subject.theme",
        "pk": "cd309969-06b4-47c5-96a9-e4353cef51e7",
        "fields": {
            "filial": null,
            "created_at": "2025-04-15T18:12:50.389Z",
            "updated_at": "2025-04-15T18:12:50.389Z",
            "deleted_at": null,
            "subject": "db2ae60f-981e-455c-8298-eea48f36c92c",
            "title": "Lesson 20. Unit 6 cont",
            "description": "Multiple choice question type \nHolidays( compound nouns)\nAsking for clarification \nMaking, accepting, declining suggestions \nInformal omissions of sentence subjects",
            "theme": "Lesson",
            "course": "1b727615-aea4-4a84-b462-f48bd81feff2",
            "level": "25c88649-62d0-4841-b6e7-c9a83e5a2cac",
            "repeated_theme": [],
            "homework_files": [],
            "course_work_files": [],
            "extra_work_files": [],
            "videos": [],
            "files": [],
            "photos": []
        }
    },
    {
        "model": "subject.theme",
        "pk": "cf6fb177-fa62-4e6d-808d-524aafc65593",
        "fields": {
            "filial": null,
            "created_at": "2025-04-17T03:03:51.032Z",
            "updated_at": "2025-04-17T03:03:51.033Z",
            "deleted_at": null,
            "subject": "c147b7fa-4eb5-4880-88e2-fb8e0f7d2328",
            "title": "Kirish. Atom molekulyar \nta'limot.",
            "description": "Kimyo fani tarixi qisqacha\nKimyo fani va uning vazifalari\nAtom, Molekula, Modda tariflari \nAtom tuzulishi sodda qilib o'rgatiladi, \nAr, proton, neytron va elektron hisoblash \noddiy va murakkab modda\n",
            "theme": "Lesson",
            "course": "c1cacd4b-428e-4a7e-89a8-5974af999cbc",
            "level": null,
            "repeated_theme": [],
            "homework_files": [],
            "course_work_files": [],
            "extra_work_files": [],
            "videos": [],
            "files": [],
            "photos": []
        }
    },
    {
        "model": "subject.theme",
        "pk": "d1acce02-9ed0-4419-8fd5-84acd032135f",
        "fields": {
            "filial": null,
            "created_at": "2025-04-17T03:03:51.528Z",
            "updated_at": "2025-04-17T03:03:51.528Z",
            "deleted_at": null,
            "subject": "c147b7fa-4eb5-4880-88e2-fb8e0f7d2328",
            "title": "Alkadienlar",
            "description": "Alkadienlar tarifi, umumiy formulasi, gomologik \nqatori, gibridlanishi, nomenklaturasi, izomeriyasi, olinishi, fizik va kimyoviy xossalari",
            "theme": "Lesson",
            "course": "c1cacd4b-428e-4a7e-89a8-5974af999cbc",
            "level": null,
            "repeated_theme": [],
            "homework_files": [],
            "course_work_files": [],
            "extra_work_files": [],
            "videos": [],
            "files": [],
            "photos": []
        }
    },
    {
        "model": "subject.theme",
        "pk": "d2c3eb39-13bb-44e8-9c01-b6f791a3a848",
        "fields": {
            "filial": null,
            "created_at": "2025-04-17T03:03:51.327Z",
            "updated_at": "2025-04-17T03:03:51.328Z",
            "deleted_at": null,
            "subject": "c147b7fa-4eb5-4880-88e2-fb8e0f7d2328",
            "title": "Eritmalar",
            "description": "Eritma haqida tushuncha\neritma turlari\neritma zichligi\neritma tayyorlash usullari\n",
            "theme": "Lesson",
            "course": "c1cacd4b-428e-4a7e-89a8-5974af999cbc",
            "level": null,
            "repeated_theme": [],
            "homework_files": [],
            "course_work_files": [],
            "extra_work_files": [],
            "videos": [],
            "files": [],
            "photos": []
        }
    },
    {
        "model": "subject.theme",
        "pk": "d2df5f29-25a5-4818-b81c-7c1dc18ff2e7",
        "fields": {
            "filial": null,
            "created_at": "2025-04-17T03:03:51.241Z",
            "updated_at": "2025-04-17T03:03:51.242Z",
            "deleted_at": null,
            "subject": "c147b7fa-4eb5-4880-88e2-fb8e0f7d2328",
            "title": "Kvant sonlar",
            "description": "bosh kvant son\norbital kvant son\nmagnit kvant son\nspin kvant son\nqiymatlarini yozish\n",
            "theme": "Lesson",
            "course": "c1cacd4b-428e-4a7e-89a8-5974af999cbc",
            "level": null,
            "repeated_theme": [],
            "homework_files": [],
            "course_work_files": [],
            "extra_work_files": [],
            "videos": [],
            "files": [],
            "photos": []
        }
    },
    {
        "model": "subject.theme",
        "pk": "d3ecf9cf-4d1b-4783-a34e-491fa409b097",
        "fields": {
            "filial": null,
            "created_at": "2025-04-15T19:10:20.972Z",
            "updated_at": "2025-04-15T19:10:20.973Z",
            "deleted_at": null,
            "subject": "db2ae60f-981e-455c-8298-eea48f36c92c",
            "title": "Lesson 35. Vocabulary builder ( unit 5-6-7-8-9)",
            "description": "Tasks on vocabularies of unit 5-6-7-8-9\nGame \nHandouts",
            "theme": "Lesson",
            "course": "1b727615-aea4-4a84-b462-f48bd81feff2",
            "level": "25c88649-62d0-4841-b6e7-c9a83e5a2cac",
            "repeated_theme": [],
            "homework_files": [],
            "course_work_files": [],
            "extra_work_files": [],
            "videos": [],
            "files": [],
            "photos": []
        }
    },
    {
        "model": "subject.theme",
        "pk": "d40c08d9-2246-4a77-a8ba-bcce81401ccf",
        "fields": {
            "filial": null,
            "created_at": "2025-04-17T03:03:51.200Z",
            "updated_at": "2025-04-17T03:03:51.200Z",
            "deleted_at": null,
            "subject": "c147b7fa-4eb5-4880-88e2-fb8e0f7d2328",
            "title": "Ekvivalentlik qonuni",
            "description": "Ekvivalentlik qonuni asosida \nmasalalar ishlash(reaksiya orqali)",
            "theme": "Lesson",
            "course": "c1cacd4b-428e-4a7e-89a8-5974af999cbc",
            "level": null,
            "repeated_theme": [],
            "homework_files": [],
            "course_work_files": [],
            "extra_work_files": [],
            "videos": [],
            "files": [],
            "photos": []
        }
    },
    {
        "model": "subject.theme",
        "pk": "d6eef75e-d964-424c-91c7-4dc6641a186b",
        "fields": {
            "filial": null,
            "created_at": "2025-04-17T03:03:51.130Z",
            "updated_at": "2025-04-17T03:03:51.130Z",
            "deleted_at": null,
            "subject": "c147b7fa-4eb5-4880-88e2-fb8e0f7d2328",
            "title": "Kompleks birikmalar",
            "description": "Kompleks birikmalar\nnomlanishi \nolinishi\nfizik va kimyoviy xossalari\ngrafik formulasi\nsigma va pi bog' soni",
            "theme": "Lesson",
            "course": "c1cacd4b-428e-4a7e-89a8-5974af999cbc",
            "level": null,
            "repeated_theme": [],
            "homework_files": [],
            "course_work_files": [],
            "extra_work_files": [],
            "videos": [],
            "files": [],
            "photos": []
        }
    },
    {
        "model": "subject.theme",
        "pk": "d7affb1a-7159-4e99-89f2-b9d13d3f4d6f",
        "fields": {
            "filial": null,
            "created_at": "2025-04-17T03:03:51.583Z",
            "updated_at": "2025-04-17T03:03:51.583Z",
            "deleted_at": null,
            "subject": "c147b7fa-4eb5-4880-88e2-fb8e0f7d2328",
            "title": "Oksibirikmalar\n(aldegid va ketonlar)",
            "description": "Aldegidlar  tarifi umumi formulalari, \nto`yingan va to`yinmagan turlari, nomenklaturasi, izomeriyasi, olinishi, fizik va kimyoviy xossalari",
            "theme": "Lesson",
            "course": "c1cacd4b-428e-4a7e-89a8-5974af999cbc",
            "level": null,
            "repeated_theme": [],
            "homework_files": [],
            "course_work_files": [],
            "extra_work_files": [],
            "videos": [],
            "files": [],
            "photos": []
        }
    },
    {
        "model": "subject.theme",
        "pk": "dc38a0db-7101-4280-8eec-96e6fbd324b4",
        "fields": {
            "filial": null,
            "created_at": "2025-04-15T18:04:38.718Z",
            "updated_at": "2025-04-15T18:04:38.719Z",
            "deleted_at": null,
            "subject": "db2ae60f-981e-455c-8298-eea48f36c92c",
            "title": "Lesson 17. Unit 5 cont",
            "description": "Gap filling task\nWork related collocations \nPersonal qualities \nDeveloping answers with more details\nMaking contrasts\nAn application letter",
            "theme": "Lesson",
            "course": "1b727615-aea4-4a84-b462-f48bd81feff2",
            "level": "25c88649-62d0-4841-b6e7-c9a83e5a2cac",
            "repeated_theme": [],
            "homework_files": [],
            "course_work_files": [],
            "extra_work_files": [],
            "videos": [],
            "files": [],
            "photos": []
        }
    },
    {
        "model": "subject.theme",
        "pk": "dc57a3a3-c8ff-4d97-ae38-c67b5d4addb0",
        "fields": {
            "filial": null,
            "created_at": "2025-04-17T03:03:51.636Z",
            "updated_at": "2025-04-17T03:03:51.636Z",
            "deleted_at": null,
            "subject": "c147b7fa-4eb5-4880-88e2-fb8e0f7d2328",
            "title": "Yuqori molekulyar birikmalar",
            "description": "Yuqori molekulyar birikmalar haqida tushuncha, ta'rifi, olinish usullari, \nfizik xossalari va ishlatilishi",
            "theme": "Lesson",
            "course": "c1cacd4b-428e-4a7e-89a8-5974af999cbc",
            "level": null,
            "repeated_theme": [],
            "homework_files": [],
            "course_work_files": [],
            "extra_work_files": [],
            "videos": [],
            "files": [],
            "photos": []
        }
    },
    {
        "model": "subject.theme",
        "pk": "df00cc73-5e91-425d-b0c1-0aa73b6d07fd",
        "fields": {
            "filial": null,
            "created_at": "2025-04-15T18:23:02.919Z",
            "updated_at": "2025-04-15T18:23:02.920Z",
            "deleted_at": null,
            "subject": "db2ae60f-981e-455c-8298-eea48f36c92c",
            "title": "Lesson 24. Review",
            "description": "Opinion essay\nFormal letter \nInformal letter\nApplication letter\nAn article \nGame \nVideo",
            "theme": "Lesson",
            "course": "1b727615-aea4-4a84-b462-f48bd81feff2",
            "level": "25c88649-62d0-4841-b6e7-c9a83e5a2cac",
            "repeated_theme": [],
            "homework_files": [],
            "course_work_files": [],
            "extra_work_files": [],
            "videos": [],
            "files": [],
            "photos": []
        }
    },
    {
        "model": "subject.theme",
        "pk": "df9b7088-f1e2-459a-b011-d6ebb01c3b28",
        "fields": {
            "filial": null,
            "created_at": "2025-04-17T03:03:51.084Z",
            "updated_at": "2025-04-17T03:03:51.084Z",
            "deleted_at": null,
            "subject": "c147b7fa-4eb5-4880-88e2-fb8e0f7d2328",
            "title": "Asoslar",
            "description": "Asoslar\numumiy formulasi\nnomlanishi\nolinishi \ngrafik formulasi\nsigma va pi bog' soni\nfizik va kimyoviy xossalari",
            "theme": "Lesson",
            "course": "c1cacd4b-428e-4a7e-89a8-5974af999cbc",
            "level": null,
            "repeated_theme": [],
            "homework_files": [],
            "course_work_files": [],
            "extra_work_files": [],
            "videos": [],
            "files": [],
            "photos": []
        }
    },
    {
        "model": "subject.theme",
        "pk": "e111a469-f076-4d2b-a050-97514f5f6643",
        "fields": {
            "filial": null,
            "created_at": "2025-04-17T03:03:51.134Z",
            "updated_at": "2025-04-17T03:03:51.135Z",
            "deleted_at": null,
            "subject": "c147b7fa-4eb5-4880-88e2-fb8e0f7d2328",
            "title": "Tuzlarni olinishi",
            "description": "Tuzlarni olinishi va kimyoviy xossalari\nmustaqil holda kimyoviy reaksiyalarni yozish",
            "theme": "Lesson",
            "course": "c1cacd4b-428e-4a7e-89a8-5974af999cbc",
            "level": null,
            "repeated_theme": [],
            "homework_files": [],
            "course_work_files": [],
            "extra_work_files": [],
            "videos": [],
            "files": [],
            "photos": []
        }
    },
    {
        "model": "subject.theme",
        "pk": "e13f3bfb-21a5-45d4-9c56-8df3b9641c85",
        "fields": {
            "filial": null,
            "created_at": "2025-04-17T03:03:51.418Z",
            "updated_at": "2025-04-17T03:03:51.418Z",
            "deleted_at": null,
            "subject": "c147b7fa-4eb5-4880-88e2-fb8e0f7d2328",
            "title": "Elektrolitik dissotsialanish",
            "description": "elektrolitik dissotsiyalanish nazariyasi elektrolit va noelektrolitlar dissotsiyalanish darajasi \nkuchli va kuchsiz elektrolitlarkislota, asos va tuzlarning eritmalarda dissotsiyalanishi, dissotsiyalanish doimiysi",
            "theme": "Lesson",
            "course": "c1cacd4b-428e-4a7e-89a8-5974af999cbc",
            "level": null,
            "repeated_theme": [],
            "homework_files": [],
            "course_work_files": [],
            "extra_work_files": [],
            "videos": [],
            "files": [],
            "photos": []
        }
    },
    {
        "model": "subject.theme",
        "pk": "e28cbf62-ecc3-4949-b877-dc19e46899f0",
        "fields": {
            "filial": null,
            "created_at": "2025-04-17T03:03:51.588Z",
            "updated_at": "2025-04-17T03:03:51.588Z",
            "deleted_at": null,
            "subject": "c147b7fa-4eb5-4880-88e2-fb8e0f7d2328",
            "title": "Oksibirikmalar\n(aldegid va ketonlar)",
            "description": "Ketonlarning tarifi umumi formulalari, \nto`yingan va to`yinmagan turlari, nomenklaturasi, izomeriyasi, olinishi, fizik va kimyoviy xossalari",
            "theme": "Lesson",
            "course": "c1cacd4b-428e-4a7e-89a8-5974af999cbc",
            "level": null,
            "repeated_theme": [],
            "homework_files": [],
            "course_work_files": [],
            "extra_work_files": [],
            "videos": [],
            "files": [],
            "photos": []
        }
    },
    {
        "model": "subject.theme",
        "pk": "e3849860-5a41-4a14-9724-3f8bb5bf9b1a",
        "fields": {
            "filial": null,
            "created_at": "2025-04-15T18:01:58.131Z",
            "updated_at": "2025-04-15T18:01:58.131Z",
            "deleted_at": null,
            "subject": "db2ae60f-981e-455c-8298-eea48f36c92c",
            "title": "Lesson 16. Unit 5 cont",
            "description": "First condition \nUnit related game and video\nPrefixes and hyphenated words",
            "theme": "Lesson",
            "course": "1b727615-aea4-4a84-b462-f48bd81feff2",
            "level": "25c88649-62d0-4841-b6e7-c9a83e5a2cac",
            "repeated_theme": [],
            "homework_files": [],
            "course_work_files": [],
            "extra_work_files": [],
            "videos": [],
            "files": [],
            "photos": []
        }
    },
    {
        "model": "subject.theme",
        "pk": "e4a689e8-3834-4ef1-b34b-0b274b70271e",
        "fields": {
            "filial": null,
            "created_at": "2025-04-15T17:19:45.664Z",
            "updated_at": "2025-04-15T17:19:45.665Z",
            "deleted_at": null,
            "subject": "db2ae60f-981e-455c-8298-eea48f36c92c",
            "title": "Lesson 3. Unit 1 cont",
            "description": "Past simple negative and interrogative \nQuestion words\nEd and ing adjectives \nHow + adjectives for exclamation \nMatching tasks\nExtreme adjectives",
            "theme": "Lesson",
            "course": "1b727615-aea4-4a84-b462-f48bd81feff2",
            "level": "25c88649-62d0-4841-b6e7-c9a83e5a2cac",
            "repeated_theme": [],
            "homework_files": [],
            "course_work_files": [],
            "extra_work_files": [],
            "videos": [],
            "files": [],
            "photos": []
        }
    },
    {
        "model": "subject.theme",
        "pk": "e5b7749e-7058-428b-927e-a525e2003695",
        "fields": {
            "filial": null,
            "created_at": "2025-04-17T03:03:51.046Z",
            "updated_at": "2025-04-17T03:03:51.046Z",
            "deleted_at": null,
            "subject": "c147b7fa-4eb5-4880-88e2-fb8e0f7d2328",
            "title": "Nisbiy massa",
            "description": "Kimyoviy formula\nindeks\nkoeffitsient.\nNisbiy atom massa va nisbiy molekulyar massa hisoblash\nMolyar massa",
            "theme": "Lesson",
            "course": "c1cacd4b-428e-4a7e-89a8-5974af999cbc",
            "level": null,
            "repeated_theme": [],
            "homework_files": [],
            "course_work_files": [],
            "extra_work_files": [],
            "videos": [],
            "files": [],
            "photos": []
        }
    },
    {
        "model": "subject.theme",
        "pk": "e7a71b70-793a-4ec5-8ed0-0608687dea25",
        "fields": {
            "filial": null,
            "created_at": "2025-04-15T19:04:35.715Z",
            "updated_at": "2025-04-15T19:04:35.716Z",
            "deleted_at": null,
            "subject": "db2ae60f-981e-455c-8298-eea48f36c92c",
            "title": "Lesson 33. Culture 7-8-9",
            "description": "Wall street \nSherlock Holmes\nComputer pioneers\nAll related listening reading speaking and writing tasks\nGame",
            "theme": "Lesson",
            "course": "1b727615-aea4-4a84-b462-f48bd81feff2",
            "level": "25c88649-62d0-4841-b6e7-c9a83e5a2cac",
            "repeated_theme": [],
            "homework_files": [],
            "course_work_files": [],
            "extra_work_files": [],
            "videos": [],
            "files": [],
            "photos": []
        }
    },
    {
        "model": "subject.theme",
        "pk": "e90be2e6-a2df-446f-8d4b-e7f12eca67b7",
        "fields": {
            "filial": null,
            "created_at": "2025-04-17T03:03:51.362Z",
            "updated_at": "2025-04-17T03:03:51.362Z",
            "deleted_at": null,
            "subject": "c147b7fa-4eb5-4880-88e2-fb8e0f7d2328",
            "title": "Eritmalarni aralashtirish",
            "description": "Dioganal usuli \ntenglama tuzish orqali ishlash",
            "theme": "Lesson",
            "course": "c1cacd4b-428e-4a7e-89a8-5974af999cbc",
            "level": null,
            "repeated_theme": [],
            "homework_files": [],
            "course_work_files": [],
            "extra_work_files": [],
            "videos": [],
            "files": [],
            "photos": []
        }
    },
    {
        "model": "subject.theme",
        "pk": "e9ab3991-6836-45e5-8b7b-6f9ac5da52d9",
        "fields": {
            "filial": null,
            "created_at": "2025-04-15T17:05:54.393Z",
            "updated_at": "2025-04-15T17:11:42.479Z",
            "deleted_at": null,
            "subject": "db2ae60f-981e-455c-8298-eea48f36c92c",
            "title": "Lesson 1. Introduction. Likes and dislikes",
            "description": "Sports and hobbies \nDiscussing school subjects\nPresent simple and continuous contrast\n Describing people \nArticles \nThere is and there are",
            "theme": "Lesson",
            "course": "1b727615-aea4-4a84-b462-f48bd81feff2",
            "level": "25c88649-62d0-4841-b6e7-c9a83e5a2cac",
            "repeated_theme": [],
            "homework_files": [],
            "course_work_files": [],
            "extra_work_files": [],
            "videos": [],
            "files": [],
            "photos": []
        }
    },
    {
        "model": "subject.theme",
        "pk": "eb280050-6fa0-4c07-bcfa-396b559dedc8",
        "fields": {
            "filial": null,
            "created_at": "2025-04-17T03:03:51.571Z",
            "updated_at": "2025-04-17T03:03:51.571Z",
            "deleted_at": null,
            "subject": "c147b7fa-4eb5-4880-88e2-fb8e0f7d2328",
            "title": "Ko`p atomli spirtlar",
            "description": "Ko`p atomli spirtlar, tarifi, umumiy formulasi, gomologik qatori, toifalanishi, gibridlanishi, nomenklaturasi, izomeriyasi, olinishi, fizik va kimyoviy xossalari",
            "theme": "Lesson",
            "course": "c1cacd4b-428e-4a7e-89a8-5974af999cbc",
            "level": null,
            "repeated_theme": [],
            "homework_files": [],
            "course_work_files": [],
            "extra_work_files": [],
            "videos": [],
            "files": [],
            "photos": []
        }
    },
    {
        "model": "subject.theme",
        "pk": "eba28488-7b3a-4b90-9f5b-032945df19db",
        "fields": {
            "filial": null,
            "created_at": "2025-04-16T13:54:39.163Z",
            "updated_at": "2025-04-16T13:54:39.164Z",
            "deleted_at": null,
            "subject": "db2ae60f-981e-455c-8298-eea48f36c92c",
            "title": "LESSON 1",
            "description": "0 ABCD\n\nPAST SIMPLE\nPRESENT SIMPLE AND CONTINIOUS\nADJECTIVES\nARTICLES\nWILL AND GOING TO",
            "theme": "Lesson",
            "course": "1b727615-aea4-4a84-b462-f48bd81feff2",
            "level": "79faf5b6-5ff5-46ea-8268-b2a7c4a814b5",
            "repeated_theme": [],
            "homework_files": [],
            "course_work_files": [],
            "extra_work_files": [],
            "videos": [],
            "files": [],
            "photos": []
        }
    },
    {
        "model": "subject.theme",
        "pk": "ee9b3a1b-a91c-48dd-8ddc-1af50dc67b91",
        "fields": {
            "filial": null,
            "created_at": "2025-04-17T03:03:51.598Z",
            "updated_at": "2025-04-17T03:03:51.599Z",
            "deleted_at": null,
            "subject": "c147b7fa-4eb5-4880-88e2-fb8e0f7d2328",
            "title": "Oddiy efirlar",
            "description": "Oddiy efirlarning, tarifi, umumiy formulasi, gomologik qatori, toifalanishi, gibridlanishi, nomenklaturasi, izomeriyasi, olinishi, fizik va kimyoviy xossalari",
            "theme": "Lesson",
            "course": "c1cacd4b-428e-4a7e-89a8-5974af999cbc",
            "level": null,
            "repeated_theme": [],
            "homework_files": [],
            "course_work_files": [],
            "extra_work_files": [],
            "videos": [],
            "files": [],
            "photos": []
        }
    },
    {
        "model": "subject.theme",
        "pk": "f16e457f-eaa1-40f0-bb7e-81daa72e5582",
        "fields": {
            "filial": null,
            "created_at": "2025-04-15T19:00:26.853Z",
            "updated_at": "2025-04-15T19:00:26.853Z",
            "deleted_at": null,
            "subject": "db2ae60f-981e-455c-8298-eea48f36c92c",
            "title": "Lesson 31. Culture 1-2-3",
            "description": "The British \nRobinson Crusoe\nScreen exports \nAll related task",
            "theme": "Lesson",
            "course": "1b727615-aea4-4a84-b462-f48bd81feff2",
            "level": "25c88649-62d0-4841-b6e7-c9a83e5a2cac",
            "repeated_theme": [],
            "homework_files": [],
            "course_work_files": [],
            "extra_work_files": [],
            "videos": [],
            "files": [],
            "photos": []
        }
    },
    {
        "model": "subject.theme",
        "pk": "f214bb54-1764-4be3-b394-e30b85d73fd7",
        "fields": {
            "filial": null,
            "created_at": "2025-04-17T03:03:51.620Z",
            "updated_at": "2025-04-17T03:03:51.620Z",
            "deleted_at": null,
            "subject": "c147b7fa-4eb5-4880-88e2-fb8e0f7d2328",
            "title": "Azotli organik birikmalar",
            "description": "Nitrobirikmalar,\nnomlanishi,\nolinishi,\nfizik va kimyoviy xossalari",
            "theme": "Lesson",
            "course": "c1cacd4b-428e-4a7e-89a8-5974af999cbc",
            "level": null,
            "repeated_theme": [],
            "homework_files": [],
            "course_work_files": [],
            "extra_work_files": [],
            "videos": [],
            "files": [],
            "photos": []
        }
    },
    {
        "model": "subject.theme",
        "pk": "f29f60ad-61fc-4c47-b502-b33b20dd6651",
        "fields": {
            "filial": null,
            "created_at": "2025-04-17T03:03:51.517Z",
            "updated_at": "2025-04-17T03:03:51.517Z",
            "deleted_at": null,
            "subject": "c147b7fa-4eb5-4880-88e2-fb8e0f7d2328",
            "title": "Takrorlash",
            "description": "Alkan va Sikloalkan mavzulari bo'yicha reaksiya yozish",
            "theme": "Lesson",
            "course": "c1cacd4b-428e-4a7e-89a8-5974af999cbc",
            "level": null,
            "repeated_theme": [],
            "homework_files": [],
            "course_work_files": [],
            "extra_work_files": [],
            "videos": [],
            "files": [],
            "photos": []
        }
    },
    {
        "model": "subject.theme",
        "pk": "f63f1651-75f6-4d43-b965-3241d9074aff",
        "fields": {
            "filial": null,
            "created_at": "2025-04-17T03:03:51.167Z",
            "updated_at": "2025-04-17T03:03:51.168Z",
            "deleted_at": null,
            "subject": "c147b7fa-4eb5-4880-88e2-fb8e0f7d2328",
            "title": "Kimyoviy reaksiya orqali \nxisoblashlar ",
            "description": "Kimyoviy reaksiyalar bo`yicha xisoblashlar, \nproporsiya",
            "theme": "Lesson",
            "course": "c1cacd4b-428e-4a7e-89a8-5974af999cbc",
            "level": null,
            "repeated_theme": [],
            "homework_files": [],
            "course_work_files": [],
            "extra_work_files": [],
            "videos": [],
            "files": [],
            "photos": []
        }
    },
    {
        "model": "subject.theme",
        "pk": "f7b7ca84-2cf0-47f4-b950-c65193afcd46",
        "fields": {
            "filial": null,
            "created_at": "2025-04-15T18:07:23.385Z",
            "updated_at": "2025-04-15T18:07:23.386Z",
            "deleted_at": null,
            "subject": "db2ae60f-981e-455c-8298-eea48f36c92c",
            "title": "Lesson 18. Unit 6. Tourism/Worth a visit",
            "description": "Visitor attractions \nDiscussing visitor attractions \nWill and going to\nPresent perfect ( been and gone)\nEmphatic stress",
            "theme": "Lesson",
            "course": "1b727615-aea4-4a84-b462-f48bd81feff2",
            "level": "25c88649-62d0-4841-b6e7-c9a83e5a2cac",
            "repeated_theme": [],
            "homework_files": [],
            "course_work_files": [],
            "extra_work_files": [],
            "videos": [],
            "files": [],
            "photos": []
        }
    },
    {
        "model": "subject.theme",
        "pk": "f8b3a2f8-db2c-4de1-9022-52c2d2a0e08d",
        "fields": {
            "filial": null,
            "created_at": "2025-04-17T03:03:51.294Z",
            "updated_at": "2025-04-17T03:03:51.294Z",
            "deleted_at": null,
            "subject": "c147b7fa-4eb5-4880-88e2-fb8e0f7d2328",
            "title": "Takrorlash",
            "description": "Mavzuga oid murakkab misollar \nzichlik, massa ulush, hajmiy ulush va o`rtacha massalarni bir biriga bog`langan masalalar ko`rish",
            "theme": "Lesson",
            "course": "c1cacd4b-428e-4a7e-89a8-5974af999cbc",
            "level": null,
            "repeated_theme": [],
            "homework_files": [],
            "course_work_files": [],
            "extra_work_files": [],
            "videos": [],
            "files": [],
            "photos": []
        }
    },
    {
        "model": "subject.theme",
        "pk": "f9825306-c7ab-44b1-8f15-187ed1b9d531",
        "fields": {
            "filial": null,
            "created_at": "2025-04-15T19:07:44.572Z",
            "updated_at": "2025-04-16T00:40:26.330Z",
            "deleted_at": null,
            "subject": "db2ae60f-981e-455c-8298-eea48f36c92c",
            "title": "Lesson 34. Vocabulary builder. Introduction, 1-2-3-4th units",
            "description": "Tasks on vocabularies of introduction unit, 1-2-3-4",
            "theme": "Lesson",
            "course": "1b727615-aea4-4a84-b462-f48bd81feff2",
            "level": "25c88649-62d0-4841-b6e7-c9a83e5a2cac",
            "repeated_theme": [],
            "homework_files": [],
            "course_work_files": [],
            "extra_work_files": [],
            "videos": [],
            "files": [],
            "photos": []
        }
    },
    {
        "model": "subject.theme",
        "pk": "fa74be7a-e3d5-4655-bd95-d516fdbcb3ab",
        "fields": {
            "filial": null,
            "created_at": "2025-04-17T03:03:51.561Z",
            "updated_at": "2025-04-17T03:03:51.561Z",
            "deleted_at": null,
            "subject": "c147b7fa-4eb5-4880-88e2-fb8e0f7d2328",
            "title": "Aromatik uglevodorlar",
            "description": "olinishi, fizik va kimyoviy xossalari",
            "theme": "Lesson",
            "course": "c1cacd4b-428e-4a7e-89a8-5974af999cbc",
            "level": null,
            "repeated_theme": [],
            "homework_files": [],
            "course_work_files": [],
            "extra_work_files": [],
            "videos": [],
            "files": [],
            "photos": []
        }
    },
    {
        "model": "subject.theme",
        "pk": "fcc123ae-30cf-4e9b-83b6-0dd33704e964",
        "fields": {
            "filial": null,
            "created_at": "2025-04-17T03:03:51.275Z",
            "updated_at": "2025-04-17T03:03:51.275Z",
            "deleted_at": null,
            "subject": "c147b7fa-4eb5-4880-88e2-fb8e0f7d2328",
            "title": "Gazlar haqida umumiy ma'lumot",
            "description": "Gazlar\nideal va real gazlar bir biridan farqi\ngazlarga ta'sir etuvchi parametrlar(P, T, V) ularni bir biridan farqlash va birliklari o'zgarishini o'rganish\nbirliklarni o'zgarishi va bir birga o`tish",
            "theme": "Lesson",
            "course": "c1cacd4b-428e-4a7e-89a8-5974af999cbc",
            "level": null,
            "repeated_theme": [],
            "homework_files": [],
            "course_work_files": [],
            "extra_work_files": [],
            "videos": [],
            "files": [],
            "photos": []
        }
    },
    {
        "model": "subject.theme",
        "pk": "ff75924d-0a6d-4e97-a6b0-9bb628e70a70",
        "fields": {
            "filial": null,
            "created_at": "2025-04-17T03:03:51.246Z",
            "updated_at": "2025-04-17T03:03:51.247Z",
            "deleted_at": null,
            "subject": "c147b7fa-4eb5-4880-88e2-fb8e0f7d2328",
            "title": "Kvant sonlar",
            "description": "Pauli prinspi\nGund qoidasi\nionlar va murakkab modda tarkibidagi atomlar uchun hisoblash \nelektron ko'chish\nkvant sonlar orqali element aniqlash",
            "theme": "Lesson",
            "course": "c1cacd4b-428e-4a7e-89a8-5974af999cbc",
            "level": null,
            "repeated_theme": [],
            "homework_files": [],
            "course_work_files": [],
            "extra_work_files": [],
            "videos": [],
            "files": [],
            "photos": []
        }
    },
    {
        "model": "attendance.attendance",
        "pk": "2468de30-02d8-4963-b287-954ecee0a706",
        "fields": {
            "filial": null,
            "created_at": "2025-05-21T05:19:57.013Z",
            "updated_at": "2025-05-21T05:19:57.013Z",
            "deleted_at": null,
            "group": "a0a5e2bf-0c3d-48c5-8931-876e7b26507d",
            "repeated": false,
            "lid": null,
            "student": "7db4cf21-2cc7-4365-9a89-ab891f5ec8c8",
            "reason": "IS_PRESENT",
            "remarks": null,
            "amount": null,
            "theme": [
                "e5b7749e-7058-428b-927e-a525e2003695"
            ]
        }
    },
    {
        "model": "attendance.attendance",
        "pk": "70968285-00f1-41d8-8330-bf35ae1f0c5e",
        "fields": {
            "filial": null,
            "created_at": "2025-05-21T05:19:57.022Z",
            "updated_at": "2025-05-21T05:19:57.024Z",
            "deleted_at": null,
            "group": "a0a5e2bf-0c3d-48c5-8931-876e7b26507d",
            "repeated": false,
            "lid": null,
            "student": "f75c88f5-da75-4360-956d-c59f6e0f8ed2",
            "reason": "IS_PRESENT",
            "remarks": null,
            "amount": null,
            "theme": [
                "e5b7749e-7058-428b-927e-a525e2003695"
            ]
        }
    },
    {
        "model": "attendance.attendance",
        "pk": "722ff207-1b28-4bcd-93c7-ddc94c080ad5",
        "fields": {
            "filial": null,
            "created_at": "2025-05-20T16:19:14.413Z",
            "updated_at": "2025-05-20T16:19:14.413Z",
            "deleted_at": null,
            "group": "b00d4949-14d5-41a3-b800-64ba7c60f613",
            "repeated": false,
            "lid": null,
            "student": "fb629a3d-936e-4d36-88a9-fab7da24f934",
            "reason": "UNREASONED",
            "remarks": null,
            "amount": null,
            "theme": [
                "cf6fb177-fa62-4e6d-808d-524aafc65593"
            ]
        }
    },
    {
        "model": "attendance.attendance",
        "pk": "79dfc6a1-53e1-48f8-a158-75ca2157c366",
        "fields": {
            "filial": null,
            "created_at": "2025-05-21T04:21:05.635Z",
            "updated_at": "2025-05-21T04:21:05.635Z",
            "deleted_at": null,
            "group": "b00d4949-14d5-41a3-b800-64ba7c60f613",
            "repeated": false,
            "lid": null,
            "student": "167655a3-08ef-4b4c-b2e7-23ffe0a2d9ad",
            "reason": "IS_PRESENT",
            "remarks": null,
            "amount": null,
            "theme": [
                "e5b7749e-7058-428b-927e-a525e2003695"
            ]
        }
    },
    {
        "model": "attendance.attendance",
        "pk": "979d7c72-5ccd-4514-98ab-12923e642b67",
        "fields": {
            "filial": null,
            "created_at": "2025-05-21T05:19:57.024Z",
            "updated_at": "2025-05-21T05:19:57.026Z",
            "deleted_at": null,
            "group": "a0a5e2bf-0c3d-48c5-8931-876e7b26507d",
            "repeated": false,
            "lid": null,
            "student": "23873fa2-14f4-4dcd-be7b-f20fc4088934",
            "reason": "IS_PRESENT",
            "remarks": null,
            "amount": null,
            "theme": [
                "e5b7749e-7058-428b-927e-a525e2003695"
            ]
        }
    },
    {
        "model": "attendance.attendance",
        "pk": "9ce05179-309e-4a69-9c08-b72c9b7eb2a8",
        "fields": {
            "filial": null,
            "created_at": "2025-05-21T05:19:57.020Z",
            "updated_at": "2025-05-21T05:19:57.020Z",
            "deleted_at": null,
            "group": "a0a5e2bf-0c3d-48c5-8931-876e7b26507d",
            "repeated": false,
            "lid": null,
            "student": "7204d9de-efa0-4922-a013-1baf16f14abf",
            "reason": "IS_PRESENT",
            "remarks": null,
            "amount": null,
            "theme": [
                "e5b7749e-7058-428b-927e-a525e2003695"
            ]
        }
    },
    {
        "model": "attendance.attendance",
        "pk": "a91761d7-98ef-463b-a760-d96f59f1844e",
        "fields": {
            "filial": null,
            "created_at": "2025-05-21T05:19:57.022Z",
            "updated_at": "2025-05-21T05:19:57.023Z",
            "deleted_at": null,
            "group": "a0a5e2bf-0c3d-48c5-8931-876e7b26507d",
            "repeated": false,
            "lid": null,
            "student": "1666dcfc-cbd8-4bfa-a0af-88661676d31d",
            "reason": "IS_PRESENT",
            "remarks": null,
            "amount": null,
            "theme": []
        }
    },
    {
        "model": "attendance.attendance",
        "pk": "d4e562c6-6dc3-4a0a-bae3-ad7ce76dbba6",
        "fields": {
            "filial": null,
            "created_at": "2025-05-20T16:19:13.591Z",
            "updated_at": "2025-05-20T16:19:13.591Z",
            "deleted_at": null,
            "group": "b00d4949-14d5-41a3-b800-64ba7c60f613",
            "repeated": false,
            "lid": null,
            "student": "3b08f21e-3655-427e-a7fa-861ef7b430d4",
            "reason": "IS_PRESENT",
            "remarks": null,
            "amount": null,
            "theme": [
                "cf6fb177-fa62-4e6d-808d-524aafc65593"
            ]
        }
    },
    {
        "model": "attendance.attendance",
        "pk": "f8a1a0ef-4e5b-4d2e-b5ac-482a041a1e67",
        "fields": {
            "filial": 1,
            "created_at": "2025-05-20T12:29:36.716Z",
            "updated_at": "2025-05-20T12:29:36.725Z",
            "deleted_at": null,
            "group": "b00d4949-14d5-41a3-b800-64ba7c60f613",
            "repeated": false,
            "lid": null,
            "student": "23d61ecf-c82d-4188-8e8c-c4004075b916",
            "reason": "IS_PRESENT",
            "remarks": "",
            "amount": null,
            "theme": [
                "cf6fb177-fa62-4e6d-808d-524aafc65593"
            ]
        }
    },
    {
        "model": "course.course",
        "pk": "1b727615-aea4-4a84-b462-f48bd81feff2",
        "fields": {
            "filial": 1,
            "created_at": "2025-04-14T12:01:38.040Z",
            "updated_at": "2025-04-14T12:01:38.041Z",
            "deleted_at": null,
            "name": "GENERAL ENGLISH",
            "subject": "db2ae60f-981e-455c-8298-eea48f36c92c",
            "level": null,
            "lessons_number": null,
            "status": "INACTIVE",
            "theme": []
        }
    },
    {
        "model": "course.course",
        "pk": "3931e193-b8fb-4900-82f6-7fd0dd14777b",
        "fields": {
            "filial": 1,
            "created_at": "2025-04-14T12:04:45.627Z",
            "updated_at": "2025-04-14T12:04:45.628Z",
            "deleted_at": null,
            "name": "KIDS",
            "subject": "f81afaae-402c-4a0e-ac0d-33650704ca6a",
            "level": null,
            "lessons_number": null,
            "status": "INACTIVE",
            "theme": []
        }
    },
    {
        "model": "course.course",
        "pk": "3d62ba8c-f5d5-4c1c-b278-872043670565",
        "fields": {
            "filial": 1,
            "created_at": "2025-04-14T12:00:54.240Z",
            "updated_at": "2025-04-14T12:00:54.241Z",
            "deleted_at": null,
            "name": "KIDS",
            "subject": "db2ae60f-981e-455c-8298-eea48f36c92c",
            "level": null,
            "lessons_number": null,
            "status": "INACTIVE",
            "theme": []
        }
    },
    {
        "model": "course.course",
        "pk": "972a07bf-9497-49d8-9e25-a98199d716e3",
        "fields": {
            "filial": 1,
            "created_at": "2025-04-14T12:01:27.665Z",
            "updated_at": "2025-04-14T12:01:27.666Z",
            "deleted_at": null,
            "name": "GRAMMATIKA",
            "subject": "db2ae60f-981e-455c-8298-eea48f36c92c",
            "level": null,
            "lessons_number": null,
            "status": "INACTIVE",
            "theme": []
        }
    },
    {
        "model": "course.course",
        "pk": "c03b84dc-c6d5-4dc5-9265-89c8c6c2fdb0",
        "fields": {
            "filial": 1,
            "created_at": "2025-04-14T12:03:40.872Z",
            "updated_at": "2025-04-14T12:03:40.873Z",
            "deleted_at": null,
            "name": "CEFR",
            "subject": "db2ae60f-981e-455c-8298-eea48f36c92c",
            "level": null,
            "lessons_number": null,
            "status": "INACTIVE",
            "theme": []
        }
    },
    {
        "model": "course.course",
        "pk": "c1cacd4b-428e-4a7e-89a8-5974af999cbc",
        "fields": {
            "filial": 1,
            "created_at": "2025-04-17T03:03:01Z",
            "updated_at": "2025-04-22T14:49:11.986Z",
            "deleted_at": null,
            "name": "Kimyo noldan",
            "subject": "c147b7fa-4eb5-4880-88e2-fb8e0f7d2328",
            "level": null,
            "lessons_number": null,
            "status": "ACTIVE",
            "theme": []
        }
    },
    {
        "model": "homeworks.homework",
        "pk": "0002e04a-97d6-4153-b5e3-c9f07a15a839",
        "fields": {
            "filial": null,
            "created_at": "2025-04-15T17:42:30.102Z",
            "updated_at": "2025-04-15T17:42:30.102Z",
            "deleted_at": null,
            "theme": "4478380b-3853-4043-8a32-41fab6b1b8f9",
            "title": "9-dars vazifasi",
            "body": "Workbook\nEssential words\nNew words\nMaking sentences \nWriting task",
            "choice": null,
            "video": [],
            "documents": [],
            "photo": []
        }
    },
    {
        "model": "homeworks.homework",
        "pk": "038c43c1-6cd7-4782-864b-f95c0a856ff7",
        "fields": {
            "filial": null,
            "created_at": "2025-04-17T03:03:51.383Z",
            "updated_at": "2025-04-17T03:03:51.384Z",
            "deleted_at": null,
            "theme": "af24a531-b391-4f7b-9446-8446b8c40a5f",
            "title": "Kimyo noldan to'plami 66",
            "body": "Misol va masalalarni ishlash",
            "choice": null,
            "video": [],
            "documents": [],
            "photo": []
        }
    },
    {
        "model": "homeworks.homework",
        "pk": "08f4bf07-361c-4df3-8a44-df075454cb53",
        "fields": {
            "filial": null,
            "created_at": "2025-04-17T03:03:51.399Z",
            "updated_at": "2025-04-17T03:03:51.400Z",
            "deleted_at": null,
            "theme": "4f59aaa3-6e76-4219-a9da-fa9cfa0fb2e7",
            "title": "Kimyo noldan to'plami 69",
            "body": "Misol va masalalarni ishlash",
            "choice": null,
            "video": [],
            "documents": [],
            "photo": []
        }
    },
    {
        "model": "homeworks.homework",
        "pk": "0a35b905-ac19-4bde-99ad-7e7a73715e96",
        "fields": {
            "filial": null,
            "created_at": "2025-04-17T03:03:51.352Z",
            "updated_at": "2025-04-17T03:03:51.352Z",
            "deleted_at": null,
            "theme": "7d6f4ceb-74f0-465e-81e2-1c4b71dbddf3",
            "title": "Kimyo noldan to'plami 61",
            "body": "Misol va masalalarni ishlash",
            "choice": null,
            "video": [],
            "documents": [],
            "photo": []
        }
    },
    {
        "model": "homeworks.homework",
        "pk": "0bed39ec-cf95-4b79-a4b1-00bd77d05e4d",
        "fields": {
            "filial": null,
            "created_at": "2025-04-16T00:45:40.328Z",
            "updated_at": "2025-04-16T00:45:40.329Z",
            "deleted_at": null,
            "theme": "7f42256c-708d-4327-9230-8eb575a17680",
            "title": "39-dars vazifasi",
            "body": "Essential words\nNew words\nSpeaking and writing tasks\nWorkbook",
            "choice": null,
            "video": [],
            "documents": [],
            "photo": []
        }
    },
    {
        "model": "homeworks.homework",
        "pk": "0c136473-53de-458c-b238-ae27b22cda1e",
        "fields": {
            "filial": null,
            "created_at": "2025-04-17T03:03:51.540Z",
            "updated_at": "2025-04-17T03:03:51.540Z",
            "deleted_at": null,
            "theme": "bb8e434f-5a09-49a7-8845-27217d3b55cf",
            "title": "Kimyo noldan to'plami 94",
            "body": "Misol va masalalarni ishlash",
            "choice": null,
            "video": [],
            "documents": [],
            "photo": []
        }
    },
    {
        "model": "homeworks.homework",
        "pk": "0c7aabac-fadc-435c-8eb3-2c06490095e6",
        "fields": {
            "filial": null,
            "created_at": "2025-04-17T03:03:51.368Z",
            "updated_at": "2025-04-17T03:03:51.368Z",
            "deleted_at": null,
            "theme": "c9b4e1b3-d767-429c-8f7e-3f16fbe6ec6b",
            "title": "Kimyo noldan to'plami 64",
            "body": "Misol va masalalarni ishlash",
            "choice": null,
            "video": [],
            "documents": [],
            "photo": []
        }
    },
    {
        "model": "homeworks.homework",
        "pk": "0eaf3924-eebf-40cc-8712-6d29c069dc49",
        "fields": {
            "filial": null,
            "created_at": "2025-04-17T03:03:51.523Z",
            "updated_at": "2025-04-17T03:03:51.523Z",
            "deleted_at": null,
            "theme": "1419d67b-58a9-4e6a-acc0-4dbdb7dfec8f",
            "title": "Kimyo noldan to'plami 91",
            "body": "Misol va masalalarni ishlash",
            "choice": null,
            "video": [],
            "documents": [],
            "photo": []
        }
    },
    {
        "model": "homeworks.homework",
        "pk": "0fa25813-d40d-4f8a-bd3b-b548ce06227e",
        "fields": {
            "filial": null,
            "created_at": "2025-04-17T03:03:51.304Z",
            "updated_at": "2025-04-17T03:03:51.305Z",
            "deleted_at": null,
            "theme": "475b9693-2a4d-4316-acd9-c887ce92ef53",
            "title": "Kimyo noldan to'plami 51",
            "body": "Misol va masalalarni ishlash",
            "choice": null,
            "video": [],
            "documents": [],
            "photo": []
        }
    },
    {
        "model": "homeworks.homework",
        "pk": "13259392-1e1a-4a6b-8df5-81a1a534591a",
        "fields": {
            "filial": null,
            "created_at": "2025-04-15T17:48:41.885Z",
            "updated_at": "2025-04-15T17:48:41.885Z",
            "deleted_at": null,
            "theme": "7081aef9-26ac-4302-90b7-0a6324812ebc",
            "title": "11-dars vazifasi",
            "body": "Workbook\nNew words\nEssential words\nMaking sentences\nSpeaking task ( weather)\nWriting task",
            "choice": null,
            "video": [],
            "documents": [],
            "photo": []
        }
    },
    {
        "model": "homeworks.homework",
        "pk": "14e0774f-1a36-4b99-94fa-07258da3be83",
        "fields": {
            "filial": null,
            "created_at": "2025-04-17T03:03:51.094Z",
            "updated_at": "2025-04-17T03:03:51.094Z",
            "deleted_at": null,
            "theme": "907ce259-7806-4d5e-8309-5efd252e361a",
            "title": "Kimyo noldan to'plami 13",
            "body": "Misol va masalalarni ishlash",
            "choice": null,
            "video": [],
            "documents": [],
            "photo": []
        }
    },
    {
        "model": "homeworks.homework",
        "pk": "15de46a6-680f-45e9-8a79-5fee94ac0987",
        "fields": {
            "filial": null,
            "created_at": "2025-04-17T03:03:51.262Z",
            "updated_at": "2025-04-17T03:03:51.262Z",
            "deleted_at": null,
            "theme": "3deeda5b-127d-469d-8239-6b811e571731",
            "title": "Kimyo noldan to'plami 43",
            "body": "Misol va masalalarni ishlash",
            "choice": null,
            "video": [],
            "documents": [],
            "photo": []
        }
    },
    {
        "model": "homeworks.homework",
        "pk": "16f7eb88-3498-4254-b565-e77448181922",
        "fields": {
            "filial": null,
            "created_at": "2025-04-17T03:03:51.247Z",
            "updated_at": "2025-04-17T03:03:51.247Z",
            "deleted_at": null,
            "theme": "ff75924d-0a6d-4e97-a6b0-9bb628e70a70",
            "title": "Kimyo noldan to'plami 40",
            "body": "Misol va masalalarni ishlash",
            "choice": null,
            "video": [],
            "documents": [],
            "photo": []
        }
    },
    {
        "model": "homeworks.homework",
        "pk": "1713e3b7-ec81-498f-9c93-588dfa6e12eb",
        "fields": {
            "filial": null,
            "created_at": "2025-04-17T03:03:51.395Z",
            "updated_at": "2025-04-17T03:03:51.395Z",
            "deleted_at": null,
            "theme": "b62767a1-6b06-4e24-b5e0-a08b49b513e9",
            "title": "Kimyo noldan to'plami 68",
            "body": "Misol va masalalarni ishlash",
            "choice": null,
            "video": [],
            "documents": [],
            "photo": []
        }
    },
    {
        "model": "homeworks.homework",
        "pk": "1c58bea2-9f38-4dcd-a03b-611bdb871edc",
        "fields": {
            "filial": null,
            "created_at": "2025-04-17T03:03:51.065Z",
            "updated_at": "2025-04-17T03:03:51.065Z",
            "deleted_at": null,
            "theme": "19099fa1-9a3d-4758-aa58-14729d65b409",
            "title": "Kimyo noldan to'plami 7",
            "body": "Misol va masalalarni ishlash",
            "choice": null,
            "video": [],
            "documents": [],
            "photo": []
        }
    },
    {
        "model": "homeworks.homework",
        "pk": "2056b6a6-5d9e-4600-8abc-acb33a4a2660",
        "fields": {
            "filial": null,
            "created_at": "2025-04-17T03:03:51.550Z",
            "updated_at": "2025-04-17T03:03:51.550Z",
            "deleted_at": null,
            "theme": "5a1acbfe-95b6-4247-bbce-a19215b74300",
            "title": "Kimyo noldan to'plami 95",
            "body": "Misol va masalalarni ishlash",
            "choice": null,
            "video": [],
            "documents": [],
            "photo": []
        }
    },
    {
        "model": "homeworks.homework",
        "pk": "20b6c935-1045-47cb-8f66-5ab15d8ff7bd",
        "fields": {
            "filial": null,
            "created_at": "2025-04-16T00:39:24.970Z",
            "updated_at": "2025-04-16T00:39:24.971Z",
            "deleted_at": null,
            "theme": "c42dcb88-3fd5-4b11-b3a2-7ee0fa4ff2ec",
            "title": "37-dars vazifasi",
            "body": "Essential words\nNew words\nWriting and speaking tasks\nGrammar builder 4-5-6th units from workbook",
            "choice": null,
            "video": [],
            "documents": [],
            "photo": []
        }
    },
    {
        "model": "homeworks.homework",
        "pk": "20c5659b-9885-4f4c-b9ba-cfb454b73fd0",
        "fields": {
            "filial": null,
            "created_at": "2025-04-15T17:57:03.764Z",
            "updated_at": "2025-04-15T17:57:03.764Z",
            "deleted_at": null,
            "theme": "a6bd48de-ab81-4675-898b-9c46f92acd4d",
            "title": "14-dars vazifasi",
            "body": "Essential words\nWriting and speaking tasks ( according to 1-2-3-4 th units)\nWorking on weaker points",
            "choice": null,
            "video": [],
            "documents": [],
            "photo": []
        }
    },
    {
        "model": "homeworks.homework",
        "pk": "228c4772-1a01-409d-8284-e4c7a286fdc5",
        "fields": {
            "filial": null,
            "created_at": "2025-04-15T19:10:21.242Z",
            "updated_at": "2025-04-15T19:10:21.243Z",
            "deleted_at": null,
            "theme": "d3ecf9cf-4d1b-4783-a34e-491fa409b097",
            "title": "35-dars vazifasi",
            "body": "Workbook/ vocabulary builder. Unit 5-6-7-8-9\nHandouts \nMaking sentences on unit vocabularies \nEssential words",
            "choice": null,
            "video": [],
            "documents": [],
            "photo": []
        }
    },
    {
        "model": "homeworks.homework",
        "pk": "2351d14a-1ed9-4562-b55b-30383d691fb3",
        "fields": {
            "filial": null,
            "created_at": "2025-04-17T03:03:51.324Z",
            "updated_at": "2025-04-17T03:03:51.324Z",
            "deleted_at": null,
            "theme": "ac7a3876-551b-4876-9310-647d71db23d6",
            "title": "Kimyo noldan to'plami 55",
            "body": "Misol va masalalarni ishlash",
            "choice": null,
            "video": [],
            "documents": [],
            "photo": []
        }
    },
    {
        "model": "homeworks.homework",
        "pk": "236924b8-ced2-4b5f-8c6e-ca7baa35b161",
        "fields": {
            "filial": null,
            "created_at": "2025-04-17T03:03:51.140Z",
            "updated_at": "2025-04-17T03:03:51.140Z",
            "deleted_at": null,
            "theme": "8df69186-50ee-4b35-b1cf-05fca26ce086",
            "title": "Kimyo noldan to'plami 22",
            "body": "Misol va masalalarni ishlash",
            "choice": null,
            "video": [],
            "documents": [],
            "photo": []
        }
    },
    {
        "model": "homeworks.homework",
        "pk": "24453423-54fc-47f9-94e2-df7c81272403",
        "fields": {
            "filial": null,
            "created_at": "2025-04-17T03:03:51.572Z",
            "updated_at": "2025-04-17T03:03:51.572Z",
            "deleted_at": null,
            "theme": "eb280050-6fa0-4c07-bcfa-396b559dedc8",
            "title": "Kimyo noldan to'plami 99",
            "body": "Misol va masalalarni ishlash",
            "choice": null,
            "video": [],
            "documents": [],
            "photo": []
        }
    },
    {
        "model": "homeworks.homework",
        "pk": "2657d525-c64e-4c6f-a1a6-a2b1374af952",
        "fields": {
            "filial": null,
            "created_at": "2025-04-15T18:12:50.727Z",
            "updated_at": "2025-04-15T18:12:50.728Z",
            "deleted_at": null,
            "theme": "cd309969-06b4-47c5-96a9-e4353cef51e7",
            "title": "20-dars vazifasi",
            "body": "Workbook\nEssential words\nNew words\nMaking sentences \nSpeaking and writing tasks( theme related)",
            "choice": null,
            "video": [],
            "documents": [],
            "photo": []
        }
    },
    {
        "model": "homeworks.homework",
        "pk": "29a9aa6a-8d56-4b38-9cc8-1fd7daf69ea4",
        "fields": {
            "filial": null,
            "created_at": "2025-04-17T03:03:51.163Z",
            "updated_at": "2025-04-17T03:03:51.164Z",
            "deleted_at": null,
            "theme": "bab353ac-bb79-4cf6-b702-586c7cdec5ab",
            "title": "Kimyo noldan to'plami 27",
            "body": "Misol va masalalarni ishlash",
            "choice": null,
            "video": [],
            "documents": [],
            "photo": []
        }
    },
    {
        "model": "homeworks.homework",
        "pk": "2adf8a18-5c2b-45ed-8de7-c3e25f4ff63d",
        "fields": {
            "filial": null,
            "created_at": "2025-04-17T03:03:51.512Z",
            "updated_at": "2025-04-17T03:03:51.512Z",
            "deleted_at": null,
            "theme": "ac9cc41a-8415-4f74-8552-8f3335e4339d",
            "title": "Kimyo noldan to'plami 89",
            "body": "Misol va masalalarni ishlash",
            "choice": null,
            "video": [],
            "documents": [],
            "photo": []
        }
    },
    {
        "model": "homeworks.homework",
        "pk": "2b3ce207-f98b-4c02-b034-70f57841f247",
        "fields": {
            "filial": null,
            "created_at": "2025-04-17T03:03:51.319Z",
            "updated_at": "2025-04-17T03:03:51.319Z",
            "deleted_at": null,
            "theme": "c6c57b04-8fb9-46c1-affc-e535d2f41087",
            "title": "Kimyo noldan to'plami 54",
            "body": "Misol va masalalarni ishlash",
            "choice": null,
            "video": [],
            "documents": [],
            "photo": []
        }
    },
    {
        "model": "homeworks.homework",
        "pk": "2be5e65e-a765-43c0-b403-d61ecf2875aa",
        "fields": {
            "filial": null,
            "created_at": "2025-04-16T14:02:34.291Z",
            "updated_at": "2025-04-16T14:02:34.292Z",
            "deleted_at": null,
            "theme": "b0b976c5-c405-47ee-8422-4bac911b7fc1",
            "title": "HOMEWORK FOR LESSON 4",
            "body": "Workbook\nNew words\nSpeaking\nReading",
            "choice": null,
            "video": [],
            "documents": [],
            "photo": []
        }
    },
    {
        "model": "homeworks.homework",
        "pk": "2e75b71d-4561-44dc-bc07-7d2362fc5037",
        "fields": {
            "filial": null,
            "created_at": "2025-04-17T03:03:51.409Z",
            "updated_at": "2025-04-17T03:03:51.409Z",
            "deleted_at": null,
            "theme": "3c4f56a8-60df-4322-896b-876fc7b1b218",
            "title": "Kimyo noldan to'plami 71",
            "body": "Misol va masalalarni ishlash",
            "choice": null,
            "video": [],
            "documents": [],
            "photo": []
        }
    },
    {
        "model": "homeworks.homework",
        "pk": "2e7d413a-613b-49e1-a1cf-5fe3950df16b",
        "fields": {
            "filial": null,
            "created_at": "2025-04-17T03:03:51.562Z",
            "updated_at": "2025-04-17T03:03:51.562Z",
            "deleted_at": null,
            "theme": "fa74be7a-e3d5-4655-bd95-d516fdbcb3ab",
            "title": "Kimyo noldan to'plami 97",
            "body": "Misol va masalalarni ishlash",
            "choice": null,
            "video": [],
            "documents": [],
            "photo": []
        }
    },
    {
        "model": "homeworks.homework",
        "pk": "2fe9614e-c32a-4dee-a228-7c54114a5ae6",
        "fields": {
            "filial": null,
            "created_at": "2025-04-17T03:03:51.610Z",
            "updated_at": "2025-04-17T03:03:51.610Z",
            "deleted_at": null,
            "theme": "2ddfcb7c-362b-4db6-9dc9-43c574584aac",
            "title": "Kimyo noldan to'plami 106",
            "body": "Misol va masalalarni ishlash",
            "choice": null,
            "video": [],
            "documents": [],
            "photo": []
        }
    },
    {
        "model": "homeworks.homework",
        "pk": "3007be56-5080-4237-910c-a3a6b7140e6c",
        "fields": {
            "filial": null,
            "created_at": "2025-04-15T17:36:07.013Z",
            "updated_at": "2025-04-15T17:36:07.013Z",
            "deleted_at": null,
            "theme": "6d47c30f-5bba-4457-ba98-718f903d8d60",
            "title": "7-dars vazifasi",
            "body": "Workbook\nNew words\nEssential words\nReview \nMaking sentences \nDescribe a childhod photo",
            "choice": null,
            "video": [],
            "documents": [],
            "photo": []
        }
    },
    {
        "model": "homeworks.homework",
        "pk": "326ca7d7-9ab3-4d70-9503-540bbf1c2475",
        "fields": {
            "filial": null,
            "created_at": "2025-04-17T03:03:51.042Z",
            "updated_at": "2025-04-17T03:03:51.042Z",
            "deleted_at": null,
            "theme": "1ad4658b-1552-40e9-87e7-c7734e9e4360",
            "title": "Kimyo noldan to'plami 2",
            "body": "Misol va masalalarni ishlash",
            "choice": null,
            "video": [],
            "documents": [],
            "photo": []
        }
    },
    {
        "model": "homeworks.homework",
        "pk": "32ccb0fc-d0cd-4cc8-9650-adc6648cb3d5",
        "fields": {
            "filial": null,
            "created_at": "2025-04-17T03:03:51.486Z",
            "updated_at": "2025-04-17T03:03:51.486Z",
            "deleted_at": null,
            "theme": "59d2e091-3491-4a1b-a5a3-a7b0bafb3955",
            "title": "Kimyo noldan to'plami 84",
            "body": "Misol va masalalarni ishlash",
            "choice": null,
            "video": [],
            "documents": [],
            "photo": []
        }
    },
    {
        "model": "homeworks.homework",
        "pk": "3442a312-2c36-4d8b-a9dc-2f00d45c5a07",
        "fields": {
            "filial": null,
            "created_at": "2025-04-17T03:03:51.075Z",
            "updated_at": "2025-04-17T03:03:51.075Z",
            "deleted_at": null,
            "theme": "09b6ba8d-6dd5-4a47-956f-cdfca5b6e357",
            "title": "Kimyo noldan to'plami 9",
            "body": "Misol va masalalarni ishlash",
            "choice": null,
            "video": [],
            "documents": [],
            "photo": []
        }
    },
    {
        "model": "homeworks.homework",
        "pk": "34b2d8d6-e226-444d-8bb3-a4e534324e5a",
        "fields": {
            "filial": null,
            "created_at": "2025-04-17T03:03:51.626Z",
            "updated_at": "2025-04-17T03:03:51.626Z",
            "deleted_at": null,
            "theme": "92bd36b1-7e51-429a-a7b4-a7499d1e52ce",
            "title": "Kimyo noldan to'plami 109",
            "body": "Misol va masalalarni ishlash",
            "choice": null,
            "video": [],
            "documents": [],
            "photo": []
        }
    },
    {
        "model": "homeworks.homework",
        "pk": "3550bd84-2bb8-4da2-b317-3b6315f7c105",
        "fields": {
            "filial": null,
            "created_at": "2025-04-17T03:03:51.419Z",
            "updated_at": "2025-04-17T03:03:51.419Z",
            "deleted_at": null,
            "theme": "e13f3bfb-21a5-45d4-9c56-8df3b9641c85",
            "title": "Kimyo noldan to'plami 73",
            "body": "Misol va masalalarni ishlash",
            "choice": null,
            "video": [],
            "documents": [],
            "photo": []
        }
    },
    {
        "model": "homeworks.homework",
        "pk": "38b10af4-877d-4f8f-b4ff-b31992cb23bc",
        "fields": {
            "filial": null,
            "created_at": "2025-04-16T00:47:30.680Z",
            "updated_at": "2025-04-16T00:47:30.680Z",
            "deleted_at": null,
            "theme": "70149044-11d4-431f-b6e6-e884b8dc97e5",
            "title": "39-dars vazifasi",
            "body": "Essential words\nNew words\nSpeaking and writing tasks\nWorkbook",
            "choice": null,
            "video": [],
            "documents": [],
            "photo": []
        }
    },
    {
        "model": "homeworks.homework",
        "pk": "39c424ed-537a-4f0a-bad8-ebf26933a622",
        "fields": {
            "filial": null,
            "created_at": "2025-04-17T03:03:51.205Z",
            "updated_at": "2025-04-17T03:03:51.206Z",
            "deleted_at": null,
            "theme": "0db28c6c-b752-410b-9b87-1f7d8e30600b",
            "title": "Kimyo noldan to'plami 35",
            "body": "Misol va masalalarni ishlash",
            "choice": null,
            "video": [],
            "documents": [],
            "photo": []
        }
    },
    {
        "model": "homeworks.homework",
        "pk": "39c76e40-c057-4a61-8b88-3d36ef093e34",
        "fields": {
            "filial": null,
            "created_at": "2025-04-15T17:24:53.854Z",
            "updated_at": "2025-04-15T17:24:53.855Z",
            "deleted_at": null,
            "theme": "7e776738-fe75-4a13-977d-86bdd3ea5a9a",
            "title": "4-dars vazifasi",
            "body": "Workbook\nMaking sentences \nWriting a story ( summer activities)\nNew words\nEssential words\nRevision",
            "choice": null,
            "video": [],
            "documents": [],
            "photo": []
        }
    },
    {
        "model": "homeworks.homework",
        "pk": "3a6b93f3-eeee-4c38-9fb5-7dad778947a6",
        "fields": {
            "filial": null,
            "created_at": "2025-04-17T03:03:51.577Z",
            "updated_at": "2025-04-17T03:03:51.578Z",
            "deleted_at": null,
            "theme": "3a903ad1-bd13-491c-b728-0ec9565028f5",
            "title": "Kimyo noldan to'plami 100",
            "body": "Misol va masalalarni ishlash",
            "choice": null,
            "video": [],
            "documents": [],
            "photo": []
        }
    },
    {
        "model": "homeworks.homework",
        "pk": "3b98b07e-dc61-47b9-8867-49e983a5ba9d",
        "fields": {
            "filial": null,
            "created_at": "2025-04-17T03:03:51.104Z",
            "updated_at": "2025-04-17T03:03:51.104Z",
            "deleted_at": null,
            "theme": "a6cf6aec-198e-47b6-96e3-5072e64d740a",
            "title": "Kimyo noldan to'plami 15",
            "body": "Misol va masalalarni ishlash",
            "choice": null,
            "video": [],
            "documents": [],
            "photo": []
        }
    },
    {
        "model": "homeworks.homework",
        "pk": "3e064098-bedd-46f6-aadf-10fb6f269f65",
        "fields": {
            "filial": null,
            "created_at": "2025-04-17T03:03:51.191Z",
            "updated_at": "2025-04-17T03:03:51.192Z",
            "deleted_at": null,
            "theme": "c458b127-92f5-444f-9ddd-ab125bde2ec4",
            "title": "Kimyo noldan to'plami 32",
            "body": "Misol va masalalarni ishlash",
            "choice": null,
            "video": [],
            "documents": [],
            "photo": []
        }
    },
    {
        "model": "homeworks.homework",
        "pk": "42094d8e-6c91-4b93-86c9-f8fec44c77d9",
        "fields": {
            "filial": null,
            "created_at": "2025-04-15T18:18:30.251Z",
            "updated_at": "2025-04-15T18:18:30.251Z",
            "deleted_at": null,
            "theme": "55423fe1-c57d-49db-87a2-5d3086aa985a",
            "title": "22-dars vazifasi",
            "body": "Workbook\nEssential words\nNew words\nMaking sentences \nWriting and speaking task( theme related)",
            "choice": null,
            "video": [],
            "documents": [],
            "photo": []
        }
    },
    {
        "model": "homeworks.homework",
        "pk": "439d3c08-3e5b-47ca-9e9e-8f15d9c7366a",
        "fields": {
            "filial": null,
            "created_at": "2025-04-17T03:03:51.130Z",
            "updated_at": "2025-04-17T03:03:51.131Z",
            "deleted_at": null,
            "theme": "d6eef75e-d964-424c-91c7-4dc6641a186b",
            "title": "Kimyo noldan to'plami 20",
            "body": "Misol va masalalarni ishlash",
            "choice": null,
            "video": [],
            "documents": [],
            "photo": []
        }
    },
    {
        "model": "homeworks.homework",
        "pk": "4542a757-b4e0-4719-83f7-0dd3b2c84d31",
        "fields": {
            "filial": null,
            "created_at": "2025-04-16T00:37:20.652Z",
            "updated_at": "2025-04-16T00:39:51.382Z",
            "deleted_at": null,
            "theme": "a33c59c4-e3b1-4bd2-a9bf-cafc66a34974",
            "title": "36-dars vazifasi",
            "body": "Workbook/grammar bulder introduction, 1-2-3rd units\nEssential words\nNew words\nWriting and speaking tasks",
            "choice": null,
            "video": [],
            "documents": [],
            "photo": []
        }
    },
    {
        "model": "homeworks.homework",
        "pk": "47ce7a2b-f4dd-426b-966d-f0a5dd765624",
        "fields": {
            "filial": null,
            "created_at": "2025-04-15T18:01:58.437Z",
            "updated_at": "2025-04-15T18:01:58.437Z",
            "deleted_at": null,
            "theme": "e3849860-5a41-4a14-9724-3f8bb5bf9b1a",
            "title": "16-dars vazifasi",
            "body": "New words\nEssential words\nMaking sentences \nWriting and speaking tasks ( theme related)\nWorkbook",
            "choice": null,
            "video": [],
            "documents": [],
            "photo": []
        }
    },
    {
        "model": "homeworks.homework",
        "pk": "4bd82104-8cba-48db-80e4-81bd12bcfe9c",
        "fields": {
            "filial": null,
            "created_at": "2025-04-16T13:57:55.141Z",
            "updated_at": "2025-04-16T13:57:55.142Z",
            "deleted_at": null,
            "theme": "4b65e399-bc59-416a-ab76-96a672ad3ede",
            "title": "HOMEWORK FOR LESSON 2",
            "body": "Workbook\nVocabulary",
            "choice": null,
            "video": [],
            "documents": [],
            "photo": []
        }
    },
    {
        "model": "homeworks.homework",
        "pk": "4d55ce86-8bfc-49ef-be34-c1f121e21356",
        "fields": {
            "filial": null,
            "created_at": "2025-04-15T18:09:50.415Z",
            "updated_at": "2025-04-15T18:09:50.415Z",
            "deleted_at": null,
            "theme": "96b50df9-b828-40e1-8d27-bf6875119f3c",
            "title": "19-dars vazifasi",
            "body": "New words\nEssential words\nWorkbook\nMaking sentences\nWriting and speaking tasks( theme related)",
            "choice": null,
            "video": [],
            "documents": [],
            "photo": []
        }
    },
    {
        "model": "homeworks.homework",
        "pk": "4e3678c4-5eff-4b0a-891d-f4f40877ac7c",
        "fields": {
            "filial": null,
            "created_at": "2025-04-17T03:03:51.201Z",
            "updated_at": "2025-04-17T03:03:51.201Z",
            "deleted_at": null,
            "theme": "d40c08d9-2246-4a77-a8ba-bcce81401ccf",
            "title": "Kimyo noldan to'plami 34",
            "body": "Misol va masalalarni ishlash",
            "choice": null,
            "video": [],
            "documents": [],
            "photo": []
        }
    },
    {
        "model": "homeworks.homework",
        "pk": "4fe6bf52-f9bc-46b4-968b-50757863db79",
        "fields": {
            "filial": null,
            "created_at": "2025-04-17T03:03:51.271Z",
            "updated_at": "2025-04-17T03:03:51.271Z",
            "deleted_at": null,
            "theme": "abb7a7d2-87b6-4209-9a92-0a87c760eee2",
            "title": "Kimyo noldan to'plami 45",
            "body": "Misol va masalalarni ishlash",
            "choice": null,
            "video": [],
            "documents": [],
            "photo": []
        }
    },
    {
        "model": "homeworks.homework",
        "pk": "50f8b703-451c-498d-9057-2e43addbfe05",
        "fields": {
            "filial": null,
            "created_at": "2025-04-17T03:03:51.237Z",
            "updated_at": "2025-04-17T03:03:51.237Z",
            "deleted_at": null,
            "theme": "af7a3eb3-77b3-4a5f-8d45-b2cd804434cb",
            "title": "Kimyo noldan to'plami 38",
            "body": "Misol va masalalarni ishlash",
            "choice": null,
            "video": [],
            "documents": [],
            "photo": []
        }
    },
    {
        "model": "homeworks.homework",
        "pk": "519c8f9b-6d48-46e6-86d3-52c058d81c7d",
        "fields": {
            "filial": null,
            "created_at": "2025-04-17T03:03:51.289Z",
            "updated_at": "2025-04-17T03:03:51.290Z",
            "deleted_at": null,
            "theme": "3f9dd35f-a5e5-48fc-9ca1-58d52314bf28",
            "title": "Kimyo noldan to'plami 48",
            "body": "Misol va masalalarni ishlash",
            "choice": null,
            "video": [],
            "documents": [],
            "photo": []
        }
    },
    {
        "model": "homeworks.homework",
        "pk": "51b05c6d-2221-443e-b344-c61e38f51133",
        "fields": {
            "filial": null,
            "created_at": "2025-04-17T03:03:51.491Z",
            "updated_at": "2025-04-17T03:03:51.492Z",
            "deleted_at": null,
            "theme": "04ec7215-2c13-4f44-88cb-57e33941bbc8",
            "title": "Kimyo noldan to'plami 85",
            "body": "Misol va masalalarni ishlash",
            "choice": null,
            "video": [],
            "documents": [],
            "photo": []
        }
    },
    {
        "model": "homeworks.homework",
        "pk": "525f982a-5e4d-4f9c-b3d9-26f847839e6d",
        "fields": {
            "filial": null,
            "created_at": "2025-04-17T03:03:51.620Z",
            "updated_at": "2025-04-17T03:03:51.621Z",
            "deleted_at": null,
            "theme": "f214bb54-1764-4be3-b394-e30b85d73fd7",
            "title": "Kimyo noldan to'plami 108",
            "body": "Misol va masalalarni ishlash",
            "choice": null,
            "video": [],
            "documents": [],
            "photo": []
        }
    },
    {
        "model": "homeworks.homework",
        "pk": "538f5586-357a-4a76-ace8-5aec10828797",
        "fields": {
            "filial": null,
            "created_at": "2025-04-17T03:03:51.589Z",
            "updated_at": "2025-04-17T03:03:51.589Z",
            "deleted_at": null,
            "theme": "e28cbf62-ecc3-4949-b877-dc19e46899f0",
            "title": "Kimyo noldan to'plami 102",
            "body": "Misol va masalalarni ishlash",
            "choice": null,
            "video": [],
            "documents": [],
            "photo": []
        }
    },
    {
        "model": "homeworks.homework",
        "pk": "53c85db9-a5f5-42e5-9bf8-ab03932d6948",
        "fields": {
            "filial": null,
            "created_at": "2025-04-17T03:03:51.348Z",
            "updated_at": "2025-04-17T03:03:51.348Z",
            "deleted_at": null,
            "theme": "28e9747b-6d8c-4fde-b204-0ba661610fab",
            "title": "Kimyo noldan to'plami 60",
            "body": "Misol va masalalarni ishlash",
            "choice": null,
            "video": [],
            "documents": [],
            "photo": []
        }
    },
    {
        "model": "homeworks.homework",
        "pk": "5726d45f-d8a5-455e-8177-6e79fbd3abd4",
        "fields": {
            "filial": null,
            "created_at": "2025-04-17T03:03:51.567Z",
            "updated_at": "2025-04-17T03:03:51.567Z",
            "deleted_at": null,
            "theme": "a774f3ec-a05b-4bff-9247-e32a3692e158",
            "title": "Kimyo noldan to'plami 98",
            "body": "Misol va masalalarni ishlash",
            "choice": null,
            "video": [],
            "documents": [],
            "photo": []
        }
    },
    {
        "model": "homeworks.homework",
        "pk": "577498e1-b49f-4fa2-b135-e43a755fe4a1",
        "fields": {
            "filial": null,
            "created_at": "2025-04-15T17:05:54.994Z",
            "updated_at": "2025-04-15T17:11:42.741Z",
            "deleted_at": null,
            "theme": "e9ab3991-6836-45e5-8b7b-6f9ac5da52d9",
            "title": "1-dars uyga vazifasi",
            "body": "New words\nEssential words\nMaking sentences \nDescribing the smartest student in your class or a group",
            "choice": null,
            "video": [],
            "documents": [],
            "photo": []
        }
    },
    {
        "model": "homeworks.homework",
        "pk": "5aab8e2f-ad11-4c83-aebc-d9cc80ad5c13",
        "fields": {
            "filial": null,
            "created_at": "2025-04-17T03:03:51.121Z",
            "updated_at": "2025-04-17T03:03:51.121Z",
            "deleted_at": null,
            "theme": "1ce2f54f-b75e-4870-b378-03c72b422221",
            "title": "Kimyo noldan to'plami 18",
            "body": "Misol va masalalarni ishlash",
            "choice": null,
            "video": [],
            "documents": [],
            "photo": []
        }
    },
    {
        "model": "homeworks.homework",
        "pk": "5ae2c077-8f33-4b23-bd92-49d1dd0be325",
        "fields": {
            "filial": null,
            "created_at": "2025-04-17T03:03:51.414Z",
            "updated_at": "2025-04-17T03:03:51.414Z",
            "deleted_at": null,
            "theme": "0f1fbd81-b93f-4b14-90a9-e1067f435b59",
            "title": "Kimyo noldan to'plami 72",
            "body": "Misol va masalalarni ishlash",
            "choice": null,
            "video": [],
            "documents": [],
            "photo": []
        }
    },
    {
        "model": "homeworks.homework",
        "pk": "5b1183a6-dd7c-4ef9-89f3-89a038efca7c",
        "fields": {
            "filial": null,
            "created_at": "2025-04-17T03:03:51.594Z",
            "updated_at": "2025-04-17T03:03:51.594Z",
            "deleted_at": null,
            "theme": "410f4908-b501-450d-9ffd-aaa6ec4c2f7a",
            "title": "Kimyo noldan to'plami 103",
            "body": "Misol va masalalarni ishlash",
            "choice": null,
            "video": [],
            "documents": [],
            "photo": []
        }
    },
    {
        "model": "homeworks.homework",
        "pk": "5d2ea583-1557-4c0d-97af-e696def195d9",
        "fields": {
            "filial": null,
            "created_at": "2025-04-15T18:27:37.572Z",
            "updated_at": "2025-04-15T18:27:37.572Z",
            "deleted_at": null,
            "theme": "949f3843-360d-4646-8ab0-13a3affff368",
            "title": "25-dars vazifasi",
            "body": "Workbook\nNew words\nEssential words\nMaking sentences \nSpeaking and writing tasks( theme related)",
            "choice": null,
            "video": [],
            "documents": [],
            "photo": []
        }
    },
    {
        "model": "homeworks.homework",
        "pk": "5d634419-5b17-4d3b-ae44-8628f1b40d09",
        "fields": {
            "filial": null,
            "created_at": "2025-04-17T03:03:51.584Z",
            "updated_at": "2025-04-17T03:03:51.584Z",
            "deleted_at": null,
            "theme": "d7affb1a-7159-4e99-89f2-b9d13d3f4d6f",
            "title": "Kimyo noldan to'plami 101",
            "body": "Misol va masalalarni ishlash",
            "choice": null,
            "video": [],
            "documents": [],
            "photo": []
        }
    },
    {
        "model": "homeworks.homework",
        "pk": "5e64a873-bc9a-4ec7-9902-8d3935ca4522",
        "fields": {
            "filial": null,
            "created_at": "2025-04-15T18:33:00.062Z",
            "updated_at": "2025-04-15T18:33:00.062Z",
            "deleted_at": null,
            "theme": "11e0b1e2-ec8e-446f-bfe6-e3af64960b7c",
            "title": "27-dars vazifasi",
            "body": "Workbook\nEssential words\nNew words\nMaking sentences \nWriting and speaking tasks( theme related)",
            "choice": null,
            "video": [],
            "documents": [],
            "photo": []
        }
    },
    {
        "model": "homeworks.homework",
        "pk": "60c3fa9b-7f49-4c51-9193-26136b55cd2a",
        "fields": {
            "filial": null,
            "created_at": "2025-04-17T03:03:51.181Z",
            "updated_at": "2025-04-17T03:03:51.181Z",
            "deleted_at": null,
            "theme": "660e71a9-f1ae-465c-a4ec-eaf850fa4763",
            "title": "Kimyo noldan to'plami 30",
            "body": "Misol va masalalarni ishlash",
            "choice": null,
            "video": [],
            "documents": [],
            "photo": []
        }
    },
    {
        "model": "homeworks.homework",
        "pk": "641a1499-6811-4a37-9f4a-e50a0dc082bb",
        "fields": {
            "filial": null,
            "created_at": "2025-04-17T03:03:51.615Z",
            "updated_at": "2025-04-17T03:03:51.615Z",
            "deleted_at": null,
            "theme": "86bb2956-a89f-48de-b778-c1a21d1fd0a6",
            "title": "Kimyo noldan to'plami 107",
            "body": "Misol va masalalarni ishlash",
            "choice": null,
            "video": [],
            "documents": [],
            "photo": []
        }
    },
    {
        "model": "homeworks.homework",
        "pk": "64746d5a-8f31-4ef9-af64-f7fab5f616c7",
        "fields": {
            "filial": null,
            "created_at": "2025-04-17T03:03:51.099Z",
            "updated_at": "2025-04-17T03:03:51.099Z",
            "deleted_at": null,
            "theme": "9d921a27-65a5-40b9-b1ac-664fd4b77140",
            "title": "Kimyo noldan to'plami 14",
            "body": "Misol va masalalarni ishlash",
            "choice": null,
            "video": [],
            "documents": [],
            "photo": []
        }
    },
    {
        "model": "homeworks.homework",
        "pk": "64fc234f-a46c-4fb4-adbe-95a16b07c1fb",
        "fields": {
            "filial": null,
            "created_at": "2025-04-17T03:03:51.328Z",
            "updated_at": "2025-04-17T03:03:51.328Z",
            "deleted_at": null,
            "theme": "d2c3eb39-13bb-44e8-9c01-b6f791a3a848",
            "title": "Kimyo noldan to'plami 56",
            "body": "Misol va masalalarni ishlash",
            "choice": null,
            "video": [],
            "documents": [],
            "photo": []
        }
    },
    {
        "model": "homeworks.homework",
        "pk": "65155ef8-97fa-450a-8c05-45e115a4a849",
        "fields": {
            "filial": null,
            "created_at": "2025-04-17T03:03:51.284Z",
            "updated_at": "2025-04-17T03:03:51.284Z",
            "deleted_at": null,
            "theme": "0cc97b86-2171-4b7d-9487-ecb477c08771",
            "title": "Kimyo noldan to'plami 47",
            "body": "Misol va masalalarni ishlash",
            "choice": null,
            "video": [],
            "documents": [],
            "photo": []
        }
    },
    {
        "model": "homeworks.homework",
        "pk": "65abd3ec-355d-4bf3-8e63-269e56a1f443",
        "fields": {
            "filial": null,
            "created_at": "2025-04-15T18:04:38.921Z",
            "updated_at": "2025-04-15T18:04:38.921Z",
            "deleted_at": null,
            "theme": "dc38a0db-7101-4280-8eec-96e6fbd324b4",
            "title": "17-dars vazifasi",
            "body": "Workbook\nNew words\nEssential words\nMaking sentences \nWriting and speaking tasks ( theme related)",
            "choice": null,
            "video": [],
            "documents": [],
            "photo": []
        }
    },
    {
        "model": "homeworks.homework",
        "pk": "65d51825-c718-478b-b7e0-e0f590635ace",
        "fields": {
            "filial": null,
            "created_at": "2025-04-17T03:03:51.080Z",
            "updated_at": "2025-04-17T03:03:51.080Z",
            "deleted_at": null,
            "theme": "a86db21d-8626-4f72-a5bd-99705147a297",
            "title": "Kimyo noldan to'plami 10",
            "body": "Misol va masalalarni ishlash",
            "choice": null,
            "video": [],
            "documents": [],
            "photo": []
        }
    },
    {
        "model": "homeworks.homework",
        "pk": "6752309c-0757-4b2b-bb52-d3745f11def9",
        "fields": {
            "filial": null,
            "created_at": "2025-04-17T03:03:51.338Z",
            "updated_at": "2025-04-17T03:03:51.338Z",
            "deleted_at": null,
            "theme": "21d6889d-e20f-4909-943b-089e39c084c1",
            "title": "Kimyo noldan to'plami 58",
            "body": "Misol va masalalarni ishlash",
            "choice": null,
            "video": [],
            "documents": [],
            "photo": []
        }
    },
    {
        "model": "homeworks.homework",
        "pk": "69365f0e-676f-4740-ba03-ecf418e70c6b",
        "fields": {
            "filial": null,
            "created_at": "2025-04-15T18:35:34.827Z",
            "updated_at": "2025-04-15T18:35:34.827Z",
            "deleted_at": null,
            "theme": "097c16a0-5833-4787-a1ee-5e73d4eb8c7e",
            "title": "28-dars vazifasi",
            "body": "Workbook\nEssential words\nNew words\nMaking sentences \nHandouts \nWriting task",
            "choice": null,
            "video": [],
            "documents": [],
            "photo": []
        }
    },
    {
        "model": "homeworks.homework",
        "pk": "6ca16a71-8020-46bb-9da5-e51efef4f9ea",
        "fields": {
            "filial": null,
            "created_at": "2025-04-17T03:03:51.457Z",
            "updated_at": "2025-04-17T03:03:51.457Z",
            "deleted_at": null,
            "theme": "1d61145b-9508-485d-beef-da89f9743739",
            "title": "Kimyo noldan to'plami 80",
            "body": "Misol va masalalarni ishlash",
            "choice": null,
            "video": [],
            "documents": [],
            "photo": []
        }
    },
    {
        "model": "homeworks.homework",
        "pk": "6cfe4436-2a1f-420d-9172-9073e6e02ab1",
        "fields": {
            "filial": null,
            "created_at": "2025-04-17T03:03:51.276Z",
            "updated_at": "2025-04-17T03:03:51.276Z",
            "deleted_at": null,
            "theme": "fcc123ae-30cf-4e9b-83b6-0dd33704e964",
            "title": "Kimyo noldan to'plami 46",
            "body": "Misol va masalalarni ishlash",
            "choice": null,
            "video": [],
            "documents": [],
            "photo": []
        }
    },
    {
        "model": "homeworks.homework",
        "pk": "6f0e49da-9dd4-421a-9a3b-ba3bcbef8928",
        "fields": {
            "filial": null,
            "created_at": "2025-04-17T03:03:51.343Z",
            "updated_at": "2025-04-17T03:03:51.343Z",
            "deleted_at": null,
            "theme": "683df895-88b4-490f-80be-4fd736aa7a13",
            "title": "Kimyo noldan to'plami 59",
            "body": "Misol va masalalarni ishlash",
            "choice": null,
            "video": [],
            "documents": [],
            "photo": []
        }
    },
    {
        "model": "homeworks.homework",
        "pk": "6fdfa63b-7796-4c57-8511-339f9906e7cb",
        "fields": {
            "filial": null,
            "created_at": "2025-04-17T03:03:51.252Z",
            "updated_at": "2025-04-17T03:03:51.252Z",
            "deleted_at": null,
            "theme": "5c0606c3-1d82-44bb-a555-d97af71914c9",
            "title": "Kimyo noldan to'plami 41",
            "body": "Misol va masalalarni ishlash",
            "choice": null,
            "video": [],
            "documents": [],
            "photo": []
        }
    },
    {
        "model": "homeworks.homework",
        "pk": "704d73fd-f800-4932-bdb8-4303b5838bbf",
        "fields": {
            "filial": null,
            "created_at": "2025-04-17T03:03:51.210Z",
            "updated_at": "2025-04-17T03:03:51.210Z",
            "deleted_at": null,
            "theme": "b2423d40-c625-4d9f-b088-7c14e2539470",
            "title": "Kimyo noldan to'plami 36",
            "body": "Misol va masalalarni ishlash",
            "choice": null,
            "video": [],
            "documents": [],
            "photo": []
        }
    },
    {
        "model": "homeworks.homework",
        "pk": "725234b1-a172-4975-b221-aaf7b9c342e1",
        "fields": {
            "filial": null,
            "created_at": "2025-04-16T00:42:30.355Z",
            "updated_at": "2025-04-16T00:42:30.356Z",
            "deleted_at": null,
            "theme": "3730132c-bf8f-402d-a3ee-c05f3d307eac",
            "title": "38-dars vazifasi",
            "body": "Essential words\nNew words \nWriting and speaking tasks\nGrammar tasks of unit 7-8-9",
            "choice": null,
            "video": [],
            "documents": [],
            "photo": []
        }
    },
    {
        "model": "homeworks.homework",
        "pk": "739ca67e-dfd2-40c5-b6a8-f31385af29d5",
        "fields": {
            "filial": null,
            "created_at": "2025-04-17T03:03:51.154Z",
            "updated_at": "2025-04-17T03:03:51.154Z",
            "deleted_at": null,
            "theme": "30a83078-4fa1-43d9-ba82-f42a3516c3ae",
            "title": "Kimyo noldan to'plami 25",
            "body": "Misol va masalalarni ishlash",
            "choice": null,
            "video": [],
            "documents": [],
            "photo": []
        }
    },
    {
        "model": "homeworks.homework",
        "pk": "79cca508-34e6-42a2-a787-5d9eb47822a1",
        "fields": {
            "filial": null,
            "created_at": "2025-04-17T03:03:51.051Z",
            "updated_at": "2025-04-17T03:03:51.051Z",
            "deleted_at": null,
            "theme": "43b76f26-d642-4244-be40-09806deab3b2",
            "title": "Kimyo noldan to'plami 4",
            "body": "Misol va masalalarni ishlash",
            "choice": null,
            "video": [],
            "documents": [],
            "photo": []
        }
    },
    {
        "model": "homeworks.homework",
        "pk": "7e73d7a9-2cc9-401f-9f36-14e7de2737de",
        "fields": {
            "filial": null,
            "created_at": "2025-04-15T17:39:58.352Z",
            "updated_at": "2025-04-15T17:39:58.353Z",
            "deleted_at": null,
            "theme": "460e251d-20ab-4136-938e-0ee5268ed6c6",
            "title": "8-dars vazifasi",
            "body": "New words\nEssential words\nWorkbook \nMaking sentences\nWriting a text ( Films)",
            "choice": null,
            "video": [],
            "documents": [],
            "photo": []
        }
    },
    {
        "model": "homeworks.homework",
        "pk": "7eaba636-01a2-42bb-bb53-8324c7f2ddc7",
        "fields": {
            "filial": null,
            "created_at": "2025-04-17T03:03:51.637Z",
            "updated_at": "2025-04-17T03:03:51.637Z",
            "deleted_at": null,
            "theme": "dc57a3a3-c8ff-4d97-ae38-c67b5d4addb0",
            "title": "Kimyo noldan to'plami 111",
            "body": "Misol va masalalarni ishlash",
            "choice": null,
            "video": [],
            "documents": [],
            "photo": []
        }
    },
    {
        "model": "homeworks.homework",
        "pk": "80997f92-a31b-4f30-9619-2b47adac5ecb",
        "fields": {
            "filial": null,
            "created_at": "2025-04-15T17:16:48.590Z",
            "updated_at": "2025-04-15T17:16:48.590Z",
            "deleted_at": null,
            "theme": "3d911fe5-4027-4d6d-a32a-7a36dd84af1b",
            "title": "2-dars uyga vazifa",
            "body": "Writing a story by using adjectives \nMaking sentences( past simple affirmative ,\nShould, stative verbs, present continuous)\nNew words\nEssential words",
            "choice": null,
            "video": [],
            "documents": [],
            "photo": []
        }
    },
    {
        "model": "homeworks.homework",
        "pk": "8271dbe1-12ba-49d9-837f-789789176b98",
        "fields": {
            "filial": null,
            "created_at": "2025-04-17T03:03:51.090Z",
            "updated_at": "2025-04-17T03:03:51.090Z",
            "deleted_at": null,
            "theme": "5769163e-0df0-456c-9a95-6afa594fb9ad",
            "title": "Kimyo noldan to'plami 12",
            "body": "Misol va masalalarni ishlash",
            "choice": null,
            "video": [],
            "documents": [],
            "photo": []
        }
    },
    {
        "model": "homeworks.homework",
        "pk": "83616d56-30c7-4cd6-bcab-28769619a0de",
        "fields": {
            "filial": null,
            "created_at": "2025-04-15T18:16:17.415Z",
            "updated_at": "2025-04-15T18:16:17.415Z",
            "deleted_at": null,
            "theme": "ae4a58e8-1269-4ecf-90bf-a23e1a3abb81",
            "title": "21-dars vazifasi",
            "body": "Workbook\nEssential words \nNew words\nMaking sentences \nWriting and speaking tasks(theme related)",
            "choice": null,
            "video": [],
            "documents": [],
            "photo": []
        }
    },
    {
        "model": "homeworks.homework",
        "pk": "83fa9252-84b6-4509-9d77-ffa0e4106172",
        "fields": {
            "filial": null,
            "created_at": "2025-04-17T03:03:51.440Z",
            "updated_at": "2025-04-17T03:03:51.440Z",
            "deleted_at": null,
            "theme": "c3942248-0994-4f50-9794-dd4e08a4f9ee",
            "title": "Kimyo noldan to'plami 77",
            "body": "Misol va masalalarni ishlash",
            "choice": null,
            "video": [],
            "documents": [],
            "photo": []
        }
    },
    {
        "model": "homeworks.homework",
        "pk": "84ec4da7-9934-44a3-b819-3456431a342c",
        "fields": {
            "filial": null,
            "created_at": "2025-04-17T03:03:51.373Z",
            "updated_at": "2025-04-17T03:03:51.373Z",
            "deleted_at": null,
            "theme": "a7a8109d-472d-45cf-a6b3-8d59d8e544ec",
            "title": "Kimyo noldan to'plami 65",
            "body": "Misol va masalalarni ishlash",
            "choice": null,
            "video": [],
            "documents": [],
            "photo": []
        }
    },
    {
        "model": "homeworks.homework",
        "pk": "8766c641-62df-4d9b-8b87-826579eb1f19",
        "fields": {
            "filial": null,
            "created_at": "2025-04-17T03:03:51.476Z",
            "updated_at": "2025-04-17T03:03:51.476Z",
            "deleted_at": null,
            "theme": "ba263d39-8c7e-4721-aaf9-e8817fcdd2e2",
            "title": "Kimyo noldan to'plami 82",
            "body": "Misol va masalalarni ishlash",
            "choice": null,
            "video": [],
            "documents": [],
            "photo": []
        }
    },
    {
        "model": "homeworks.homework",
        "pk": "893778b2-9039-4a1d-969c-bd53e81a6286",
        "fields": {
            "filial": null,
            "created_at": "2025-04-17T03:03:51.150Z",
            "updated_at": "2025-04-17T03:03:51.150Z",
            "deleted_at": null,
            "theme": "303e2b28-882b-49be-839f-17e18ea6b9d0",
            "title": "Kimyo noldan to'plami 24",
            "body": "Misol va masalalarni ishlash",
            "choice": null,
            "video": [],
            "documents": [],
            "photo": []
        }
    },
    {
        "model": "homeworks.homework",
        "pk": "898891ae-15cf-41fc-bbd1-0f3d5404579f",
        "fields": {
            "filial": null,
            "created_at": "2025-04-17T03:03:51.429Z",
            "updated_at": "2025-04-17T03:03:51.429Z",
            "deleted_at": null,
            "theme": "b2249c50-44ea-4b33-9151-f505b079066c",
            "title": "Kimyo noldan to'plami 75",
            "body": "Misol va masalalarni ishlash",
            "choice": null,
            "video": [],
            "documents": [],
            "photo": []
        }
    },
    {
        "model": "homeworks.homework",
        "pk": "89952380-9044-4cbd-8fd8-9d0742e5320c",
        "fields": {
            "filial": null,
            "created_at": "2025-04-17T03:03:51.135Z",
            "updated_at": "2025-04-17T03:03:51.135Z",
            "deleted_at": null,
            "theme": "e111a469-f076-4d2b-a050-97514f5f6643",
            "title": "Kimyo noldan to'plami 21",
            "body": "Misol va masalalarni ishlash",
            "choice": null,
            "video": [],
            "documents": [],
            "photo": []
        }
    },
    {
        "model": "homeworks.homework",
        "pk": "8c70ce7d-75a8-4e43-a458-f132b44ae4e7",
        "fields": {
            "filial": null,
            "created_at": "2025-04-17T03:03:51.116Z",
            "updated_at": "2025-04-17T03:03:51.116Z",
            "deleted_at": null,
            "theme": "0f062b92-2648-46c1-be9b-81d4546af85b",
            "title": "Kimyo noldan to'plami 17",
            "body": "Misol va masalalarni ishlash",
            "choice": null,
            "video": [],
            "documents": [],
            "photo": []
        }
    },
    {
        "model": "homeworks.homework",
        "pk": "8eea34ed-3e89-4008-97e8-0ffbb1d23878",
        "fields": {
            "filial": null,
            "created_at": "2025-04-17T03:03:51.604Z",
            "updated_at": "2025-04-17T03:03:51.605Z",
            "deleted_at": null,
            "theme": "a24e1bc7-17d7-427c-9cfe-f685d0c3c1d6",
            "title": "Kimyo noldan to'plami 105",
            "body": "Misol va masalalarni ishlash",
            "choice": null,
            "video": [],
            "documents": [],
            "photo": []
        }
    },
    {
        "model": "homeworks.homework",
        "pk": "8fe09112-c85c-44c6-ac00-cd0dc0887964",
        "fields": {
            "filial": null,
            "created_at": "2025-04-17T03:03:51.168Z",
            "updated_at": "2025-04-17T03:03:51.168Z",
            "deleted_at": null,
            "theme": "f63f1651-75f6-4d43-b965-3241d9074aff",
            "title": "Kimyo noldan to'plami 28",
            "body": "Misol va masalalarni ishlash",
            "choice": null,
            "video": [],
            "documents": [],
            "photo": []
        }
    },
    {
        "model": "homeworks.homework",
        "pk": "90b7080e-201f-4ae9-965d-9655dcd0ce83",
        "fields": {
            "filial": null,
            "created_at": "2025-04-17T03:03:51.363Z",
            "updated_at": "2025-04-17T03:03:51.363Z",
            "deleted_at": null,
            "theme": "e90be2e6-a2df-446f-8d4b-e7f12eca67b7",
            "title": "Kimyo noldan to'plami 63",
            "body": "Misol va masalalarni ishlash",
            "choice": null,
            "video": [],
            "documents": [],
            "photo": []
        }
    },
    {
        "model": "homeworks.homework",
        "pk": "9298b0ef-8875-4342-9c88-2d82d0de7e4e",
        "fields": {
            "filial": null,
            "created_at": "2025-04-17T03:03:51.333Z",
            "updated_at": "2025-04-17T03:03:51.333Z",
            "deleted_at": null,
            "theme": "7518be0d-9370-41e9-8ba8-d871e0d23573",
            "title": "Kimyo noldan to'plami 57",
            "body": "Misol va masalalarni ishlash",
            "choice": null,
            "video": [],
            "documents": [],
            "photo": []
        }
    },
    {
        "model": "homeworks.homework",
        "pk": "9442b9a9-d52c-4ce0-b7ba-929cf8a08be3",
        "fields": {
            "filial": null,
            "created_at": "2025-04-15T19:07:44.805Z",
            "updated_at": "2025-04-16T00:40:26.862Z",
            "deleted_at": null,
            "theme": "f9825306-c7ab-44b1-8f15-187ed1b9d531",
            "title": "34-dars vazifasi",
            "body": "Workbook / vocabulary builder ( introduction. Unit 1-2-3-4)\nNew words\nEssential words\nMaking sentences on unit vocabularies",
            "choice": null,
            "video": [],
            "documents": [],
            "photo": []
        }
    },
    {
        "model": "homeworks.homework",
        "pk": "964d7616-9937-4772-a642-ef3f8667556c",
        "fields": {
            "filial": null,
            "created_at": "2025-04-17T03:03:51.534Z",
            "updated_at": "2025-04-17T03:03:51.534Z",
            "deleted_at": null,
            "theme": "774c2123-f226-41e1-ac3a-9d125f64fb4f",
            "title": "Kimyo noldan to'plami 93",
            "body": "Misol va masalalarni ishlash",
            "choice": null,
            "video": [],
            "documents": [],
            "photo": []
        }
    },
    {
        "model": "homeworks.homework",
        "pk": "989fa86b-35d9-4c51-97a3-d048c86dc410",
        "fields": {
            "filial": null,
            "created_at": "2025-04-15T17:29:46.379Z",
            "updated_at": "2025-04-15T17:30:36.312Z",
            "deleted_at": null,
            "theme": "0f91c065-5851-4ca0-a32b-a7b711c12dde",
            "title": "5-dars vazifasi",
            "body": "Workbook\nNew words\nEssential words\nMaking sentences \nWriting a story ( describing a past event)",
            "choice": null,
            "video": [],
            "documents": [],
            "photo": []
        }
    },
    {
        "model": "homeworks.homework",
        "pk": "9dccfc3a-a8da-41b7-a720-358b1f644379",
        "fields": {
            "filial": null,
            "created_at": "2025-04-17T03:03:51.452Z",
            "updated_at": "2025-04-17T03:03:51.452Z",
            "deleted_at": null,
            "theme": "8a99de95-4f88-49d7-bf21-ce9d80a67206",
            "title": "Kimyo noldan to'plami 79",
            "body": "Misol va masalalarni ishlash",
            "choice": null,
            "video": [],
            "documents": [],
            "photo": []
        }
    },
    {
        "model": "homeworks.homework",
        "pk": "9e114ebd-05ee-4794-9567-50f95684c75f",
        "fields": {
            "filial": null,
            "created_at": "2025-04-17T03:03:51.056Z",
            "updated_at": "2025-04-17T03:03:51.056Z",
            "deleted_at": null,
            "theme": "5955505f-8173-44f1-aa0e-4f823387816e",
            "title": "Kimyo noldan to'plami 5",
            "body": "Misol va masalalarni ishlash",
            "choice": null,
            "video": [],
            "documents": [],
            "photo": []
        }
    },
    {
        "model": "homeworks.homework",
        "pk": "a16df38f-db3d-4887-92cf-b6da94ee3665",
        "fields": {
            "filial": null,
            "created_at": "2025-04-17T03:03:51.528Z",
            "updated_at": "2025-04-17T03:03:51.529Z",
            "deleted_at": null,
            "theme": "d1acce02-9ed0-4419-8fd5-84acd032135f",
            "title": "Kimyo noldan to'plami 92",
            "body": "Misol va masalalarni ishlash",
            "choice": null,
            "video": [],
            "documents": [],
            "photo": []
        }
    },
    {
        "model": "homeworks.homework",
        "pk": "a3a8306f-7d45-4fae-a18d-29ac2427d35e",
        "fields": {
            "filial": null,
            "created_at": "2025-04-17T03:03:51.599Z",
            "updated_at": "2025-04-17T03:03:51.599Z",
            "deleted_at": null,
            "theme": "ee9b3a1b-a91c-48dd-8ddc-1af50dc67b91",
            "title": "Kimyo noldan to'plami 104",
            "body": "Misol va masalalarni ishlash",
            "choice": null,
            "video": [],
            "documents": [],
            "photo": []
        }
    },
    {
        "model": "homeworks.homework",
        "pk": "a6afd6fc-6f41-45a0-af8a-285a06ba2edc",
        "fields": {
            "filial": null,
            "created_at": "2025-04-15T17:59:47.637Z",
            "updated_at": "2025-04-15T17:59:47.637Z",
            "deleted_at": null,
            "theme": "7ec48f6a-a950-4d7c-96fc-947a5f4cedff",
            "title": "15-dars vazifasi",
            "body": "Workbook\nEssential words\nNew words\nMaking sentences \nWriting and speaking task ( theme related)",
            "choice": null,
            "video": [],
            "documents": [],
            "photo": []
        }
    },
    {
        "model": "homeworks.homework",
        "pk": "a6fe142c-62de-422d-8fd4-320a1ea239c9",
        "fields": {
            "filial": null,
            "created_at": "2025-04-15T19:04:35.936Z",
            "updated_at": "2025-04-15T19:04:35.936Z",
            "deleted_at": null,
            "theme": "e7a71b70-793a-4ec5-8ed0-0608687dea25",
            "title": "33-dars vazifasi",
            "body": "Workbook/culture 7-8-9\nEssential words\nNew words\nWriting and soeaking tasks",
            "choice": null,
            "video": [],
            "documents": [],
            "photo": []
        }
    },
    {
        "model": "homeworks.homework",
        "pk": "ac96d850-34c0-46f2-9b5a-9c44501bf2b7",
        "fields": {
            "filial": null,
            "created_at": "2025-04-17T03:03:51.314Z",
            "updated_at": "2025-04-17T03:03:51.314Z",
            "deleted_at": null,
            "theme": "33806d3a-d0fc-475c-8836-6bc7212c026e",
            "title": "Kimyo noldan to'plami 53",
            "body": "Misol va masalalarni ishlash",
            "choice": null,
            "video": [],
            "documents": [],
            "photo": []
        }
    },
    {
        "model": "homeworks.homework",
        "pk": "ad23b8df-0916-4612-8fc3-f0dd3d3fef48",
        "fields": {
            "filial": null,
            "created_at": "2025-04-17T03:03:51.446Z",
            "updated_at": "2025-04-17T03:03:51.446Z",
            "deleted_at": null,
            "theme": "c88f30b0-9718-4148-8b2d-91d363a772da",
            "title": "Kimyo noldan to'plami 78",
            "body": "Misol va masalalarni ishlash",
            "choice": null,
            "video": [],
            "documents": [],
            "photo": []
        }
    },
    {
        "model": "homeworks.homework",
        "pk": "adcba3fc-296e-49f8-b3d9-5a044b12406b",
        "fields": {
            "filial": null,
            "created_at": "2025-04-17T03:03:51.502Z",
            "updated_at": "2025-04-17T03:03:51.502Z",
            "deleted_at": null,
            "theme": "40b4186a-5400-4088-a0c6-49ecfb9f76f5",
            "title": "Kimyo noldan to'plami 87",
            "body": "Misol va masalalarni ishlash",
            "choice": null,
            "video": [],
            "documents": [],
            "photo": []
        }
    },
    {
        "model": "homeworks.homework",
        "pk": "ae6abc6c-7ec0-42bc-afa5-6aa113ef1be6",
        "fields": {
            "filial": null,
            "created_at": "2025-04-15T18:29:58.503Z",
            "updated_at": "2025-04-15T18:29:58.504Z",
            "deleted_at": null,
            "theme": "86d6fc38-3295-4c7e-8746-e22615a3f423",
            "title": "26-dars vazifasi",
            "body": "Workbook\nEssential words\nNew words\nMaking sentences \nWriting and speaking tasks( theme related)",
            "choice": null,
            "video": [],
            "documents": [],
            "photo": []
        }
    },
    {
        "model": "homeworks.homework",
        "pk": "af69a354-e6b4-4cfc-b268-25cc8902055c",
        "fields": {
            "filial": null,
            "created_at": "2025-04-17T03:03:51.631Z",
            "updated_at": "2025-04-17T03:03:51.632Z",
            "deleted_at": null,
            "theme": "6e212b33-3d0e-4502-8cff-3d7b915052b0",
            "title": "Kimyo noldan to'plami 110",
            "body": "Misol va masalalarni ishlash",
            "choice": null,
            "video": [],
            "documents": [],
            "photo": []
        }
    },
    {
        "model": "homeworks.homework",
        "pk": "b2ee7e75-10bf-4471-8e80-fc05b43db4fd",
        "fields": {
            "filial": null,
            "created_at": "2025-04-17T03:03:51.085Z",
            "updated_at": "2025-04-17T03:03:51.085Z",
            "deleted_at": null,
            "theme": "df9b7088-f1e2-459a-b011-d6ebb01c3b28",
            "title": "Kimyo noldan to'plami 11",
            "body": "Misol va masalalarni ishlash",
            "choice": null,
            "video": [],
            "documents": [],
            "photo": []
        }
    },
    {
        "model": "homeworks.homework",
        "pk": "b35b0756-93e9-4f77-b246-6928ef9c81ed",
        "fields": {
            "filial": null,
            "created_at": "2025-04-15T17:51:38.086Z",
            "updated_at": "2025-04-15T17:51:38.087Z",
            "deleted_at": null,
            "theme": "1a82b94a-51cf-49a1-afae-90c15c4155ae",
            "title": "12-dars vazifasi",
            "body": "Workbook\nEssential words\nNew words\nMaking sentences\n Writing and speaking task ( natural disasters)",
            "choice": null,
            "video": [],
            "documents": [],
            "photo": []
        }
    },
    {
        "model": "homeworks.homework",
        "pk": "b73bfb45-c84f-4d47-9950-07781ad203f3",
        "fields": {
            "filial": null,
            "created_at": "2025-04-15T18:07:23.595Z",
            "updated_at": "2025-04-15T18:07:23.595Z",
            "deleted_at": null,
            "theme": "f7b7ca84-2cf0-47f4-b950-c65193afcd46",
            "title": "18-dars vazifasi",
            "body": "Workbook\nNew words\nEssential words \nMaking sentences\nWriting and speaking tasks( theme related)",
            "choice": null,
            "video": [],
            "documents": [],
            "photo": []
        }
    },
    {
        "model": "homeworks.homework",
        "pk": "b8bfdcc9-a3df-4ff4-96ab-844214c40b3d",
        "fields": {
            "filial": null,
            "created_at": "2025-04-17T03:03:51.266Z",
            "updated_at": "2025-04-17T03:03:51.266Z",
            "deleted_at": null,
            "theme": "50284bc1-9bcf-4836-b126-d4803df40227",
            "title": "Kimyo noldan to'plami 44",
            "body": "Misol va masalalarni ishlash",
            "choice": null,
            "video": [],
            "documents": [],
            "photo": []
        }
    },
    {
        "model": "homeworks.homework",
        "pk": "b9c4ea6d-af0a-4d1b-80a6-027d6ace1993",
        "fields": {
            "filial": null,
            "created_at": "2025-04-17T03:03:51.556Z",
            "updated_at": "2025-04-17T03:03:51.557Z",
            "deleted_at": null,
            "theme": "62ec294c-ddce-48e3-9641-538e45d4954a",
            "title": "Kimyo noldan to'plami 96",
            "body": "Misol va masalalarni ishlash",
            "choice": null,
            "video": [],
            "documents": [],
            "photo": []
        }
    },
    {
        "model": "homeworks.homework",
        "pk": "bb73bda6-5619-4466-b593-ed8e24380bc6",
        "fields": {
            "filial": null,
            "created_at": "2025-04-17T03:03:51.299Z",
            "updated_at": "2025-04-17T03:03:51.299Z",
            "deleted_at": null,
            "theme": "c64c1a39-55b0-4059-ba0f-3d9786f56756",
            "title": "Kimyo noldan to'plami 50",
            "body": "Misol va masalalarni ishlash",
            "choice": null,
            "video": [],
            "documents": [],
            "photo": []
        }
    },
    {
        "model": "homeworks.homework",
        "pk": "bcaced2a-a05e-4370-927e-03137dbb2082",
        "fields": {
            "filial": null,
            "created_at": "2025-04-17T03:03:51.295Z",
            "updated_at": "2025-04-17T03:03:51.295Z",
            "deleted_at": null,
            "theme": "f8b3a2f8-db2c-4de1-9022-52c2d2a0e08d",
            "title": "Kimyo noldan to'plami 49",
            "body": "Misol va masalalarni ishlash",
            "choice": null,
            "video": [],
            "documents": [],
            "photo": []
        }
    },
    {
        "model": "homeworks.homework",
        "pk": "bd523b59-b508-443d-9081-4a46fffa7a40",
        "fields": {
            "filial": null,
            "created_at": "2025-04-17T03:03:51.158Z",
            "updated_at": "2025-04-17T03:03:51.159Z",
            "deleted_at": null,
            "theme": "9616ca4f-b21d-4635-a359-1e8436d65e9a",
            "title": "Kimyo noldan to'plami 26",
            "body": "Misol va masalalarni ishlash",
            "choice": null,
            "video": [],
            "documents": [],
            "photo": []
        }
    },
    {
        "model": "homeworks.homework",
        "pk": "bffd7cdb-cc56-438e-aa3e-ba4101c59105",
        "fields": {
            "filial": null,
            "created_at": "2025-04-17T03:03:51.507Z",
            "updated_at": "2025-04-17T03:03:51.507Z",
            "deleted_at": null,
            "theme": "17de4746-fdd8-406c-9835-20b38a5d56de",
            "title": "Kimyo noldan to'plami 88",
            "body": "Misol va masalalarni ishlash",
            "choice": null,
            "video": [],
            "documents": [],
            "photo": []
        }
    },
    {
        "model": "homeworks.homework",
        "pk": "c1986224-324b-4f2d-ab13-017c0d2b5704",
        "fields": {
            "filial": null,
            "created_at": "2025-04-15T17:45:28.080Z",
            "updated_at": "2025-04-15T17:45:28.080Z",
            "deleted_at": null,
            "theme": "666daa5c-54d3-403f-9497-8396628e8596",
            "title": "10-dars vazifasi",
            "body": "Workbook\nEssential words\nNew words\nMaking sentences \nWriting task",
            "choice": null,
            "video": [],
            "documents": [],
            "photo": []
        }
    },
    {
        "model": "homeworks.homework",
        "pk": "c1a160a2-51be-47a3-9763-dee37b34bc36",
        "fields": {
            "filial": null,
            "created_at": "2025-04-17T03:03:51.125Z",
            "updated_at": "2025-04-17T03:03:51.126Z",
            "deleted_at": null,
            "theme": "2e3d72e4-3004-4a81-b3a3-5610660c1d2c",
            "title": "Kimyo noldan to'plami 19",
            "body": "Misol va masalalarni ishlash",
            "choice": null,
            "video": [],
            "documents": [],
            "photo": []
        }
    },
    {
        "model": "homeworks.homework",
        "pk": "c38ae60a-c537-4f3f-88ee-4c5315df51e4",
        "fields": {
            "filial": null,
            "created_at": "2025-04-17T03:03:51.145Z",
            "updated_at": "2025-04-17T03:03:51.145Z",
            "deleted_at": null,
            "theme": "235e8163-45fe-4723-8fce-212c2d861adb",
            "title": "Kimyo noldan to'plami 23",
            "body": "Misol va masalalarni ishlash",
            "choice": null,
            "video": [],
            "documents": [],
            "photo": []
        }
    },
    {
        "model": "homeworks.homework",
        "pk": "c50ecab8-1d78-4018-bc2f-5746e2745846",
        "fields": {
            "filial": null,
            "created_at": "2025-04-17T03:03:51.435Z",
            "updated_at": "2025-04-17T03:03:51.435Z",
            "deleted_at": null,
            "theme": "00c346c5-77f3-4276-bd33-a7a9f1b8570e",
            "title": "Kimyo noldan to'plami 76",
            "body": "Misol va masalalarni ishlash",
            "choice": null,
            "video": [],
            "documents": [],
            "photo": []
        }
    },
    {
        "model": "homeworks.homework",
        "pk": "c7fa6806-5f61-47a9-bff2-d193d42219e9",
        "fields": {
            "filial": null,
            "created_at": "2025-04-17T03:03:51.309Z",
            "updated_at": "2025-04-17T03:03:51.309Z",
            "deleted_at": null,
            "theme": "563c1ccc-e1e1-4e36-943b-2e2b91272b12",
            "title": "Kimyo noldan to'plami 52",
            "body": "Misol va masalalarni ishlash",
            "choice": null,
            "video": [],
            "documents": [],
            "photo": []
        }
    },
    {
        "model": "homeworks.homework",
        "pk": "cc85515c-4006-46f0-b030-a9479adfd2f2",
        "fields": {
            "filial": null,
            "created_at": "2025-04-15T18:21:23.671Z",
            "updated_at": "2025-04-15T18:21:23.671Z",
            "deleted_at": null,
            "theme": "906543aa-d4b4-490f-9e79-ac1d4b957485",
            "title": "23-dars vazifasi",
            "body": "Workbook\nEssential words\nNew words\nMaking sentences \nWriting an opinion essay",
            "choice": null,
            "video": [],
            "documents": [],
            "photo": []
        }
    },
    {
        "model": "homeworks.homework",
        "pk": "cd277dec-d26c-4d13-8b61-97397e09254c",
        "fields": {
            "filial": null,
            "created_at": "2025-04-17T03:03:51.196Z",
            "updated_at": "2025-04-17T03:03:51.196Z",
            "deleted_at": null,
            "theme": "51bd65c9-cf13-499e-a2d2-2b550a8186ae",
            "title": "Kimyo noldan to'plami 33",
            "body": "Misol va masalalarni ishlash",
            "choice": null,
            "video": [],
            "documents": [],
            "photo": []
        }
    },
    {
        "model": "homeworks.homework",
        "pk": "d326b9c6-1536-43d4-968f-40e5264d5464",
        "fields": {
            "filial": null,
            "created_at": "2025-04-17T03:03:51.404Z",
            "updated_at": "2025-04-17T03:03:51.405Z",
            "deleted_at": null,
            "theme": "4b730bc7-14e3-44b6-82de-6e969e64a9ca",
            "title": "Kimyo noldan to'plami 70",
            "body": "Misol va masalalarni ishlash",
            "choice": null,
            "video": [],
            "documents": [],
            "photo": []
        }
    },
    {
        "model": "homeworks.homework",
        "pk": "d3f2ab35-9a41-4733-bc12-97f2283f5ab6",
        "fields": {
            "filial": null,
            "created_at": "2025-04-17T03:03:51.390Z",
            "updated_at": "2025-04-17T03:03:51.390Z",
            "deleted_at": null,
            "theme": "9251ed8d-f79e-4172-98fc-2a48a4852bb1",
            "title": "Kimyo noldan to'plami 67",
            "body": "Misol va masalalarni ishlash",
            "choice": null,
            "video": [],
            "documents": [],
            "photo": []
        }
    },
    {
        "model": "homeworks.homework",
        "pk": "d6358084-9ba5-43d6-a0b2-9730336313e8",
        "fields": {
            "filial": null,
            "created_at": "2025-04-17T03:03:51.173Z",
            "updated_at": "2025-04-17T03:03:51.173Z",
            "deleted_at": null,
            "theme": "3a268c90-edfb-449c-b44b-144554571b6d",
            "title": "Kimyo noldan to'plami 29",
            "body": "Misol va masalalarni ishlash",
            "choice": null,
            "video": [],
            "documents": [],
            "photo": []
        }
    },
    {
        "model": "homeworks.homework",
        "pk": "d7c75c60-e1f5-4f74-ab03-39076726ef03",
        "fields": {
            "filial": null,
            "created_at": "2025-04-17T03:03:51.481Z",
            "updated_at": "2025-04-17T03:03:51.481Z",
            "deleted_at": null,
            "theme": "24d2cd8e-1393-45ed-be4c-8f1a21362e5d",
            "title": "Kimyo noldan to'plami 83",
            "body": "Misol va masalalarni ishlash",
            "choice": null,
            "video": [],
            "documents": [],
            "photo": []
        }
    },
    {
        "model": "homeworks.homework",
        "pk": "d90b2e67-d491-4bb6-a2f9-50923ba13c0b",
        "fields": {
            "filial": null,
            "created_at": "2025-04-16T13:54:40.029Z",
            "updated_at": "2025-04-16T13:54:40.030Z",
            "deleted_at": null,
            "theme": "eba28488-7b3a-4b90-9f5b-032945df19db",
            "title": "HOMEWORK FOR LESSON 1",
            "body": "WORKBOOK\nNEW WORDS",
            "choice": null,
            "video": [],
            "documents": [],
            "photo": []
        }
    },
    {
        "model": "homeworks.homework",
        "pk": "db66d344-d1fc-41d5-96a6-3dd6c8033b52",
        "fields": {
            "filial": null,
            "created_at": "2025-04-17T03:03:51.470Z",
            "updated_at": "2025-04-17T03:03:51.471Z",
            "deleted_at": null,
            "theme": "8c60c126-036d-4118-8ce5-fc002f6b09c8",
            "title": "Kimyo noldan to'plami 81",
            "body": "Misol va masalalarni ishlash",
            "choice": null,
            "video": [],
            "documents": [],
            "photo": []
        }
    },
    {
        "model": "homeworks.homework",
        "pk": "df5e7f69-ebc3-4eb7-992d-1a01afc95cbe",
        "fields": {
            "filial": null,
            "created_at": "2025-04-17T03:03:51.108Z",
            "updated_at": "2025-04-17T03:03:51.109Z",
            "deleted_at": null,
            "theme": "806eaf20-5d1d-40f0-a869-e6a6fbd1bb67",
            "title": "Kimyo noldan to'plami 16",
            "body": "Misol va masalalarni ishlash",
            "choice": null,
            "video": [],
            "documents": [],
            "photo": []
        }
    },
    {
        "model": "homeworks.homework",
        "pk": "e1079902-0c35-4469-be9b-2b05b4b76907",
        "fields": {
            "filial": null,
            "created_at": "2025-04-17T03:03:51.517Z",
            "updated_at": "2025-04-17T03:03:51.518Z",
            "deleted_at": null,
            "theme": "f29f60ad-61fc-4c47-b502-b33b20dd6651",
            "title": "Kimyo noldan to'plami 90",
            "body": "Misol va masalalarni ishlash",
            "choice": null,
            "video": [],
            "documents": [],
            "photo": []
        }
    },
    {
        "model": "homeworks.homework",
        "pk": "e1c876a1-c3ad-42d0-b260-33b1c2c97f9b",
        "fields": {
            "filial": null,
            "created_at": "2025-04-16T13:59:24.683Z",
            "updated_at": "2025-04-16T13:59:24.683Z",
            "deleted_at": null,
            "theme": "8efd9eed-c91a-4821-8360-ebcf03763c29",
            "title": "HOMEWORK FOR LESSON 3",
            "body": "Workbook\nVocabulary",
            "choice": null,
            "video": [],
            "documents": [],
            "photo": []
        }
    },
    {
        "model": "homeworks.homework",
        "pk": "e3566a59-03b9-4d2d-a048-bc4502840421",
        "fields": {
            "filial": null,
            "created_at": "2025-04-15T18:23:03.291Z",
            "updated_at": "2025-04-15T18:23:03.291Z",
            "deleted_at": null,
            "theme": "df00cc73-5e91-425d-b0c1-0aa73b6d07fd",
            "title": "24-dars vazifasi",
            "body": "Handouts \nEssential words\nWriting and speaking tasks",
            "choice": null,
            "video": [],
            "documents": [],
            "photo": []
        }
    },
    {
        "model": "homeworks.homework",
        "pk": "e379290c-8141-4325-a045-8ee13a9279a5",
        "fields": {
            "filial": null,
            "created_at": "2025-04-15T18:42:23.665Z",
            "updated_at": "2025-04-15T18:42:23.666Z",
            "deleted_at": null,
            "theme": "549b299d-e347-4e7a-bcd3-a76ed4ced2ba",
            "title": "30-dars vazifasi",
            "body": "Workbook\nEssential words\nNew words\nMaking sentences\nSpeaking and writing tasks ( theme related)",
            "choice": null,
            "video": [],
            "documents": [],
            "photo": []
        }
    },
    {
        "model": "homeworks.homework",
        "pk": "e4d031e8-f8e7-4411-9568-a55a7e3bb8cc",
        "fields": {
            "filial": null,
            "created_at": "2025-04-17T03:03:51.070Z",
            "updated_at": "2025-04-17T03:03:51.070Z",
            "deleted_at": null,
            "theme": "094a35fb-532a-461f-98b4-03f5a630617a",
            "title": "Kimyo noldan to'plami 8",
            "body": "Misol va masalalarni ishlash",
            "choice": null,
            "video": [],
            "documents": [],
            "photo": []
        }
    },
    {
        "model": "homeworks.homework",
        "pk": "e4d64d6c-5704-45b8-a5a0-6f4e46330f7e",
        "fields": {
            "filial": null,
            "created_at": "2025-04-17T03:03:51.257Z",
            "updated_at": "2025-04-17T03:03:51.257Z",
            "deleted_at": null,
            "theme": "52979929-ae71-442e-a8a4-b1806e5c9a31",
            "title": "Kimyo noldan to'plami 42",
            "body": "Misol va masalalarni ishlash",
            "choice": null,
            "video": [],
            "documents": [],
            "photo": []
        }
    },
    {
        "model": "homeworks.homework",
        "pk": "e703115d-adb3-4416-9063-8358b0b6b1ed",
        "fields": {
            "filial": null,
            "created_at": "2025-04-15T18:38:51.630Z",
            "updated_at": "2025-04-15T18:38:51.630Z",
            "deleted_at": null,
            "theme": "5d357a21-2979-4d66-b34a-52fdf3931973",
            "title": "29-dars vazifasi",
            "body": "Workbook\nEssential words\nNew words\nMaking sentences \nTense revision\nHandouts \nWriting task and speaking tasks ( theme related)",
            "choice": null,
            "video": [],
            "documents": [],
            "photo": []
        }
    },
    {
        "model": "homeworks.homework",
        "pk": "e7e14874-1331-4374-8f24-66c46940b318",
        "fields": {
            "filial": null,
            "created_at": "2025-04-17T03:03:51.186Z",
            "updated_at": "2025-04-17T03:03:51.187Z",
            "deleted_at": null,
            "theme": "3d347971-34d3-41f1-bbba-37ff819c4af8",
            "title": "Kimyo noldan to'plami 31",
            "body": "Misol va masalalarni ishlash",
            "choice": null,
            "video": [],
            "documents": [],
            "photo": []
        }
    },
    {
        "model": "homeworks.homework",
        "pk": "e8d424d8-9778-4fd9-9db1-ea075e835a9c",
        "fields": {
            "filial": null,
            "created_at": "2025-04-15T17:19:45.876Z",
            "updated_at": "2025-04-15T17:19:45.876Z",
            "deleted_at": null,
            "theme": "e4a689e8-3834-4ef1-b34b-0b274b70271e",
            "title": "3-dars vazifasi",
            "body": "Workbook\nNew words\nEssential words\nMaking sentences",
            "choice": null,
            "video": [],
            "documents": [],
            "photo": []
        }
    },
    {
        "model": "homeworks.homework",
        "pk": "ec39727e-6b6a-4645-b6f5-cfa48b9b57fa",
        "fields": {
            "filial": null,
            "created_at": "2025-04-17T03:03:51.424Z",
            "updated_at": "2025-04-17T03:03:51.424Z",
            "deleted_at": null,
            "theme": "a3807384-5f46-48c7-bc51-3c3a4080a39d",
            "title": "Kimyo noldan to'plami 74",
            "body": "Misol va masalalarni ishlash",
            "choice": null,
            "video": [],
            "documents": [],
            "photo": []
        }
    },
    {
        "model": "homeworks.homework",
        "pk": "ed0e906f-7d83-481c-9afd-b96f1874c946",
        "fields": {
            "filial": null,
            "created_at": "2025-04-15T17:32:54.434Z",
            "updated_at": "2025-04-15T17:32:54.434Z",
            "deleted_at": null,
            "theme": "bff7985d-d141-4a6f-b91b-609e38b41937",
            "title": "6-dars vazifasi",
            "body": "Workbook\nEssential words\nNew words\nMaking sentences",
            "choice": null,
            "video": [],
            "documents": [],
            "photo": []
        }
    },
    {
        "model": "homeworks.homework",
        "pk": "ed2cfe01-e439-4635-88c8-bc212f6a192c",
        "fields": {
            "filial": null,
            "created_at": "2025-04-17T03:03:51.227Z",
            "updated_at": "2025-04-17T03:03:51.227Z",
            "deleted_at": null,
            "theme": "9f0458af-6d3d-4042-89a6-925b9089e688",
            "title": "Kimyo noldan to'plami 37",
            "body": "Misol va masalalarni ishlash",
            "choice": null,
            "video": [],
            "documents": [],
            "photo": []
        }
    },
    {
        "model": "homeworks.homework",
        "pk": "ed47cbda-d750-4167-b4ab-9af32fbe2a24",
        "fields": {
            "filial": null,
            "created_at": "2025-04-17T03:03:51.242Z",
            "updated_at": "2025-04-17T03:03:51.243Z",
            "deleted_at": null,
            "theme": "d2df5f29-25a5-4818-b81c-7c1dc18ff2e7",
            "title": "Kimyo noldan to'plami 39",
            "body": "Misol va masalalarni ishlash",
            "choice": null,
            "video": [],
            "documents": [],
            "photo": []
        }
    },
    {
        "model": "homeworks.homework",
        "pk": "ed960627-8511-4092-8393-94d12e0c1829",
        "fields": {
            "filial": null,
            "created_at": "2025-04-15T19:02:36.353Z",
            "updated_at": "2025-04-15T19:02:36.353Z",
            "deleted_at": null,
            "theme": "1e7f3e03-ea19-4657-919b-6dc2116748c6",
            "title": "32-dars vazifasi",
            "body": "Workbook / culture 4-5-6\nEssential words \nNew words\nWriting and speaking tasks",
            "choice": null,
            "video": [],
            "documents": [],
            "photo": []
        }
    },
    {
        "model": "homeworks.homework",
        "pk": "ef29d4b6-b738-418c-9f2e-67a0f486164c",
        "fields": {
            "filial": null,
            "created_at": "2025-04-16T00:49:27.797Z",
            "updated_at": "2025-04-16T00:49:27.797Z",
            "deleted_at": null,
            "theme": "bf32c3ad-1c6c-409f-813c-baa0136b86b2",
            "title": "41-dars vazifasi",
            "body": "Essential words\nNew words\nWriting and speaking tasks\nWorkbook",
            "choice": null,
            "video": [],
            "documents": [],
            "photo": []
        }
    },
    {
        "model": "homeworks.homework",
        "pk": "f55c9fab-cb95-458b-8ecb-f174a5556fb5",
        "fields": {
            "filial": null,
            "created_at": "2025-04-17T03:03:51.497Z",
            "updated_at": "2025-04-17T03:03:51.497Z",
            "deleted_at": null,
            "theme": "b192e04e-dffa-4780-95c1-ed8ec2dee2a2",
            "title": "Kimyo noldan to'plami 86",
            "body": "Misol va masalalarni ishlash",
            "choice": null,
            "video": [],
            "documents": [],
            "photo": []
        }
    },
    {
        "model": "homeworks.homework",
        "pk": "f68ddf63-78d8-49ce-a850-809adca9b06c",
        "fields": {
            "filial": null,
            "created_at": "2025-04-15T17:54:31.959Z",
            "updated_at": "2025-04-15T17:54:31.959Z",
            "deleted_at": null,
            "theme": "95df796d-e4a4-4f88-89f9-5f59530b5e40",
            "title": "13-dars vazifasi",
            "body": "Workbook\nMaking sentences \nNew words\nEssential words\nWriting and speaking task (theme related)",
            "choice": null,
            "video": [],
            "documents": [],
            "photo": []
        }
    },
    {
        "model": "homeworks.homework",
        "pk": "f6ccf91c-89be-40df-b087-3224ba04c9d4",
        "fields": {
            "filial": null,
            "created_at": "2025-04-17T03:03:51.046Z",
            "updated_at": "2025-04-17T03:03:51.047Z",
            "deleted_at": null,
            "theme": "e5b7749e-7058-428b-927e-a525e2003695",
            "title": "Kimyo noldan to'plami 3",
            "body": "Misol va masalalarni ishlash",
            "choice": null,
            "video": [],
            "documents": [],
            "photo": []
        }
    },
    {
        "model": "homeworks.homework",
        "pk": "f7a98574-bbd3-4d88-939f-8c6a80ec309c",
        "fields": {
            "filial": null,
            "created_at": "2025-04-17T03:03:51.060Z",
            "updated_at": "2025-04-17T03:03:51.060Z",
            "deleted_at": null,
            "theme": "c474d850-963a-4889-8ef4-69d1bcc46e2c",
            "title": "Kimyo noldan to'plami 6",
            "body": "Misol va masalalarni ishlash",
            "choice": null,
            "video": [],
            "documents": [],
            "photo": []
        }
    },
    {
        "model": "homeworks.homework",
        "pk": "f8f51e8a-6748-43df-80e5-6fff89ce84f4",
        "fields": {
            "filial": null,
            "created_at": "2025-04-17T03:03:51.357Z",
            "updated_at": "2025-04-17T03:03:51.358Z",
            "deleted_at": null,
            "theme": "3d5d1a0e-86f6-432f-b60b-76863bf14cdc",
            "title": "Kimyo noldan to'plami 62",
            "body": "Misol va masalalarni ishlash",
            "choice": null,
            "video": [],
            "documents": [],
            "photo": []
        }
    },
    {
        "model": "homeworks.homework",
        "pk": "fe094c47-71ec-4fd7-ba75-d69805a62577",
        "fields": {
            "filial": null,
            "created_at": "2025-04-15T19:00:27.422Z",
            "updated_at": "2025-04-15T19:00:27.422Z",
            "deleted_at": null,
            "theme": "f16e457f-eaa1-40f0-bb7e-81daa72e5582",
            "title": "31-dars vazifasi",
            "body": "Essential words\nNew words\nWorkbook culture 1-2-3\nSpeaking and writing tasks",
            "choice": null,
            "video": [],
            "documents": [],
            "photo": []
        }
    },
    {
        "model": "homeworks.homework",
        "pk": "ffc99237-a17e-45ac-988d-ed50adb492ef",
        "fields": {
            "filial": null,
            "created_at": "2025-04-17T03:03:51.035Z",
            "updated_at": "2025-04-17T03:03:51.035Z",
            "deleted_at": null,
            "theme": "cf6fb177-fa62-4e6d-808d-524aafc65593",
            "title": "Kimyo noldan to'plami 1",
            "body": "Misol va masalalarni ishlash",
            "choice": null,
            "video": [],
            "documents": [],
            "photo": []
        }
    },
    {
        "model": "homeworks.homework_history",
        "pk": "15365fc3-9bb2-47f3-8d02-674604561186",
        "fields": {
            "filial": null,
            "created_at": "2025-05-21T06:05:12.152Z",
            "updated_at": "2025-05-21T06:05:12.152Z",
            "deleted_at": null,
            "homework": "f6ccf91c-89be-40df-b087-3224ba04c9d4",
            "student": "1666dcfc-cbd8-4bfa-a0af-88661676d31d",
            "status": "Retake",
            "is_active": true,
            "mark": 0,
            "description": "hdhdh"
        }
    },
    {
        "model": "homeworks.homework_history",
        "pk": "1abba130-3d97-49f9-8bce-3c321dcc16dd",
        "fields": {
            "filial": null,
            "created_at": "2025-05-21T05:29:41.702Z",
            "updated_at": "2025-05-21T05:29:41.702Z",
            "deleted_at": null,
            "homework": "f6ccf91c-89be-40df-b087-3224ba04c9d4",
            "student": "7db4cf21-2cc7-4365-9a89-ab891f5ec8c8",
            "status": "Passed",
            "is_active": true,
            "mark": 86,
            "description": null
        }
    },
    {
        "model": "homeworks.homework_history",
        "pk": "5e35b68b-05f2-4999-90d9-09a740dfc31a",
        "fields": {
            "filial": null,
            "created_at": "2025-05-21T05:24:54.741Z",
            "updated_at": "2025-05-21T05:24:54.741Z",
            "deleted_at": null,
            "homework": "ffc99237-a17e-45ac-988d-ed50adb492ef",
            "student": "7db4cf21-2cc7-4365-9a89-ab891f5ec8c8",
            "status": "Failed",
            "is_active": true,
            "mark": 54,
            "description": null
        }
    },
    {
        "model": "homeworks.homework_history",
        "pk": "5f949c06-db53-4b75-ba25-fe02db30f666",
        "fields": {
            "filial": null,
            "created_at": "2025-05-21T05:22:34.746Z",
            "updated_at": "2025-05-21T05:22:34.746Z",
            "deleted_at": null,
            "homework": "ffc99237-a17e-45ac-988d-ed50adb492ef",
            "student": "23873fa2-14f4-4dcd-be7b-f20fc4088934",
            "status": "Passed",
            "is_active": true,
            "mark": 78,
            "description": null
        }
    },
    {
        "model": "homeworks.homework_history",
        "pk": "6f98ae46-f4c9-451a-9d6e-592a94c4e4ff",
        "fields": {
            "filial": null,
            "created_at": "2025-05-21T09:43:13.365Z",
            "updated_at": "2025-05-21T09:43:13.367Z",
            "deleted_at": null,
            "homework": "ffc99237-a17e-45ac-988d-ed50adb492ef",
            "student": "7204d9de-efa0-4922-a013-1baf16f14abf",
            "status": "Passed",
            "is_active": true,
            "mark": 60,
            "description": "the uy"
        }
    },
    {
        "model": "homeworks.homework_history",
        "pk": "71cc408d-19ee-4b75-ade2-22e39b92d734",
        "fields": {
            "filial": null,
            "created_at": "2025-05-21T05:22:12.845Z",
            "updated_at": "2025-05-21T05:22:12.846Z",
            "deleted_at": null,
            "homework": "ffc99237-a17e-45ac-988d-ed50adb492ef",
            "student": "23873fa2-14f4-4dcd-be7b-f20fc4088934",
            "status": "Retake",
            "is_active": true,
            "mark": 0,
            "description": "gtgtgt"
        }
    },
    {
        "model": "homeworks.homework_history",
        "pk": "8cd33e72-34a2-472f-af82-e88942cfa1ac",
        "fields": {
            "filial": null,
            "created_at": "2025-05-21T06:05:18.680Z",
            "updated_at": "2025-05-21T06:05:18.681Z",
            "deleted_at": null,
            "homework": "f6ccf91c-89be-40df-b087-3224ba04c9d4",
            "student": "1666dcfc-cbd8-4bfa-a0af-88661676d31d",
            "status": "Retake",
            "is_active": true,
            "mark": 0,
            "description": "hffhdhfh"
        }
    },
    {
        "model": "homeworks.homework_history",
        "pk": "a7dfcaf4-2925-4520-a0b5-91bda5730c0b",
        "fields": {
            "filial": null,
            "created_at": "2025-05-21T06:05:25.550Z",
            "updated_at": "2025-05-21T06:05:25.550Z",
            "deleted_at": null,
            "homework": "f6ccf91c-89be-40df-b087-3224ba04c9d4",
            "student": "1666dcfc-cbd8-4bfa-a0af-88661676d31d",
            "status": "Failed",
            "is_active": true,
            "mark": 23,
            "description": null
        }
    },
    {
        "model": "homeworks.homework_history",
        "pk": "c0818297-a779-457e-8731-02deb1c2a194",
        "fields": {
            "filial": null,
            "created_at": "2025-05-21T05:34:11.522Z",
            "updated_at": "2025-05-21T05:34:11.522Z",
            "deleted_at": null,
            "homework": "f6ccf91c-89be-40df-b087-3224ba04c9d4",
            "student": "23873fa2-14f4-4dcd-be7b-f20fc4088934",
            "status": "Retake",
            "is_active": true,
            "mark": 0,
            "description": "gttgt"
        }
    },
    {
        "model": "homeworks.homework_history",
        "pk": "e28f7cfe-4179-4d8c-9675-8f61973c8957",
        "fields": {
            "filial": null,
            "created_at": "2025-05-21T05:21:31.845Z",
            "updated_at": "2025-05-21T05:21:31.845Z",
            "deleted_at": null,
            "homework": "ffc99237-a17e-45ac-988d-ed50adb492ef",
            "student": "23873fa2-14f4-4dcd-be7b-f20fc4088934",
            "status": "Retake",
            "is_active": true,
            "mark": 0,
            "description": "qayta topshirishi shart"
        }
    },
    {
        "model": "homeworks.homework_history",
        "pk": "e3ce5f42-793d-4320-a736-eec3d6098ef1",
        "fields": {
            "filial": 1,
            "created_at": "2025-05-20T17:31:48Z",
            "updated_at": "2025-05-20T17:36:14.021Z",
            "deleted_at": null,
            "homework": "1c58bea2-9f38-4dcd-a03b-611bdb871edc",
            "student": "fb629a3d-936e-4d36-88a9-fab7da24f934",
            "status": "Passed",
            "is_active": true,
            "mark": 98,
            "description": "sadfgasdfa"
        }
    },
    {
        "model": "homeworks.homework_history",
        "pk": "e727be0f-4eca-48ee-8fa3-a4238fbbb5aa",
        "fields": {
            "filial": null,
            "created_at": "2025-05-21T09:42:46.515Z",
            "updated_at": "2025-05-21T09:42:46.520Z",
            "deleted_at": null,
            "homework": "ffc99237-a17e-45ac-988d-ed50adb492ef",
            "student": "7204d9de-efa0-4922-a013-1baf16f14abf",
            "status": "Retake",
            "is_active": true,
            "mark": 0,
            "description": "bhjj"
        }
    },
    {
        "model": "homeworks.homework_history",
        "pk": "ef596839-28a6-4e5e-b6e4-eb5ff878e6f3",
        "fields": {
            "filial": null,
            "created_at": "2025-05-21T05:39:16.766Z",
            "updated_at": "2025-05-21T05:39:16.766Z",
            "deleted_at": null,
            "homework": "ffc99237-a17e-45ac-988d-ed50adb492ef",
            "student": "f75c88f5-da75-4360-956d-c59f6e0f8ed2",
            "status": "Passed",
            "is_active": true,
            "mark": 75,
            "description": null
        }
    },
    {
        "model": "homeworks.homework_history",
        "pk": "f853bcef-271e-44b2-b71e-e5871aea6aa9",
        "fields": {
            "filial": null,
            "created_at": "2025-05-21T06:04:57.054Z",
            "updated_at": "2025-05-21T06:04:57.054Z",
            "deleted_at": null,
            "homework": "ffc99237-a17e-45ac-988d-ed50adb492ef",
            "student": "1666dcfc-cbd8-4bfa-a0af-88661676d31d",
            "status": "Passed",
            "is_active": true,
            "mark": 87,
            "description": null
        }
    },
    {
        "model": "homeworks.homework_history",
        "pk": "f9104fa3-bafa-4e9d-b572-0ffe800d10e9",
        "fields": {
            "filial": null,
            "created_at": "2025-05-21T05:39:07.647Z",
            "updated_at": "2025-05-21T05:39:07.648Z",
            "deleted_at": null,
            "homework": "ffc99237-a17e-45ac-988d-ed50adb492ef",
            "student": "f75c88f5-da75-4360-956d-c59f6e0f8ed2",
            "status": "Retake",
            "is_active": true,
            "mark": 0,
            "description": "htth"
        }
    },
    {
        "model": "homeworks.homework_history",
        "pk": "fbcc3f87-cf50-4c3a-90ff-63c04f42ac4f",
        "fields": {
            "filial": null,
            "created_at": "2025-05-21T06:04:48.481Z",
            "updated_at": "2025-05-21T06:04:48.481Z",
            "deleted_at": null,
            "homework": "ffc99237-a17e-45ac-988d-ed50adb492ef",
            "student": "1666dcfc-cbd8-4bfa-a0af-88661676d31d",
            "status": "Retake",
            "is_active": true,
            "mark": 0,
            "description": "gzgshxh"
        }
    },
    {
        "model": "comments.comment",
        "pk": "1d169c9a-a41d-4bc1-80d7-c281be9f2796",
        "fields": {
            "filial": null,
            "created_at": "2025-05-20T17:12:34.542Z",
            "updated_at": "2025-05-20T17:12:34.543Z",
            "deleted_at": null,
            "creator": "0c634ef1-3f99-4acb-9d8d-61c3016ce15b",
            "lid": "73caa115-b212-4f4e-8496-1f7ac9e791ba",
            "student": null,
            "comment": "Sevgi Xati"
        }
    },
    {
        "model": "comments.stuffcomments",
        "pk": "757fb461-82ad-4207-9218-53e31335a736",
        "fields": {
            "filial": null,
            "created_at": "2025-05-21T04:37:31.154Z",
            "updated_at": "2025-05-21T04:37:31.154Z",
            "deleted_at": null,
            "comment": "salom",
            "creator": "0d91d137-d528-4184-be38-fc89981d5074",
            "stuff": "8f648e4e-beb1-4f59-990f-a04408c6a078",
            "is_archived": false
        }
    },
    {
        "model": "upload.file",
        "pk": "2b99ef01-cfe6-4cdc-9032-c42a00b5359a",
        "fields": {
            "filial": null,
            "created_at": "2025-04-21T13:11:05.562Z",
            "updated_at": "2025-04-21T13:11:05.562Z",
            "deleted_at": null,
            "choice": "file",
            "url": null,
            "file": "files/ChatGPT_Image_Apr_14_2025_07_38_43_PM_pmXHMax.png"
        }
    },
    {
        "model": "upload.file",
        "pk": "6b7b2b07-faae-46dc-86d3-080a37eeefe6",
        "fields": {
            "filial": null,
            "created_at": "2025-05-21T04:16:06.208Z",
            "updated_at": "2025-05-21T04:16:06.208Z",
            "deleted_at": null,
            "choice": "file",
            "url": null,
            "file": "files/TIPU.png"
        }
    },
    {
        "model": "upload.file",
        "pk": "72e97ec3-fb91-4521-b586-0c5318e7c211",
        "fields": {
            "filial": null,
            "created_at": "2025-05-21T07:17:34.057Z",
            "updated_at": "2025-05-21T07:17:34.057Z",
            "deleted_at": null,
            "choice": "file",
            "url": null,
            "file": "files/jaklinz.jpg"
        }
    },
    {
        "model": "upload.file",
        "pk": "75ea1cff-751c-41d3-bf05-4d4ac416e557",
        "fields": {
            "filial": null,
            "created_at": "2025-04-14T15:40:27.277Z",
            "updated_at": "2025-04-14T15:40:27.278Z",
            "deleted_at": null,
            "choice": "file",
            "url": null,
            "file": "files/ChatGPT_Image_Apr_14_2025_08_40_15_PM.png"
        }
    },
    {
        "model": "upload.file",
        "pk": "c7d87e73-d9ba-40d8-a2e8-bc019b377ac6",
        "fields": {
            "filial": null,
            "created_at": "2025-04-14T14:40:44.867Z",
            "updated_at": "2025-04-14T14:40:44.868Z",
            "deleted_at": null,
            "choice": "file",
            "url": null,
            "file": "files/ChatGPT_Image_Apr_14_2025_07_40_28_PM.png"
        }
    },
    {
        "model": "upload.file",
        "pk": "d4313555-f377-4b67-8b26-7260c691f7bf",
        "fields": {
            "filial": null,
            "created_at": "2025-04-14T14:36:49.677Z",
            "updated_at": "2025-04-14T14:36:49.677Z",
            "deleted_at": null,
            "choice": "file",
            "url": null,
            "file": "files/CourseSupportIcon_1.svg"
        }
    },
    {
        "model": "upload.file",
        "pk": "e597607c-6553-4878-8963-6752676cd700",
        "fields": {
            "filial": null,
            "created_at": "2025-04-14T14:35:45.002Z",
            "updated_at": "2025-04-14T14:35:45.003Z",
            "deleted_at": null,
            "choice": "file",
            "url": null,
            "file": "files/CourseSupportIcon.svg"
        }
    },
    {
        "model": "filial.filial",
        "pk": 1,
        "fields": {
            "name": "Algoritm",
            "latitude": 0.0,
            "longitude": 0.0,
            "created_at": "2025-04-14T10:34:56.543Z",
            "updated_at": "2025-04-14T10:34:56.543Z"
        }
    },
    {
        "model": "marketing_channel.marketingchannel",
        "pk": "0b3c635f-8164-4a09-ab04-2e9ec58beaad",
        "fields": {
            "filial": null,
            "created_at": "2025-04-12T12:14:13.818Z",
            "updated_at": "2025-04-12T12:14:13.819Z",
            "deleted_at": null,
            "name": "Instagram",
            "type": "#33FF57"
        }
    },
    {
        "model": "marketing_channel.marketingchannel",
        "pk": "19757777-f697-402e-9a16-b0cd30178b3a",
        "fields": {
            "filial": null,
            "created_at": "2025-04-12T12:14:13.858Z",
            "updated_at": "2025-04-12T12:14:13.858Z",
            "deleted_at": null,
            "name": "Reklama bannerlar va doskalari",
            "type": "#E63946"
        }
    },
    {
        "model": "marketing_channel.marketingchannel",
        "pk": "46a71614-e51d-4357-9994-a3384297abc9",
        "fields": {
            "filial": null,
            "created_at": "2025-04-12T12:14:13.838Z",
            "updated_at": "2025-04-12T12:14:13.838Z",
            "deleted_at": null,
            "name": "Olimpiadalar",
            "type": "#00C9A7"
        }
    },
    {
        "model": "marketing_channel.marketingchannel",
        "pk": "47b67471-c552-4aac-8f6c-8a3a61cffade",
        "fields": {
            "filial": null,
            "created_at": "2025-04-12T12:14:13.823Z",
            "updated_at": "2025-04-12T12:14:13.823Z",
            "deleted_at": null,
            "name": "Telegram",
            "type": "#3357FF"
        }
    },
    {
        "model": "marketing_channel.marketingchannel",
        "pk": "680797ce-57ed-44dd-8f9a-795ec2fd54ba",
        "fields": {
            "filial": null,
            "created_at": "2025-04-12T12:14:13.813Z",
            "updated_at": "2025-04-12T12:14:13.814Z",
            "deleted_at": null,
            "name": "Tanishlar orqali",
            "type": "#FF5733"
        }
    },
    {
        "model": "marketing_channel.marketingchannel",
        "pk": "7922b06b-5ebc-4302-b5b8-7d47203fb38f",
        "fields": {
            "filial": null,
            "created_at": "2025-04-12T12:14:13.829Z",
            "updated_at": "2025-04-12T12:14:13.829Z",
            "deleted_at": null,
            "name": "Facebook reklamasi",
            "type": "#F4A261"
        }
    },
    {
        "model": "marketing_channel.marketingchannel",
        "pk": "ada411b7-607f-4029-a077-19866e4ad819",
        "fields": {
            "filial": null,
            "created_at": "2025-04-12T12:14:13.863Z",
            "updated_at": "2025-04-12T12:14:13.864Z",
            "deleted_at": null,
            "name": "Loyihalardan",
            "type": "#FDCB58"
        }
    },
    {
        "model": "marketing_channel.marketingchannel",
        "pk": "b7e63ca8-5099-443e-a291-96c7b7d05123",
        "fields": {
            "filial": null,
            "created_at": "2025-04-12T12:14:13.833Z",
            "updated_at": "2025-04-12T12:14:13.834Z",
            "deleted_at": null,
            "name": "Flayer",
            "type": "#9B5DE5"
        }
    },
    {
        "model": "marketing_channel.group_type",
        "pk": "e0c73df8-c7bd-4351-a720-e6cbfc812a84",
        "fields": {
            "filial": null,
            "created_at": "2025-05-20T12:23:46.193Z",
            "updated_at": "2025-05-20T12:23:46.193Z",
            "deleted_at": null,
            "price_type": "MONTHLY"
        }
    },
    {
        "model": "marketing_channel.group_type",
        "pk": "e4fdaff7-3b2d-4c05-b763-b84e8a0a70c9",
        "fields": {
            "filial": null,
            "created_at": "2025-04-22T13:27:06.635Z",
            "updated_at": "2025-04-22T13:27:06.636Z",
            "deleted_at": null,
            "price_type": "MONTHLY"
        }
    }
]